subj,loc,canonical_loc,source,source_tag,is_tag,is_universal,is_existing,is_alias,costume
CEO,aquarium,aquarium,tag:daily_public,daily_public,1,0,0,0,office_lady
CEO,art_gallery,art_gallery,tag:daily_public,daily_public,1,0,0,0,office_lady
CEO,luxury_bathroom,bedroom_boudoir,tag:luxury,luxury,1,0,0,1,office_lady
CEO,bike_station,bike_station,tag:transit,transit,1,0,0,0,office_lady
CEO,boardroom,boardroom,existing,,0,0,1,0,office_lady
CEO,botanical_garden,botanical_garden,tag:daily_public,daily_public,1,0,0,0,office_lady
CEO,bus_terminal,bus_terminal,tag:transit,transit,1,0,0,0,office_lady
CEO,canal_walkway,canal_walkway,tag:daily_public,daily_public,1,0,0,0,office_lady
CEO,clean_modern_kitchen,clean_modern_kitchen,universal,,0,1,0,0,office_lady
CEO,clinic_waiting_room,clinic_waiting_room,tag:workplace,workplace,1,0,0,0,office_lady
CEO,community_center,community_center,tag:daily_public,daily_public,1,0,0,0,office_lady
CEO,community_theater_backstage,community_theater_backstage,tag:workplace,workplace,1,0,0,0,office_lady
CEO,commuter_transport,commuter_transport,tag:transit,transit,1,0,0,0,office_lady
CEO,coworking_space,coworking_space,tag:workplace,workplace,1,0,0,0,office_lady
CEO,cozy_bookstore,cozy_bookstore,tag:daily_public,daily_public,1,0,0,0,office_lady
CEO,cozy_living_room,cozy_living_room,universal,,0,1,0,0,office_lady
CEO,design_studio,design_studio,tag:workplace,workplace,1,0,0,0,office_lady
CEO,ferry_terminal,ferry_terminal,tag:transit,transit,1,0,0,0,office_lady
CEO,fire_station,fire_station,tag:workplace,workplace,1,0,0,0,office_lady
CEO,greenhouse_nursery,greenhouse_nursery,tag:workplace,workplace,1,0,0,0,office_lady
CEO,illuminated_park,illuminated_park,tag:daily_public,daily_public,1,0,0,0,office_lady
CEO,local_market_street,local_market_street,tag:daily_public,daily_public,1,0,0,0,office_lady
CEO,luxury_hotel_room,luxury_hotel_room,tag:luxury,luxury,1,0,0,0,office_lady
CEO,maker_space,maker_space,tag:workplace,workplace,1,0,0,0,office_lady
CEO,messy_copy_room,messy_copy_room,tag:workplace,workplace,1,0,0,0,office_lady
CEO,modern_office,modern_office,tag:workplace,workplace,1,0,0,0,office_lady
CEO,museum_hall,museum_hall,tag:daily_public,daily_public,1,0,0,0,office_lady
CEO,neighborhood_crosswalk,neighborhood_crosswalk,tag:transit,transit,1,0,0,0,office_lady
CEO,neighborhood_playground,neighborhood_playground,tag:daily_public,daily_public,1,0,0,0,office_lady
CEO,office_elevator,office_elevator,tag:workplace,workplace,1,0,0,0,office_lady
CEO,picnic_park,picnic_park,tag:daily_public,daily_public,1,0,0,0,office_lady
CEO,postal_service_counter,postal_service_counter,tag:workplace,workplace,1,0,0,0,office_lady
CEO,print_shop,print_shop,tag:workplace,workplace,1,0,0,0,office_lady
CEO,public_library_lobby,public_library_lobby,tag:daily_public,daily_public,1,0,0,0,office_lady
CEO,public_plaza,public_plaza,tag:daily_public,daily_public,1,0,0,0,office_lady
CEO,rainy_bus_stop,rainy_alley,tag:transit,transit,1,0,0,1,office_lady
CEO,riverside_walk,riverside_walk,tag:daily_public,daily_public,1,0,0,0,office_lady
CEO,rooftop_cafe,rooftop_cafe,tag:luxury,luxury,1,0,0,0,office_lady
CEO,rural_town_street,rural_town_street,tag:daily_public,daily_public,1,0,0,0,office_lady
CEO,school_library,school_library,tag:daily_public,daily_public,1,0,0,0,office_lady
CEO,shopping_mall_atrium,shopping_mall_atrium,tag:daily_public,daily_public,1,0,0,0,office_lady
CEO,street_cafe,street_cafe,tag:daily_public,daily_public,1,0,0,0,office_lady
CEO,suburban_neighborhood,suburban_neighborhood,tag:daily_public,daily_public,1,0,0,0,office_lady
CEO,subway_ticket_gate,subway_ticket_gate,tag:transit,transit,1,0,0,0,office_lady
CEO,surveillance_room,surveillance_room,tag:workplace,workplace,1,0,0,0,office_lady
CEO,train_station_platform,train_station_platform,tag:transit,transit,1,0,0,0,office_lady
CEO,tram_platform,tram_platform,tag:transit,transit,1,0,0,0,office_lady
CEO,vehicle_repair_garage,vehicle_repair_garage,tag:workplace,workplace,1,0,0,0,office_lady
CEO,winter_street,winter_street,tag:daily_public,daily_public,1,0,0,0,office_lady
after school walker,abandoned_shrine,abandoned_shrine,tag:nature,nature,1,0,0,0,school_uniform
after school walker,antique_shop,antique_shop,tag:retail_service,retail_service,1,0,0,0,school_uniform
after school walker,aquarium,aquarium,tag:leisure,leisure,1,0,0,0,school_uniform
after school walker,art_gallery,art_gallery,tag:leisure,leisure,1,0,0,0,school_uniform
after school walker,bakery_shop,bakery_shop,tag:retail_service,retail_service,1,0,0,0,school_uniform
after school walker,bamboo_forest,bamboo_forest,tag:nature,nature,1,0,0,0,school_uniform
after school walker,bedroom_boudoir,bedroom_boudoir,universal,,0,1,0,0,school_uniform
after school walker,bike_station,bike_station,tag:transit,transit,1,0,0,0,school_uniform
after school walker,botanical_garden,botanical_garden,tag:leisure,leisure,1,0,0,0,school_uniform
after school walker,bus_terminal,bus_terminal,tag:transit,transit,1,0,0,0,school_uniform
after school walker,campus_cafeteria,campus_cafeteria,tag:school,school,1,0,0,0,school_uniform
after school walker,campus_hallway,campus_hallway,tag:school,school,1,0,0,0,school_uniform
after school walker,canal_walkway,canal_walkway,tag:daily_public,daily_public,1,0,0,0,school_uniform
after school walker,cinema_lobby,cinema_lobby,tag:leisure,leisure,1,0,0,0,school_uniform
after school walker,clean_modern_kitchen,clean_modern_kitchen,universal,,0,1,0,0,school_uniform
after school walker,clinic_waiting_room,clinic_waiting_room,tag:quiet_indoor,quiet_indoor,1,0,0,0,school_uniform
after school walker,community_center,community_center,tag:daily_public,daily_public,1,0,0,0,school_uniform
after school walker,community_garden,community_garden,tag:nature,nature,1,0,0,0,school_uniform
after school walker,community_theater_backstage,community_theater_backstage,tag:leisure,leisure,1,0,0,0,school_uniform
after school walker,commuter_transport,commuter_transport,tag:transit,transit,1,0,0,0,school_uniform
after school walker,concert_stage,concert_stage,tag:leisure,leisure,1,0,0,0,school_uniform
after school walker,convenience_store,convenience_store,tag:retail_service,retail_service,1,0,0,0,school_uniform
after school walker,cozy_bookstore,cozy_bookstore,tag:retail_service,retail_service,1,0,0,0,school_uniform
after school walker,cozy_living_room,cozy_living_room,universal,,0,1,0,0,school_uniform
after school walker,design_studio,design_studio,tag:quiet_indoor,quiet_indoor,1,0,0,0,school_uniform
after school walker,drugstore_aisle,drugstore_aisle,tag:retail_service,retail_service,1,0,0,0,school_uniform
after school walker,enchanted_lake,enchanted_lake,tag:nature,nature,1,0,0,0,school_uniform
after school walker,family_restaurant,family_restaurant,tag:retail_service,retail_service,1,0,0,0,school_uniform
after school walker,fantasy_forest,fantasy_forest,tag:nature,nature,1,0,0,0,school_uniform
after school walker,fashion_boutique,fashion_boutique,tag:retail_service,retail_service,1,0,0,0,school_uniform
after school walker,ferry_terminal,ferry_terminal,tag:transit,transit,1,0,0,0,school_uniform
after school walker,fire_station,fire_station,tag:daily_public,daily_public,1,0,0,0,school_uniform
after school walker,fitness_gym,fitness_gym,tag:leisure,leisure,1,0,0,0,school_uniform
after school walker,flower_market,flower_market,tag:retail_service,retail_service,1,0,0,0,school_uniform
after school walker,food_court,food_court,tag:leisure,leisure,1,0,0,0,school_uniform
after school walker,forest_cabin,forest_cabin,tag:nature,nature,1,0,0,0,school_uniform
after school walker,game_arcade,game_arcade,tag:leisure,leisure,1,0,0,0,school_uniform
after school walker,greenhouse_nursery,greenhouse_nursery,tag:retail_service,retail_service,1,0,0,0,school_uniform
after school walker,illuminated_park,illuminated_park,tag:daily_public,daily_public,1,0,0,0,school_uniform
after school walker,japanese_garden,japanese_garden,tag:nature,nature,1,0,0,0,school_uniform
after school walker,karaoke_bar,karaoke_bar,tag:leisure,leisure,1,0,0,0,school_uniform
after school walker,local_market_street,local_market_street,tag:retail_service,retail_service,1,0,0,0,school_uniform
after school walker,luxury_hotel_lobby,luxury_hotel_lobby,tag:leisure,leisure,1,0,0,0,school_uniform
after school walker,luxury_hotel_room,luxury_hotel_room,tag:leisure,leisure,1,0,0,0,school_uniform
after school walker,mountain_resort,mountain_resort,tag:leisure,leisure,1,0,0,0,school_uniform
after school walker,museum_hall,museum_hall,tag:leisure,leisure,1,0,0,0,school_uniform
after school walker,neighborhood_crosswalk,neighborhood_crosswalk,tag:transit,transit,1,0,0,0,school_uniform
after school walker,neighborhood_playground,neighborhood_playground,tag:daily_public,daily_public,1,0,0,0,school_uniform
after school walker,observatory_dome,observatory_dome,tag:leisure,leisure,1,0,0,0,school_uniform
after school walker,opera_house,opera_house,tag:leisure,leisure,1,0,0,0,school_uniform
after school walker,picnic_park,picnic_park,tag:daily_public,daily_public,1,0,0,0,school_uniform
after school walker,poolside_resort,poolside_resort,tag:leisure,leisure,1,0,0,0,school_uniform
after school walker,postal_service_counter,postal_service_counter,tag:retail_service,retail_service,1,0,0,0,school_uniform
after school walker,print_shop,print_shop,tag:retail_service,retail_service,1,0,0,0,school_uniform
after school walker,public_library_lobby,public_library_lobby,tag:quiet_indoor,quiet_indoor,1,0,0,0,school_uniform
after school walker,public_plaza,public_plaza,tag:leisure,leisure,1,0,0,0,school_uniform
after school walker,rainy_bus_stop,rainy_alley,tag:transit,transit,1,0,0,1,school_uniform
after school walker,recording_studio,recording_studio,tag:leisure,leisure,1,0,0,0,school_uniform
after school walker,riverside_walk,riverside_walk,tag:daily_public,daily_public,1,0,0,0,school_uniform
after school walker,rooftop_cafe,rooftop_cafe,tag:leisure,leisure,1,0,0,0,school_uniform
after school walker,rural_town_street,rural_town_street,tag:daily_public,daily_public,1,0,0,0,school_uniform
after school walker,school_classroom,school_classroom,tag:school,school,1,0,0,0,school_uniform
after school walker,school_clubroom,school_clubroom,tag:quiet_indoor,quiet_indoor,1,0,0,0,school_uniform
after school walker,school_gym_hall,school_gym_hall,tag:school,school,1,0,0,0,school_uniform
after school walker,school_library,school_library,tag:quiet_indoor,quiet_indoor,1,0,0,0,school_uniform
after school walker,school_rooftop,school_rooftop,tag:school,school,1,0,0,0,school_uniform
after school walker,shinto_shrine,shinto_shrine,tag:nature,nature,1,0,0,0,school_uniform
after school walker,shopping_arcade,shopping_arcade,tag:retail_service,retail_service,1,0,0,0,school_uniform
after school walker,shopping_mall_atrium,shopping_mall_atrium,tag:retail_service,retail_service,1,0,0,0,school_uniform
after school walker,stadium_court,stadium_court,tag:leisure,leisure,1,0,0,0,school_uniform
after school walker,street_cafe,street_cafe,tag:retail_service,retail_service,1,0,0,0,school_uniform
after school walker,suburban_neighborhood,suburban_neighborhood,tag:daily_public,daily_public,1,0,0,0,school_uniform
after school walker,subway_ticket_gate,subway_ticket_gate,tag:transit,transit,1,0,0,0,school_uniform
after school walker,supermarket_aisle,supermarket_aisle,tag:retail_service,retail_service,1,0,0,0,school_uniform
after school walker,tea_room,tea_room,tag:quiet_indoor,quiet_indoor,1,0,0,0,school_uniform
after school walker,train_station_platform,train_station_platform,tag:transit,transit,1,0,0,0,school_uniform
after school walker,tram_platform,tram_platform,tag:transit,transit,1,0,0,0,school_uniform
after school walker,tropical_beach,tropical_beach,tag:leisure,leisure,1,0,0,0,school_uniform
after school walker,underground_bar,underground_bar,tag:leisure,leisure,1,0,0,0,school_uniform
after school walker,university_campus_courtyard,university_campus_courtyard,tag:school,school,1,0,0,0,school_uniform
after school walker,wave_barrel,wave_barrel,tag:leisure,leisure,1,0,0,0,school_uniform
after school walker,winter_street,winter_street,tag:daily_public,daily_public,1,0,0,0,school_uniform
after school walker,yoga_studio,yoga_studio,tag:leisure,leisure,1,0,0,0,school_uniform
after work shopper,antique_shop,antique_shop,tag:retail_service,retail_service,1,0,0,0,office_lady
after work shopper,aquarium,aquarium,tag:leisure,leisure,1,0,0,0,office_lady
after work shopper,art_gallery,art_gallery,tag:leisure,leisure,1,0,0,0,office_lady
after work shopper,bakery_shop,bakery_shop,tag:retail_service,retail_service,1,0,0,0,office_lady
after work shopper,bedroom_boudoir,bedroom_boudoir,universal,,0,1,0,0,office_lady
after work shopper,bike_station,bike_station,tag:transit,transit,1,0,0,0,office_lady
after work shopper,boardroom,boardroom,tag:workplace,workplace,1,0,0,0,office_lady
after work shopper,botanical_garden,botanical_garden,tag:leisure,leisure,1,0,0,0,office_lady
after work shopper,bus_terminal,bus_terminal,tag:transit,transit,1,0,0,0,office_lady
after work shopper,canal_walkway,canal_walkway,tag:daily_public,daily_public,1,0,0,0,office_lady
after work shopper,cinema_lobby,cinema_lobby,tag:leisure,leisure,1,0,0,0,office_lady
after work shopper,clean_modern_kitchen,clean_modern_kitchen,universal,,0,1,0,0,office_lady
after work shopper,clinic_waiting_room,clinic_waiting_room,tag:workplace,workplace,1,0,0,0,office_lady
after work shopper,community_center,community_center,tag:daily_public,daily_public,1,0,0,0,office_lady
after work shopper,community_garden,community_garden,tag:suburban,suburban,1,0,0,0,office_lady
after work shopper,community_theater_backstage,community_theater_backstage,tag:leisure,leisure,1,0,0,0,office_lady
after work shopper,commuter_transport,commuter_transport,tag:transit,transit,1,0,0,0,office_lady
after work shopper,concert_stage,concert_stage,tag:leisure,leisure,1,0,0,0,office_lady
after work shopper,convenience_store,convenience_store,tag:retail_service,retail_service,1,0,0,0,office_lady
after work shopper,coworking_space,coworking_space,tag:workplace,workplace,1,0,0,0,office_lady
after work shopper,cozy_bookstore,cozy_bookstore,tag:retail_service,retail_service,1,0,0,0,office_lady
after work shopper,cozy_living_room,cozy_living_room,universal,,0,1,0,0,office_lady
after work shopper,neon_city_street,cyberpunk_street,tag:urban,urban,1,0,0,1,office_lady
after work shopper,design_studio,design_studio,tag:workplace,workplace,1,0,0,0,office_lady
after work shopper,drugstore_aisle,drugstore_aisle,tag:retail_service,retail_service,1,0,0,0,office_lady
after work shopper,family_restaurant,family_restaurant,tag:retail_service,retail_service,1,0,0,0,office_lady
after work shopper,fashion_boutique,fashion_boutique,tag:retail_service,retail_service,1,0,0,0,office_lady
after work shopper,ferry_terminal,ferry_terminal,tag:transit,transit,1,0,0,0,office_lady
after work shopper,fire_station,fire_station,tag:workplace,workplace,1,0,0,0,office_lady
after work shopper,fitness_gym,fitness_gym,tag:leisure,leisure,1,0,0,0,office_lady
after work shopper,flower_market,flower_market,tag:retail_service,retail_service,1,0,0,0,office_lady
after work shopper,food_court,food_court,tag:leisure,leisure,1,0,0,0,office_lady
after work shopper,game_arcade,game_arcade,tag:leisure,leisure,1,0,0,0,office_lady
after work shopper,greenhouse_nursery,greenhouse_nursery,tag:retail_service,retail_service,1,0,0,0,office_lady
after work shopper,illuminated_park,illuminated_park,tag:daily_public,daily_public,1,0,0,0,office_lady
after work shopper,karaoke_bar,karaoke_bar,tag:leisure,leisure,1,0,0,0,office_lady
after work shopper,local_market_street,local_market_street,tag:retail_service,retail_service,1,0,0,0,office_lady
after work shopper,luxury_hotel_lobby,luxury_hotel_lobby,tag:leisure,leisure,1,0,0,0,office_lady
after work shopper,luxury_hotel_room,luxury_hotel_room,tag:leisure,leisure,1,0,0,0,office_lady
after work shopper,maker_space,maker_space,tag:workplace,workplace,1,0,0,0,office_lady
after work shopper,messy_copy_room,messy_copy_room,tag:workplace,workplace,1,0,0,0,office_lady
after work shopper,modern_office,modern_office,tag:workplace,workplace,1,0,0,0,office_lady
after work shopper,mountain_resort,mountain_resort,tag:leisure,leisure,1,0,0,0,office_lady
after work shopper,museum_hall,museum_hall,tag:leisure,leisure,1,0,0,0,office_lady
after work shopper,neighborhood_crosswalk,neighborhood_crosswalk,tag:transit,transit,1,0,0,0,office_lady
after work shopper,neighborhood_playground,neighborhood_playground,tag:daily_public,daily_public,1,0,0,0,office_lady
after work shopper,observatory_dome,observatory_dome,tag:leisure,leisure,1,0,0,0,office_lady
after work shopper,office_elevator,office_elevator,tag:workplace,workplace,1,0,0,0,office_lady
after work shopper,opera_house,opera_house,tag:leisure,leisure,1,0,0,0,office_lady
after work shopper,picnic_park,picnic_park,tag:daily_public,daily_public,1,0,0,0,office_lady
after work shopper,poolside_resort,poolside_resort,tag:leisure,leisure,1,0,0,0,office_lady
after work shopper,postal_service_counter,postal_service_counter,tag:retail_service,retail_service,1,0,0,0,office_lady
after work shopper,print_shop,print_shop,tag:retail_service,retail_service,1,0,0,0,office_lady
after work shopper,public_library_lobby,public_library_lobby,tag:daily_public,daily_public,1,0,0,0,office_lady
after work shopper,public_plaza,public_plaza,tag:leisure,leisure,1,0,0,0,office_lady
after work shopper,rainy_bus_stop,rainy_alley,tag:transit,transit,1,0,0,1,office_lady
after work shopper,recording_studio,recording_studio,tag:leisure,leisure,1,0,0,0,office_lady
after work shopper,riverside_walk,riverside_walk,tag:daily_public,daily_public,1,0,0,0,office_lady
after work shopper,rooftop_cafe,rooftop_cafe,tag:leisure,leisure,1,0,0,0,office_lady
after work shopper,rural_town_street,rural_town_street,tag:daily_public,daily_public,1,0,0,0,office_lady
after work shopper,school_library,school_library,tag:daily_public,daily_public,1,0,0,0,office_lady
after work shopper,shopping_arcade,shopping_arcade,tag:retail_service,retail_service,1,0,0,0,office_lady
after work shopper,shopping_mall_atrium,shopping_mall_atrium,tag:retail_service,retail_service,1,0,0,0,office_lady
after work shopper,stadium_court,stadium_court,tag:leisure,leisure,1,0,0,0,office_lady
after work shopper,street_cafe,street_cafe,tag:retail_service,retail_service,1,0,0,0,office_lady
after work shopper,suburban_neighborhood,suburban_neighborhood,tag:daily_public,daily_public,1,0,0,0,office_lady
after work shopper,subway_ticket_gate,subway_ticket_gate,tag:transit,transit,1,0,0,0,office_lady
after work shopper,supermarket_aisle,supermarket_aisle,tag:retail_service,retail_service,1,0,0,0,office_lady
after work shopper,surveillance_room,surveillance_room,tag:workplace,workplace,1,0,0,0,office_lady
after work shopper,train_station_platform,train_station_platform,tag:transit,transit,1,0,0,0,office_lady
after work shopper,tram_platform,tram_platform,tag:transit,transit,1,0,0,0,office_lady
after work shopper,tropical_beach,tropical_beach,tag:leisure,leisure,1,0,0,0,office_lady
after work shopper,underground_bar,underground_bar,tag:leisure,leisure,1,0,0,0,office_lady
after work shopper,vehicle_repair_garage,vehicle_repair_garage,tag:workplace,workplace,1,0,0,0,office_lady
after work shopper,wave_barrel,wave_barrel,tag:leisure,leisure,1,0,0,0,office_lady
after work shopper,winter_street,winter_street,tag:daily_public,daily_public,1,0,0,0,office_lady
after work shopper,yoga_studio,yoga_studio,tag:leisure,leisure,1,0,0,0,office_lady
afternoon reader,aquarium,aquarium,tag:leisure,leisure,1,0,0,0,cozy_cafe
afternoon reader,art_gallery,art_gallery,tag:leisure,leisure,1,0,0,0,cozy_cafe
afternoon reader,bakery_shop,bakery_shop,tag:retail_service,retail_service,1,0,0,0,cozy_cafe
afternoon reader,bedroom_boudoir,bedroom_boudoir,universal,,0,1,0,0,cozy_cafe
afternoon reader,bike_station,bike_station,tag:daily_public,daily_public,1,0,0,0,cozy_cafe
afternoon reader,botanical_garden,botanical_garden,tag:leisure,leisure,1,0,0,0,cozy_cafe
afternoon reader,bus_terminal,bus_terminal,tag:daily_public,daily_public,1,0,0,0,cozy_cafe
afternoon reader,canal_walkway,canal_walkway,tag:daily_public,daily_public,1,0,0,0,cozy_cafe
afternoon reader,cinema_lobby,cinema_lobby,tag:leisure,leisure,1,0,0,0,cozy_cafe
afternoon reader,clean_modern_kitchen,clean_modern_kitchen,universal,,0,1,0,0,cozy_cafe
afternoon reader,clinic_waiting_room,clinic_waiting_room,tag:daily_public,daily_public,1,0,0,0,cozy_cafe
afternoon reader,community_center,community_center,tag:daily_public,daily_public,1,0,0,0,cozy_cafe
afternoon reader,community_garden,community_garden,tag:suburban,suburban,1,0,0,0,cozy_cafe
afternoon reader,community_theater_backstage,community_theater_backstage,tag:leisure,leisure,1,0,0,0,cozy_cafe
afternoon reader,commuter_transport,commuter_transport,tag:daily_public,daily_public,1,0,0,0,cozy_cafe
afternoon reader,concert_stage,concert_stage,tag:leisure,leisure,1,0,0,0,cozy_cafe
afternoon reader,convenience_store,convenience_store,tag:retail_service,retail_service,1,0,0,0,cozy_cafe
afternoon reader,cozy_bookstore,cozy_bookstore,existing,,0,0,1,0,cozy_cafe
afternoon reader,cozy_living_room,cozy_living_room,universal,,0,1,0,0,cozy_cafe
afternoon reader,neon_city_street,cyberpunk_street,tag:urban,urban,1,0,0,1,cozy_cafe
afternoon reader,drugstore_aisle,drugstore_aisle,tag:retail_service,retail_service,1,0,0,0,cozy_cafe
afternoon reader,family_restaurant,family_restaurant,tag:retail_service,retail_service,1,0,0,0,cozy_cafe
afternoon reader,fashion_boutique,fashion_boutique,tag:retail_service,retail_service,1,0,0,0,cozy_cafe
afternoon reader,ferry_terminal,ferry_terminal,tag:daily_public,daily_public,1,0,0,0,cozy_cafe
afternoon reader,fire_station,fire_station,tag:daily_public,daily_public,1,0,0,0,cozy_cafe
afternoon reader,fitness_gym,fitness_gym,tag:leisure,leisure,1,0,0,0,cozy_cafe
afternoon reader,flower_market,flower_market,tag:retail_service,retail_service,1,0,0,0,cozy_cafe
afternoon reader,food_court,food_court,tag:leisure,leisure,1,0,0,0,cozy_cafe
afternoon reader,game_arcade,game_arcade,tag:leisure,leisure,1,0,0,0,cozy_cafe
afternoon reader,greenhouse_nursery,greenhouse_nursery,tag:retail_service,retail_service,1,0,0,0,cozy_cafe
afternoon reader,illuminated_park,illuminated_park,tag:daily_public,daily_public,1,0,0,0,cozy_cafe
afternoon reader,karaoke_bar,karaoke_bar,tag:leisure,leisure,1,0,0,0,cozy_cafe
afternoon reader,local_market_street,local_market_street,tag:retail_service,retail_service,1,0,0,0,cozy_cafe
afternoon reader,luxury_hotel_lobby,luxury_hotel_lobby,tag:leisure,leisure,1,0,0,0,cozy_cafe
afternoon reader,luxury_hotel_room,luxury_hotel_room,tag:leisure,leisure,1,0,0,0,cozy_cafe
afternoon reader,mountain_resort,mountain_resort,tag:leisure,leisure,1,0,0,0,cozy_cafe
afternoon reader,museum_hall,museum_hall,tag:leisure,leisure,1,0,0,0,cozy_cafe
afternoon reader,neighborhood_crosswalk,neighborhood_crosswalk,tag:daily_public,daily_public,1,0,0,0,cozy_cafe
afternoon reader,neighborhood_playground,neighborhood_playground,tag:daily_public,daily_public,1,0,0,0,cozy_cafe
afternoon reader,observatory_dome,observatory_dome,tag:leisure,leisure,1,0,0,0,cozy_cafe
afternoon reader,opera_house,opera_house,tag:leisure,leisure,1,0,0,0,cozy_cafe
afternoon reader,picnic_park,picnic_park,tag:daily_public,daily_public,1,0,0,0,cozy_cafe
afternoon reader,poolside_resort,poolside_resort,tag:leisure,leisure,1,0,0,0,cozy_cafe
afternoon reader,postal_service_counter,postal_service_counter,tag:retail_service,retail_service,1,0,0,0,cozy_cafe
afternoon reader,print_shop,print_shop,tag:retail_service,retail_service,1,0,0,0,cozy_cafe
afternoon reader,public_library_lobby,public_library_lobby,tag:daily_public,daily_public,1,0,0,0,cozy_cafe
afternoon reader,public_plaza,public_plaza,tag:leisure,leisure,1,0,0,0,cozy_cafe
afternoon reader,rainy_bus_stop,rainy_alley,tag:daily_public,daily_public,1,0,0,1,cozy_cafe
afternoon reader,recording_studio,recording_studio,tag:leisure,leisure,1,0,0,0,cozy_cafe
afternoon reader,riverside_walk,riverside_walk,tag:daily_public,daily_public,1,0,0,0,cozy_cafe
afternoon reader,rooftop_cafe,rooftop_cafe,tag:leisure,leisure,1,0,0,0,cozy_cafe
afternoon reader,rural_town_street,rural_town_street,tag:daily_public,daily_public,1,0,0,0,cozy_cafe
afternoon reader,school_library,school_library,existing,,0,0,1,0,cozy_cafe
afternoon reader,shopping_arcade,shopping_arcade,tag:retail_service,retail_service,1,0,0,0,cozy_cafe
afternoon reader,shopping_mall_atrium,shopping_mall_atrium,tag:retail_service,retail_service,1,0,0,0,cozy_cafe
afternoon reader,stadium_court,stadium_court,tag:leisure,leisure,1,0,0,0,cozy_cafe
afternoon reader,street_cafe,street_cafe,tag:retail_service,retail_service,1,0,0,0,cozy_cafe
afternoon reader,suburban_neighborhood,suburban_neighborhood,tag:daily_public,daily_public,1,0,0,0,cozy_cafe
afternoon reader,subway_ticket_gate,subway_ticket_gate,tag:urban,urban,1,0,0,0,cozy_cafe
afternoon reader,supermarket_aisle,supermarket_aisle,tag:retail_service,retail_service,1,0,0,0,cozy_cafe
afternoon reader,train_station_platform,train_station_platform,tag:urban,urban,1,0,0,0,cozy_cafe
afternoon reader,tram_platform,tram_platform,tag:daily_public,daily_public,1,0,0,0,cozy_cafe
afternoon reader,tropical_beach,tropical_beach,tag:leisure,leisure,1,0,0,0,cozy_cafe
afternoon reader,underground_bar,underground_bar,tag:leisure,leisure,1,0,0,0,cozy_cafe
afternoon reader,vehicle_repair_garage,vehicle_repair_garage,tag:urban,urban,1,0,0,0,cozy_cafe
afternoon reader,wave_barrel,wave_barrel,tag:leisure,leisure,1,0,0,0,cozy_cafe
afternoon reader,winter_street,winter_street,tag:daily_public,daily_public,1,0,0,0,cozy_cafe
afternoon reader,yoga_studio,yoga_studio,tag:leisure,leisure,1,0,0,0,cozy_cafe
airship captain,airship_deck,airship_deck,existing,,0,0,1,0,steampunk
airship captain,alien_planet,alien_planet,tag:scifi,scifi,1,0,0,0,steampunk
airship captain,antique_shop,antique_shop,tag:craft,craft,1,0,0,0,steampunk
airship captain,aquarium,aquarium,universal,,0,1,0,0,steampunk
airship captain,art_gallery,art_gallery,universal,,0,1,0,0,steampunk
airship captain,bedroom_boudoir,bedroom_boudoir,universal,,0,1,0,0,steampunk
airship captain,botanical_garden,botanical_garden,universal,,0,1,0,0,steampunk
airship captain,clean_modern_kitchen,clean_modern_kitchen,universal,,0,1,0,0,steampunk
airship captain,clockwork_workshop,clockwork_workshop,tag:craft,craft,1,0,0,0,steampunk
airship captain,commuter_transport,commuter_transport,universal,,0,1,0,0,steampunk
airship captain,cozy_bookstore,cozy_bookstore,universal,,0,1,0,0,steampunk
airship captain,cozy_living_room,cozy_living_room,universal,,0,1,0,0,steampunk
airship captain,cyber_lab,cyber_lab,tag:scifi,scifi,1,0,0,0,steampunk
airship captain,neon_city_street,cyberpunk_street,tag:scifi,scifi,1,0,0,1,steampunk
airship captain,design_studio,design_studio,tag:craft,craft,1,0,0,0,steampunk
airship captain,high_tech_medbay,high_tech_medbay,tag:scifi,scifi,1,0,0,0,steampunk
airship captain,illuminated_park,illuminated_park,universal,,0,1,0,0,steampunk
airship captain,maker_space,maker_space,tag:craft,craft,1,0,0,0,steampunk
airship captain,messy_copy_room,messy_copy_room,tag:craft,craft,1,0,0,0,steampunk
airship captain,museum_hall,museum_hall,universal,,0,1,0,0,steampunk
airship captain,observatory_dome,observatory_dome,tag:scifi,scifi,1,0,0,0,steampunk
airship captain,picnic_park,picnic_park,universal,,0,1,0,0,steampunk
airship captain,rainy_bus_stop,rainy_alley,universal,,0,1,0,1,steampunk
airship captain,rural_town_street,rural_town_street,universal,,0,1,0,0,steampunk
airship captain,school_library,school_library,universal,,0,1,0,0,steampunk
airship captain,shopping_mall_atrium,shopping_mall_atrium,universal,,0,1,0,0,steampunk
airship captain,spaceship_bridge,spaceship_bridge,tag:scifi,scifi,1,0,0,0,steampunk
airship captain,starship_quarters,starship_quarters,tag:scifi,scifi,1,0,0,0,steampunk
airship captain,street_cafe,street_cafe,universal,,0,1,0,0,steampunk
airship captain,suburban_neighborhood,suburban_neighborhood,universal,,0,1,0,0,steampunk
airship captain,vehicle_repair_garage,vehicle_repair_garage,tag:craft,craft,1,0,0,0,steampunk
airship captain,winter_street,winter_street,universal,,0,1,0,0,steampunk
apartment neighbor,apartment_balcony,apartment_balcony,tag:domestic,domestic,1,0,0,0,room_loungewear
apartment neighbor,apartment_entryway,apartment_entryway,tag:domestic,domestic,1,0,0,0,room_loungewear
apartment neighbor,aquarium,aquarium,tag:daily_public,daily_public,1,0,0,0,room_loungewear
apartment neighbor,art_gallery,art_gallery,tag:daily_public,daily_public,1,0,0,0,room_loungewear
apartment neighbor,bedroom_boudoir,bedroom_boudoir,tag:domestic,domestic,1,0,0,0,room_loungewear
apartment neighbor,bike_station,bike_station,tag:daily_public,daily_public,1,0,0,0,room_loungewear
apartment neighbor,botanical_garden,botanical_garden,tag:daily_public,daily_public,1,0,0,0,room_loungewear
apartment neighbor,bus_terminal,bus_terminal,tag:daily_public,daily_public,1,0,0,0,room_loungewear
apartment neighbor,canal_walkway,canal_walkway,tag:daily_public,daily_public,1,0,0,0,room_loungewear
apartment neighbor,clean_modern_kitchen,clean_modern_kitchen,tag:domestic,domestic,1,0,0,0,room_loungewear
apartment neighbor,clinic_waiting_room,clinic_waiting_room,tag:daily_public,daily_public,1,0,0,0,room_loungewear
apartment neighbor,community_center,community_center,tag:daily_public,daily_public,1,0,0,0,room_loungewear
apartment neighbor,community_garden,community_garden,tag:domestic,domestic,1,0,0,0,room_loungewear
apartment neighbor,commuter_transport,commuter_transport,tag:daily_public,daily_public,1,0,0,0,room_loungewear
apartment neighbor,cozy_bookstore,cozy_bookstore,tag:daily_public,daily_public,1,0,0,0,room_loungewear
apartment neighbor,cozy_living_room,cozy_living_room,tag:domestic,domestic,1,0,0,0,room_loungewear
apartment neighbor,ferry_terminal,ferry_terminal,tag:daily_public,daily_public,1,0,0,0,room_loungewear
apartment neighbor,fire_station,fire_station,tag:daily_public,daily_public,1,0,0,0,room_loungewear
apartment neighbor,forest_cabin,forest_cabin,tag:domestic,domestic,1,0,0,0,room_loungewear
apartment neighbor,illuminated_park,illuminated_park,tag:daily_public,daily_public,1,0,0,0,room_loungewear
apartment neighbor,laundromat,laundromat,tag:domestic,domestic,1,0,0,0,room_loungewear
apartment neighbor,local_market_street,local_market_street,tag:daily_public,daily_public,1,0,0,0,room_loungewear
apartment neighbor,museum_hall,museum_hall,tag:daily_public,daily_public,1,0,0,0,room_loungewear
apartment neighbor,neighborhood_crosswalk,neighborhood_crosswalk,tag:daily_public,daily_public,1,0,0,0,room_loungewear
apartment neighbor,neighborhood_playground,neighborhood_playground,tag:daily_public,daily_public,1,0,0,0,room_loungewear
apartment neighbor,picnic_park,picnic_park,tag:daily_public,daily_public,1,0,0,0,room_loungewear
apartment neighbor,postal_service_counter,postal_service_counter,tag:daily_public,daily_public,1,0,0,0,room_loungewear
apartment neighbor,public_library_lobby,public_library_lobby,tag:daily_public,daily_public,1,0,0,0,room_loungewear
apartment neighbor,public_plaza,public_plaza,tag:daily_public,daily_public,1,0,0,0,room_loungewear
apartment neighbor,rainy_bus_stop,rainy_alley,tag:daily_public,daily_public,1,0,0,1,room_loungewear
apartment neighbor,riverside_walk,riverside_walk,tag:daily_public,daily_public,1,0,0,0,room_loungewear
apartment neighbor,rooftop_laundry_area,rooftop_laundry_area,tag:domestic,domestic,1,0,0,0,room_loungewear
apartment neighbor,rural_town_street,rural_town_street,tag:daily_public,daily_public,1,0,0,0,room_loungewear
apartment neighbor,school_library,school_library,tag:daily_public,daily_public,1,0,0,0,room_loungewear
apartment neighbor,shopping_mall_atrium,shopping_mall_atrium,tag:daily_public,daily_public,1,0,0,0,room_loungewear
apartment neighbor,street_cafe,street_cafe,tag:daily_public,daily_public,1,0,0,0,room_loungewear
apartment neighbor,suburban_neighborhood,suburban_neighborhood,tag:daily_public,daily_public,1,0,0,0,room_loungewear
apartment neighbor,tram_platform,tram_platform,tag:daily_public,daily_public,1,0,0,0,room_loungewear
apartment neighbor,winter_street,winter_street,tag:daily_public,daily_public,1,0,0,0,room_loungewear
apartment resident,antique_shop,antique_shop,tag:retail_service,retail_service,1,0,0,0,cozy_cafe
apartment resident,apartment_balcony,apartment_balcony,tag:home_life,home_life,1,0,0,0,cozy_cafe
apartment resident,apartment_entryway,apartment_entryway,tag:home_life,home_life,1,0,0,0,cozy_cafe
apartment resident,aquarium,aquarium,tag:leisure,leisure,1,0,0,0,cozy_cafe
apartment resident,art_gallery,art_gallery,tag:leisure,leisure,1,0,0,0,cozy_cafe
apartment resident,bakery_shop,bakery_shop,tag:retail_service,retail_service,1,0,0,0,cozy_cafe
apartment resident,luxury_bathroom,bedroom_boudoir,tag:home_life,home_life,1,0,0,1,cozy_cafe
apartment resident,bike_station,bike_station,tag:daily_public,daily_public,1,0,0,0,cozy_cafe
apartment resident,botanical_garden,botanical_garden,tag:leisure,leisure,1,0,0,0,cozy_cafe
apartment resident,bus_terminal,bus_terminal,tag:daily_public,daily_public,1,0,0,0,cozy_cafe
apartment resident,canal_walkway,canal_walkway,tag:daily_public,daily_public,1,0,0,0,cozy_cafe
apartment resident,cinema_lobby,cinema_lobby,tag:leisure,leisure,1,0,0,0,cozy_cafe
apartment resident,clean_modern_kitchen,clean_modern_kitchen,tag:home_life,home_life,1,0,0,0,cozy_cafe
apartment resident,clinic_waiting_room,clinic_waiting_room,tag:daily_public,daily_public,1,0,0,0,cozy_cafe
apartment resident,community_center,community_center,tag:daily_public,daily_public,1,0,0,0,cozy_cafe
apartment resident,community_garden,community_garden,tag:suburban,suburban,1,0,0,0,cozy_cafe
apartment resident,community_theater_backstage,community_theater_backstage,tag:leisure,leisure,1,0,0,0,cozy_cafe
apartment resident,commuter_transport,commuter_transport,tag:daily_public,daily_public,1,0,0,0,cozy_cafe
apartment resident,concert_stage,concert_stage,tag:leisure,leisure,1,0,0,0,cozy_cafe
apartment resident,convenience_store,convenience_store,tag:retail_service,retail_service,1,0,0,0,cozy_cafe
apartment resident,cozy_bookstore,cozy_bookstore,tag:retail_service,retail_service,1,0,0,0,cozy_cafe
apartment resident,cozy_living_room,cozy_living_room,tag:home_life,home_life,1,0,0,0,cozy_cafe
apartment resident,drugstore_aisle,drugstore_aisle,tag:retail_service,retail_service,1,0,0,0,cozy_cafe
apartment resident,family_restaurant,family_restaurant,tag:retail_service,retail_service,1,0,0,0,cozy_cafe
apartment resident,fashion_boutique,fashion_boutique,tag:retail_service,retail_service,1,0,0,0,cozy_cafe
apartment resident,ferry_terminal,ferry_terminal,tag:daily_public,daily_public,1,0,0,0,cozy_cafe
apartment resident,fire_station,fire_station,tag:daily_public,daily_public,1,0,0,0,cozy_cafe
apartment resident,fitness_gym,fitness_gym,tag:leisure,leisure,1,0,0,0,cozy_cafe
apartment resident,flower_market,flower_market,tag:retail_service,retail_service,1,0,0,0,cozy_cafe
apartment resident,food_court,food_court,tag:leisure,leisure,1,0,0,0,cozy_cafe
apartment resident,forest_cabin,forest_cabin,tag:domestic,domestic,1,0,0,0,cozy_cafe
apartment resident,game_arcade,game_arcade,tag:leisure,leisure,1,0,0,0,cozy_cafe
apartment resident,greenhouse_nursery,greenhouse_nursery,tag:retail_service,retail_service,1,0,0,0,cozy_cafe
apartment resident,illuminated_park,illuminated_park,tag:daily_public,daily_public,1,0,0,0,cozy_cafe
apartment resident,karaoke_bar,karaoke_bar,tag:leisure,leisure,1,0,0,0,cozy_cafe
apartment resident,laundromat,laundromat,tag:home_life,home_life,1,0,0,0,cozy_cafe
apartment resident,local_market_street,local_market_street,tag:retail_service,retail_service,1,0,0,0,cozy_cafe
apartment resident,luxury_hotel_lobby,luxury_hotel_lobby,tag:leisure,leisure,1,0,0,0,cozy_cafe
apartment resident,luxury_hotel_room,luxury_hotel_room,tag:leisure,leisure,1,0,0,0,cozy_cafe
apartment resident,mountain_resort,mountain_resort,tag:leisure,leisure,1,0,0,0,cozy_cafe
apartment resident,museum_hall,museum_hall,tag:leisure,leisure,1,0,0,0,cozy_cafe
apartment resident,neighborhood_crosswalk,neighborhood_crosswalk,tag:daily_public,daily_public,1,0,0,0,cozy_cafe
apartment resident,neighborhood_playground,neighborhood_playground,tag:daily_public,daily_public,1,0,0,0,cozy_cafe
apartment resident,observatory_dome,observatory_dome,tag:leisure,leisure,1,0,0,0,cozy_cafe
apartment resident,opera_house,opera_house,tag:leisure,leisure,1,0,0,0,cozy_cafe
apartment resident,picnic_park,picnic_park,tag:daily_public,daily_public,1,0,0,0,cozy_cafe
apartment resident,poolside_resort,poolside_resort,tag:leisure,leisure,1,0,0,0,cozy_cafe
apartment resident,postal_service_counter,postal_service_counter,tag:retail_service,retail_service,1,0,0,0,cozy_cafe
apartment resident,print_shop,print_shop,tag:retail_service,retail_service,1,0,0,0,cozy_cafe
apartment resident,public_library_lobby,public_library_lobby,tag:daily_public,daily_public,1,0,0,0,cozy_cafe
apartment resident,public_plaza,public_plaza,tag:leisure,leisure,1,0,0,0,cozy_cafe
apartment resident,rainy_bus_stop,rainy_alley,tag:daily_public,daily_public,1,0,0,1,cozy_cafe
apartment resident,recording_studio,recording_studio,tag:leisure,leisure,1,0,0,0,cozy_cafe
apartment resident,riverside_walk,riverside_walk,tag:daily_public,daily_public,1,0,0,0,cozy_cafe
apartment resident,rooftop_cafe,rooftop_cafe,tag:leisure,leisure,1,0,0,0,cozy_cafe
apartment resident,rooftop_laundry_area,rooftop_laundry_area,tag:home_life,home_life,1,0,0,0,cozy_cafe
apartment resident,rural_town_street,rural_town_street,tag:daily_public,daily_public,1,0,0,0,cozy_cafe
apartment resident,school_library,school_library,tag:daily_public,daily_public,1,0,0,0,cozy_cafe
apartment resident,shopping_arcade,shopping_arcade,tag:retail_service,retail_service,1,0,0,0,cozy_cafe
apartment resident,shopping_mall_atrium,shopping_mall_atrium,tag:retail_service,retail_service,1,0,0,0,cozy_cafe
apartment resident,stadium_court,stadium_court,tag:leisure,leisure,1,0,0,0,cozy_cafe
apartment resident,street_cafe,street_cafe,tag:retail_service,retail_service,1,0,0,0,cozy_cafe
apartment resident,suburban_neighborhood,suburban_neighborhood,tag:daily_public,daily_public,1,0,0,0,cozy_cafe
apartment resident,supermarket_aisle,supermarket_aisle,tag:retail_service,retail_service,1,0,0,0,cozy_cafe
apartment resident,tram_platform,tram_platform,tag:daily_public,daily_public,1,0,0,0,cozy_cafe
apartment resident,tropical_beach,tropical_beach,tag:leisure,leisure,1,0,0,0,cozy_cafe
apartment resident,underground_bar,underground_bar,tag:leisure,leisure,1,0,0,0,cozy_cafe
apartment resident,wave_barrel,wave_barrel,tag:leisure,leisure,1,0,0,0,cozy_cafe
apartment resident,winter_street,winter_street,tag:daily_public,daily_public,1,0,0,0,cozy_cafe
apartment resident,yoga_studio,yoga_studio,tag:leisure,leisure,1,0,0,0,cozy_cafe
arcade girl,antique_shop,antique_shop,tag:retail_service,retail_service,1,0,0,0,urban_shopping
arcade girl,aquarium,aquarium,tag:leisure,leisure,1,0,0,0,urban_shopping
arcade girl,art_gallery,art_gallery,tag:leisure,leisure,1,0,0,0,urban_shopping
arcade girl,bakery_shop,bakery_shop,tag:retail_service,retail_service,1,0,0,0,urban_shopping
arcade girl,bedroom_boudoir,bedroom_boudoir,universal,,0,1,0,0,urban_shopping
arcade girl,bike_station,bike_station,tag:daily_public,daily_public,1,0,0,0,urban_shopping
arcade girl,botanical_garden,botanical_garden,tag:leisure,leisure,1,0,0,0,urban_shopping
arcade girl,bus_terminal,bus_terminal,tag:daily_public,daily_public,1,0,0,0,urban_shopping
arcade girl,canal_walkway,canal_walkway,tag:daily_public,daily_public,1,0,0,0,urban_shopping
arcade girl,cinema_lobby,cinema_lobby,tag:leisure,leisure,1,0,0,0,urban_shopping
arcade girl,clean_modern_kitchen,clean_modern_kitchen,universal,,0,1,0,0,urban_shopping
arcade girl,clinic_waiting_room,clinic_waiting_room,tag:daily_public,daily_public,1,0,0,0,urban_shopping
arcade girl,community_center,community_center,tag:daily_public,daily_public,1,0,0,0,urban_shopping
arcade girl,community_garden,community_garden,tag:suburban,suburban,1,0,0,0,urban_shopping
arcade girl,community_theater_backstage,community_theater_backstage,tag:leisure,leisure,1,0,0,0,urban_shopping
arcade girl,commuter_transport,commuter_transport,tag:daily_public,daily_public,1,0,0,0,urban_shopping
arcade girl,concert_stage,concert_stage,tag:leisure,leisure,1,0,0,0,urban_shopping
arcade girl,convenience_store,convenience_store,tag:retail_service,retail_service,1,0,0,0,urban_shopping
arcade girl,cozy_bookstore,cozy_bookstore,tag:retail_service,retail_service,1,0,0,0,urban_shopping
arcade girl,cozy_living_room,cozy_living_room,universal,,0,1,0,0,urban_shopping
arcade girl,neon_city_street,cyberpunk_street,tag:urban,urban,1,0,0,1,urban_shopping
arcade girl,drugstore_aisle,drugstore_aisle,tag:retail_service,retail_service,1,0,0,0,urban_shopping
arcade girl,family_restaurant,family_restaurant,tag:retail_service,retail_service,1,0,0,0,urban_shopping
arcade girl,fashion_boutique,fashion_boutique,tag:retail_service,retail_service,1,0,0,0,urban_shopping
arcade girl,ferry_terminal,ferry_terminal,tag:daily_public,daily_public,1,0,0,0,urban_shopping
arcade girl,fire_station,fire_station,tag:daily_public,daily_public,1,0,0,0,urban_shopping
arcade girl,fitness_gym,fitness_gym,tag:leisure,leisure,1,0,0,0,urban_shopping
arcade girl,flower_market,flower_market,tag:retail_service,retail_service,1,0,0,0,urban_shopping
arcade girl,food_court,food_court,tag:leisure,leisure,1,0,0,0,urban_shopping
arcade girl,game_arcade,game_arcade,tag:leisure,leisure,1,0,0,0,urban_shopping
arcade girl,greenhouse_nursery,greenhouse_nursery,tag:retail_service,retail_service,1,0,0,0,urban_shopping
arcade girl,illuminated_park,illuminated_park,tag:daily_public,daily_public,1,0,0,0,urban_shopping
arcade girl,karaoke_bar,karaoke_bar,tag:leisure,leisure,1,0,0,0,urban_shopping
arcade girl,local_market_street,local_market_street,tag:retail_service,retail_service,1,0,0,0,urban_shopping
arcade girl,luxury_hotel_lobby,luxury_hotel_lobby,tag:leisure,leisure,1,0,0,0,urban_shopping
arcade girl,luxury_hotel_room,luxury_hotel_room,tag:leisure,leisure,1,0,0,0,urban_shopping
arcade girl,mountain_resort,mountain_resort,tag:leisure,leisure,1,0,0,0,urban_shopping
arcade girl,museum_hall,museum_hall,tag:leisure,leisure,1,0,0,0,urban_shopping
arcade girl,neighborhood_crosswalk,neighborhood_crosswalk,tag:daily_public,daily_public,1,0,0,0,urban_shopping
arcade girl,neighborhood_playground,neighborhood_playground,tag:daily_public,daily_public,1,0,0,0,urban_shopping
arcade girl,observatory_dome,observatory_dome,tag:leisure,leisure,1,0,0,0,urban_shopping
arcade girl,opera_house,opera_house,tag:leisure,leisure,1,0,0,0,urban_shopping
arcade girl,picnic_park,picnic_park,tag:daily_public,daily_public,1,0,0,0,urban_shopping
arcade girl,poolside_resort,poolside_resort,tag:leisure,leisure,1,0,0,0,urban_shopping
arcade girl,postal_service_counter,postal_service_counter,tag:retail_service,retail_service,1,0,0,0,urban_shopping
arcade girl,print_shop,print_shop,tag:retail_service,retail_service,1,0,0,0,urban_shopping
arcade girl,public_library_lobby,public_library_lobby,tag:daily_public,daily_public,1,0,0,0,urban_shopping
arcade girl,public_plaza,public_plaza,tag:leisure,leisure,1,0,0,0,urban_shopping
arcade girl,rainy_bus_stop,rainy_alley,tag:daily_public,daily_public,1,0,0,1,urban_shopping
arcade girl,recording_studio,recording_studio,tag:leisure,leisure,1,0,0,0,urban_shopping
arcade girl,riverside_walk,riverside_walk,tag:daily_public,daily_public,1,0,0,0,urban_shopping
arcade girl,rooftop_cafe,rooftop_cafe,tag:leisure,leisure,1,0,0,0,urban_shopping
arcade girl,rural_town_street,rural_town_street,tag:daily_public,daily_public,1,0,0,0,urban_shopping
arcade girl,school_library,school_library,tag:daily_public,daily_public,1,0,0,0,urban_shopping
arcade girl,shopping_arcade,shopping_arcade,tag:retail_service,retail_service,1,0,0,0,urban_shopping
arcade girl,shopping_mall_atrium,shopping_mall_atrium,tag:retail_service,retail_service,1,0,0,0,urban_shopping
arcade girl,stadium_court,stadium_court,tag:leisure,leisure,1,0,0,0,urban_shopping
arcade girl,street_cafe,street_cafe,tag:retail_service,retail_service,1,0,0,0,urban_shopping
arcade girl,suburban_neighborhood,suburban_neighborhood,tag:daily_public,daily_public,1,0,0,0,urban_shopping
arcade girl,subway_ticket_gate,subway_ticket_gate,tag:urban,urban,1,0,0,0,urban_shopping
arcade girl,supermarket_aisle,supermarket_aisle,tag:retail_service,retail_service,1,0,0,0,urban_shopping
arcade girl,train_station_platform,train_station_platform,tag:urban,urban,1,0,0,0,urban_shopping
arcade girl,tram_platform,tram_platform,tag:daily_public,daily_public,1,0,0,0,urban_shopping
arcade girl,tropical_beach,tropical_beach,tag:leisure,leisure,1,0,0,0,urban_shopping
arcade girl,underground_bar,underground_bar,tag:leisure,leisure,1,0,0,0,urban_shopping
arcade girl,vehicle_repair_garage,vehicle_repair_garage,tag:urban,urban,1,0,0,0,urban_shopping
arcade girl,wave_barrel,wave_barrel,tag:leisure,leisure,1,0,0,0,urban_shopping
arcade girl,winter_street,winter_street,tag:daily_public,daily_public,1,0,0,0,urban_shopping
arcade girl,yoga_studio,yoga_studio,tag:leisure,leisure,1,0,0,0,urban_shopping
arcade regular,antique_shop,antique_shop,tag:retail_service,retail_service,1,0,0,0,street_casual
arcade regular,aquarium,aquarium,tag:urban,urban,1,0,0,0,street_casual
arcade regular,art_gallery,art_gallery,tag:daily_public,daily_public,1,0,0,0,street_casual
arcade regular,bakery_shop,bakery_shop,tag:retail_service,retail_service,1,0,0,0,street_casual
arcade regular,bedroom_boudoir,bedroom_boudoir,universal,,0,1,0,0,street_casual
arcade regular,bike_station,bike_station,tag:urban,urban,1,0,0,0,street_casual
arcade regular,botanical_garden,botanical_garden,tag:daily_public,daily_public,1,0,0,0,street_casual
arcade regular,bus_terminal,bus_terminal,tag:daily_public,daily_public,1,0,0,0,street_casual
arcade regular,canal_walkway,canal_walkway,tag:urban,urban,1,0,0,0,street_casual
arcade regular,cinema_lobby,cinema_lobby,tag:urban,urban,1,0,0,0,street_casual
arcade regular,clean_modern_kitchen,clean_modern_kitchen,universal,,0,1,0,0,street_casual
arcade regular,clinic_waiting_room,clinic_waiting_room,tag:daily_public,daily_public,1,0,0,0,street_casual
arcade regular,community_center,community_center,tag:daily_public,daily_public,1,0,0,0,street_casual
arcade regular,community_theater_backstage,community_theater_backstage,tag:leisure,leisure,1,0,0,0,street_casual
arcade regular,commuter_transport,commuter_transport,tag:daily_public,daily_public,1,0,0,0,street_casual
arcade regular,concert_stage,concert_stage,tag:leisure,leisure,1,0,0,0,street_casual
arcade regular,convenience_store,convenience_store,tag:retail_service,retail_service,1,0,0,0,street_casual
arcade regular,cozy_bookstore,cozy_bookstore,tag:retail_service,retail_service,1,0,0,0,street_casual
arcade regular,cozy_living_room,cozy_living_room,universal,,0,1,0,0,street_casual
arcade regular,neon_city_street,cyberpunk_street,tag:urban,urban,1,0,0,1,street_casual
arcade regular,drugstore_aisle,drugstore_aisle,tag:retail_service,retail_service,1,0,0,0,street_casual
arcade regular,family_restaurant,family_restaurant,tag:retail_service,retail_service,1,0,0,0,street_casual
arcade regular,fashion_boutique,fashion_boutique,tag:retail_service,retail_service,1,0,0,0,street_casual
arcade regular,ferry_terminal,ferry_terminal,tag:daily_public,daily_public,1,0,0,0,street_casual
arcade regular,fire_station,fire_station,tag:daily_public,daily_public,1,0,0,0,street_casual
arcade regular,fitness_gym,fitness_gym,tag:leisure,leisure,1,0,0,0,street_casual
arcade regular,flower_market,flower_market,tag:retail_service,retail_service,1,0,0,0,street_casual
arcade regular,food_court,food_court,tag:retail_service,retail_service,1,0,0,0,street_casual
arcade regular,game_arcade,game_arcade,tag:urban,urban,1,0,0,0,street_casual
arcade regular,greenhouse_nursery,greenhouse_nursery,tag:retail_service,retail_service,1,0,0,0,street_casual
arcade regular,illuminated_park,illuminated_park,tag:urban,urban,1,0,0,0,street_casual
arcade regular,karaoke_bar,karaoke_bar,tag:urban,urban,1,0,0,0,street_casual
arcade regular,local_market_street,local_market_street,tag:retail_service,retail_service,1,0,0,0,street_casual
arcade regular,luxury_hotel_lobby,luxury_hotel_lobby,tag:leisure,leisure,1,0,0,0,street_casual
arcade regular,luxury_hotel_room,luxury_hotel_room,tag:leisure,leisure,1,0,0,0,street_casual
arcade regular,mountain_resort,mountain_resort,tag:leisure,leisure,1,0,0,0,street_casual
arcade regular,museum_hall,museum_hall,tag:daily_public,daily_public,1,0,0,0,street_casual
arcade regular,neighborhood_crosswalk,neighborhood_crosswalk,tag:daily_public,daily_public,1,0,0,0,street_casual
arcade regular,neighborhood_playground,neighborhood_playground,tag:daily_public,daily_public,1,0,0,0,street_casual
arcade regular,observatory_dome,observatory_dome,tag:leisure,leisure,1,0,0,0,street_casual
arcade regular,opera_house,opera_house,tag:leisure,leisure,1,0,0,0,street_casual
arcade regular,picnic_park,picnic_park,tag:daily_public,daily_public,1,0,0,0,street_casual
arcade regular,poolside_resort,poolside_resort,tag:leisure,leisure,1,0,0,0,street_casual
arcade regular,postal_service_counter,postal_service_counter,tag:retail_service,retail_service,1,0,0,0,street_casual
arcade regular,print_shop,print_shop,tag:retail_service,retail_service,1,0,0,0,street_casual
arcade regular,public_library_lobby,public_library_lobby,tag:daily_public,daily_public,1,0,0,0,street_casual
arcade regular,public_plaza,public_plaza,tag:urban,urban,1,0,0,0,street_casual
arcade regular,rainy_alley,rainy_alley,tag:urban,urban,1,0,0,0,street_casual
arcade regular,recording_studio,recording_studio,tag:leisure,leisure,1,0,0,0,street_casual
arcade regular,riverside_walk,riverside_walk,tag:daily_public,daily_public,1,0,0,0,street_casual
arcade regular,rooftop_cafe,rooftop_cafe,tag:urban,urban,1,0,0,0,street_casual
arcade regular,rural_town_street,rural_town_street,tag:daily_public,daily_public,1,0,0,0,street_casual
arcade regular,school_library,school_library,tag:daily_public,daily_public,1,0,0,0,street_casual
arcade regular,shopping_arcade,shopping_arcade,tag:retail_service,retail_service,1,0,0,0,street_casual
arcade regular,shopping_mall_atrium,shopping_mall_atrium,tag:retail_service,retail_service,1,0,0,0,street_casual
arcade regular,stadium_court,stadium_court,tag:leisure,leisure,1,0,0,0,street_casual
arcade regular,street_cafe,street_cafe,tag:retail_service,retail_service,1,0,0,0,street_casual
arcade regular,suburban_neighborhood,suburban_neighborhood,tag:daily_public,daily_public,1,0,0,0,street_casual
arcade regular,subway_ticket_gate,subway_ticket_gate,tag:urban,urban,1,0,0,0,street_casual
arcade regular,supermarket_aisle,supermarket_aisle,tag:retail_service,retail_service,1,0,0,0,street_casual
arcade regular,train_station_platform,train_station_platform,tag:urban,urban,1,0,0,0,street_casual
arcade regular,tram_platform,tram_platform,tag:urban,urban,1,0,0,0,street_casual
arcade regular,tropical_beach,tropical_beach,tag:leisure,leisure,1,0,0,0,street_casual
arcade regular,underground_bar,underground_bar,tag:urban,urban,1,0,0,0,street_casual
arcade regular,vehicle_repair_garage,vehicle_repair_garage,tag:urban,urban,1,0,0,0,street_casual
arcade regular,wave_barrel,wave_barrel,tag:leisure,leisure,1,0,0,0,street_casual
arcade regular,winter_street,winter_street,tag:daily_public,daily_public,1,0,0,0,street_casual
arcade regular,yoga_studio,yoga_studio,tag:leisure,leisure,1,0,0,0,street_casual
architect,antique_shop,antique_shop,tag:quiet_indoor,quiet_indoor,1,0,0,0,office_lady
architect,aquarium,aquarium,tag:quiet_indoor,quiet_indoor,1,0,0,0,office_lady
architect,art_gallery,art_gallery,tag:quiet_indoor,quiet_indoor,1,0,0,0,office_lady
architect,bedroom_boudoir,bedroom_boudoir,universal,,0,1,0,0,office_lady
architect,boardroom,boardroom,tag:workplace,workplace,1,0,0,0,office_lady
architect,botanical_garden,botanical_garden,universal,,0,1,0,0,office_lady
architect,clean_modern_kitchen,clean_modern_kitchen,universal,,0,1,0,0,office_lady
architect,clinic_waiting_room,clinic_waiting_room,existing,,0,0,1,0,office_lady
architect,clockwork_workshop,clockwork_workshop,tag:craft,craft,1,0,0,0,office_lady
architect,community_theater_backstage,community_theater_backstage,tag:workplace,workplace,1,0,0,0,office_lady
architect,commuter_transport,commuter_transport,universal,,0,1,0,0,office_lady
architect,coworking_space,coworking_space,tag:workplace,workplace,1,0,0,0,office_lady
architect,cozy_bookstore,cozy_bookstore,tag:quiet_indoor,quiet_indoor,1,0,0,0,office_lady
architect,cozy_living_room,cozy_living_room,universal,,0,1,0,0,office_lady
architect,design_studio,design_studio,tag:quiet_indoor,quiet_indoor,1,0,0,0,office_lady
architect,fire_station,fire_station,tag:workplace,workplace,1,0,0,0,office_lady
architect,greenhouse_nursery,greenhouse_nursery,tag:workplace,workplace,1,0,0,0,office_lady
architect,illuminated_park,illuminated_park,universal,,0,1,0,0,office_lady
architect,maker_space,maker_space,tag:craft,craft,1,0,0,0,office_lady
architect,messy_copy_room,messy_copy_room,tag:craft,craft,1,0,0,0,office_lady
architect,modern_office,modern_office,tag:workplace,workplace,1,0,0,0,office_lady
architect,museum_hall,museum_hall,tag:quiet_indoor,quiet_indoor,1,0,0,0,office_lady
architect,observatory_dome,observatory_dome,tag:quiet_indoor,quiet_indoor,1,0,0,0,office_lady
architect,office_elevator,office_elevator,tag:workplace,workplace,1,0,0,0,office_lady
architect,picnic_park,picnic_park,universal,,0,1,0,0,office_lady
architect,postal_service_counter,postal_service_counter,tag:workplace,workplace,1,0,0,0,office_lady
architect,print_shop,print_shop,tag:workplace,workplace,1,0,0,0,office_lady
architect,public_library_lobby,public_library_lobby,tag:quiet_indoor,quiet_indoor,1,0,0,0,office_lady
architect,rainy_bus_stop,rainy_alley,universal,,0,1,0,1,office_lady
architect,rural_town_street,rural_town_street,universal,,0,1,0,0,office_lady
architect,school_clubroom,school_clubroom,tag:quiet_indoor,quiet_indoor,1,0,0,0,office_lady
architect,school_library,school_library,tag:quiet_indoor,quiet_indoor,1,0,0,0,office_lady
architect,shopping_mall_atrium,shopping_mall_atrium,universal,,0,1,0,0,office_lady
architect,street_cafe,street_cafe,universal,,0,1,0,0,office_lady
architect,suburban_neighborhood,suburban_neighborhood,universal,,0,1,0,0,office_lady
architect,surveillance_room,surveillance_room,tag:workplace,workplace,1,0,0,0,office_lady
architect,tea_room,tea_room,tag:quiet_indoor,quiet_indoor,1,0,0,0,office_lady
architect,train_station_platform,train_station_platform,tag:workplace,workplace,1,0,0,0,office_lady
architect,vehicle_repair_garage,vehicle_repair_garage,tag:craft,craft,1,0,0,0,office_lady
architect,winter_street,winter_street,universal,,0,1,0,0,office_lady
astronomer,airship_deck,airship_deck,tag:scifi,scifi,1,0,0,0,street_casual
astronomer,alien_planet,alien_planet,tag:scifi,scifi,1,0,0,0,street_casual
astronomer,antique_shop,antique_shop,tag:quiet_indoor,quiet_indoor,1,0,0,0,street_casual
astronomer,aquarium,aquarium,tag:leisure,leisure,1,0,0,0,street_casual
astronomer,art_gallery,art_gallery,tag:leisure,leisure,1,0,0,0,street_casual
astronomer,bedroom_boudoir,bedroom_boudoir,universal,,0,1,0,0,street_casual
astronomer,botanical_garden,botanical_garden,tag:leisure,leisure,1,0,0,0,street_casual
astronomer,cinema_lobby,cinema_lobby,tag:leisure,leisure,1,0,0,0,street_casual
astronomer,clean_modern_kitchen,clean_modern_kitchen,universal,,0,1,0,0,street_casual
astronomer,clinic_waiting_room,clinic_waiting_room,tag:quiet_indoor,quiet_indoor,1,0,0,0,street_casual
astronomer,community_theater_backstage,community_theater_backstage,existing,,0,0,1,0,street_casual
astronomer,commuter_transport,commuter_transport,universal,,0,1,0,0,street_casual
astronomer,concert_stage,concert_stage,tag:leisure,leisure,1,0,0,0,street_casual
astronomer,cozy_bookstore,cozy_bookstore,tag:quiet_indoor,quiet_indoor,1,0,0,0,street_casual
astronomer,cozy_living_room,cozy_living_room,universal,,0,1,0,0,street_casual
astronomer,cyber_lab,cyber_lab,tag:scifi,scifi,1,0,0,0,street_casual
astronomer,neon_city_street,cyberpunk_street,tag:scifi,scifi,1,0,0,1,street_casual
astronomer,design_studio,design_studio,tag:quiet_indoor,quiet_indoor,1,0,0,0,street_casual
astronomer,fitness_gym,fitness_gym,tag:leisure,leisure,1,0,0,0,street_casual
astronomer,food_court,food_court,tag:leisure,leisure,1,0,0,0,street_casual
astronomer,game_arcade,game_arcade,tag:leisure,leisure,1,0,0,0,street_casual
astronomer,high_tech_medbay,high_tech_medbay,tag:scifi,scifi,1,0,0,0,street_casual
astronomer,illuminated_park,illuminated_park,universal,,0,1,0,0,street_casual
astronomer,karaoke_bar,karaoke_bar,tag:leisure,leisure,1,0,0,0,street_casual
astronomer,luxury_hotel_lobby,luxury_hotel_lobby,tag:leisure,leisure,1,0,0,0,street_casual
astronomer,luxury_hotel_room,luxury_hotel_room,tag:leisure,leisure,1,0,0,0,street_casual
astronomer,maker_space,maker_space,tag:scifi,scifi,1,0,0,0,street_casual
astronomer,mountain_resort,mountain_resort,tag:leisure,leisure,1,0,0,0,street_casual
astronomer,museum_hall,museum_hall,tag:leisure,leisure,1,0,0,0,street_casual
astronomer,observatory_dome,observatory_dome,tag:leisure,leisure,1,0,0,0,street_casual
astronomer,opera_house,opera_house,tag:leisure,leisure,1,0,0,0,street_casual
astronomer,picnic_park,picnic_park,universal,,0,1,0,0,street_casual
astronomer,poolside_resort,poolside_resort,tag:leisure,leisure,1,0,0,0,street_casual
astronomer,public_library_lobby,public_library_lobby,tag:quiet_indoor,quiet_indoor,1,0,0,0,street_casual
astronomer,public_plaza,public_plaza,tag:leisure,leisure,1,0,0,0,street_casual
astronomer,rainy_bus_stop,rainy_alley,universal,,0,1,0,1,street_casual
astronomer,recording_studio,recording_studio,tag:leisure,leisure,1,0,0,0,street_casual
astronomer,rooftop_cafe,rooftop_cafe,tag:leisure,leisure,1,0,0,0,street_casual
astronomer,rural_town_street,rural_town_street,universal,,0,1,0,0,street_casual
astronomer,school_clubroom,school_clubroom,tag:quiet_indoor,quiet_indoor,1,0,0,0,street_casual
astronomer,school_library,school_library,tag:quiet_indoor,quiet_indoor,1,0,0,0,street_casual
astronomer,shopping_mall_atrium,shopping_mall_atrium,universal,,0,1,0,0,street_casual
astronomer,spaceship_bridge,spaceship_bridge,tag:scifi,scifi,1,0,0,0,street_casual
astronomer,stadium_court,stadium_court,tag:leisure,leisure,1,0,0,0,street_casual
astronomer,starship_quarters,starship_quarters,tag:scifi,scifi,1,0,0,0,street_casual
astronomer,street_cafe,street_cafe,universal,,0,1,0,0,street_casual
astronomer,suburban_neighborhood,suburban_neighborhood,universal,,0,1,0,0,street_casual
astronomer,tea_room,tea_room,tag:quiet_indoor,quiet_indoor,1,0,0,0,street_casual
astronomer,tropical_beach,tropical_beach,tag:leisure,leisure,1,0,0,0,street_casual
astronomer,underground_bar,underground_bar,tag:leisure,leisure,1,0,0,0,street_casual
astronomer,wave_barrel,wave_barrel,tag:leisure,leisure,1,0,0,0,street_casual
astronomer,winter_street,winter_street,universal,,0,1,0,0,street_casual
astronomer,yoga_studio,yoga_studio,tag:leisure,leisure,1,0,0,0,street_casual
bakery clerk,antique_shop,antique_shop,tag:retail_service,retail_service,1,0,0,0,cozy_cafe
bakery clerk,aquarium,aquarium,tag:leisure,leisure,1,0,0,0,cozy_cafe
bakery clerk,art_gallery,art_gallery,tag:leisure,leisure,1,0,0,0,cozy_cafe
bakery clerk,bakery_shop,bakery_shop,tag:urban,urban,1,0,0,0,cozy_cafe
bakery clerk,bedroom_boudoir,bedroom_boudoir,universal,,0,1,0,0,cozy_cafe
bakery clerk,bike_station,bike_station,tag:urban,urban,1,0,0,0,cozy_cafe
bakery clerk,botanical_garden,botanical_garden,tag:leisure,leisure,1,0,0,0,cozy_cafe
bakery clerk,bus_terminal,bus_terminal,tag:daily_public,daily_public,1,0,0,0,cozy_cafe
bakery clerk,canal_walkway,canal_walkway,tag:urban,urban,1,0,0,0,cozy_cafe
bakery clerk,cinema_lobby,cinema_lobby,tag:leisure,leisure,1,0,0,0,cozy_cafe
bakery clerk,clean_modern_kitchen,clean_modern_kitchen,universal,,0,1,0,0,cozy_cafe
bakery clerk,clinic_waiting_room,clinic_waiting_room,tag:daily_public,daily_public,1,0,0,0,cozy_cafe
bakery clerk,community_center,community_center,tag:daily_public,daily_public,1,0,0,0,cozy_cafe
bakery clerk,community_theater_backstage,community_theater_backstage,tag:leisure,leisure,1,0,0,0,cozy_cafe
bakery clerk,commuter_transport,commuter_transport,tag:daily_public,daily_public,1,0,0,0,cozy_cafe
bakery clerk,concert_stage,concert_stage,tag:leisure,leisure,1,0,0,0,cozy_cafe
bakery clerk,convenience_store,convenience_store,tag:urban,urban,1,0,0,0,cozy_cafe
bakery clerk,cozy_bookstore,cozy_bookstore,tag:urban,urban,1,0,0,0,cozy_cafe
bakery clerk,cozy_living_room,cozy_living_room,universal,,0,1,0,0,cozy_cafe
bakery clerk,neon_city_street,cyberpunk_street,tag:urban,urban,1,0,0,1,cozy_cafe
bakery clerk,drugstore_aisle,drugstore_aisle,tag:urban,urban,1,0,0,0,cozy_cafe
bakery clerk,family_restaurant,family_restaurant,tag:urban,urban,1,0,0,0,cozy_cafe
bakery clerk,fashion_boutique,fashion_boutique,tag:urban,urban,1,0,0,0,cozy_cafe
bakery clerk,ferry_terminal,ferry_terminal,tag:daily_public,daily_public,1,0,0,0,cozy_cafe
bakery clerk,fire_station,fire_station,tag:daily_public,daily_public,1,0,0,0,cozy_cafe
bakery clerk,fitness_gym,fitness_gym,tag:leisure,leisure,1,0,0,0,cozy_cafe
bakery clerk,flower_market,flower_market,tag:urban,urban,1,0,0,0,cozy_cafe
bakery clerk,food_court,food_court,tag:leisure,leisure,1,0,0,0,cozy_cafe
bakery clerk,game_arcade,game_arcade,tag:leisure,leisure,1,0,0,0,cozy_cafe
bakery clerk,greenhouse_nursery,greenhouse_nursery,tag:retail_service,retail_service,1,0,0,0,cozy_cafe
bakery clerk,illuminated_park,illuminated_park,tag:urban,urban,1,0,0,0,cozy_cafe
bakery clerk,karaoke_bar,karaoke_bar,tag:leisure,leisure,1,0,0,0,cozy_cafe
bakery clerk,local_market_street,local_market_street,tag:urban,urban,1,0,0,0,cozy_cafe
bakery clerk,luxury_hotel_lobby,luxury_hotel_lobby,tag:leisure,leisure,1,0,0,0,cozy_cafe
bakery clerk,luxury_hotel_room,luxury_hotel_room,tag:leisure,leisure,1,0,0,0,cozy_cafe
bakery clerk,mountain_resort,mountain_resort,tag:leisure,leisure,1,0,0,0,cozy_cafe
bakery clerk,museum_hall,museum_hall,tag:leisure,leisure,1,0,0,0,cozy_cafe
bakery clerk,neighborhood_crosswalk,neighborhood_crosswalk,tag:daily_public,daily_public,1,0,0,0,cozy_cafe
bakery clerk,neighborhood_playground,neighborhood_playground,tag:daily_public,daily_public,1,0,0,0,cozy_cafe
bakery clerk,observatory_dome,observatory_dome,tag:leisure,leisure,1,0,0,0,cozy_cafe
bakery clerk,opera_house,opera_house,tag:leisure,leisure,1,0,0,0,cozy_cafe
bakery clerk,picnic_park,picnic_park,tag:daily_public,daily_public,1,0,0,0,cozy_cafe
bakery clerk,poolside_resort,poolside_resort,tag:leisure,leisure,1,0,0,0,cozy_cafe
bakery clerk,postal_service_counter,postal_service_counter,tag:daily_public,daily_public,1,0,0,0,cozy_cafe
bakery clerk,print_shop,print_shop,tag:urban,urban,1,0,0,0,cozy_cafe
bakery clerk,public_library_lobby,public_library_lobby,tag:daily_public,daily_public,1,0,0,0,cozy_cafe
bakery clerk,public_plaza,public_plaza,tag:leisure,leisure,1,0,0,0,cozy_cafe
bakery clerk,rainy_alley,rainy_alley,tag:urban,urban,1,0,0,0,cozy_cafe
bakery clerk,recording_studio,recording_studio,tag:leisure,leisure,1,0,0,0,cozy_cafe
bakery clerk,riverside_walk,riverside_walk,tag:daily_public,daily_public,1,0,0,0,cozy_cafe
bakery clerk,rooftop_cafe,rooftop_cafe,tag:leisure,leisure,1,0,0,0,cozy_cafe
bakery clerk,rural_town_street,rural_town_street,tag:daily_public,daily_public,1,0,0,0,cozy_cafe
bakery clerk,school_library,school_library,tag:daily_public,daily_public,1,0,0,0,cozy_cafe
bakery clerk,shopping_arcade,shopping_arcade,tag:urban,urban,1,0,0,0,cozy_cafe
bakery clerk,shopping_mall_atrium,shopping_mall_atrium,tag:urban,urban,1,0,0,0,cozy_cafe
bakery clerk,stadium_court,stadium_court,tag:leisure,leisure,1,0,0,0,cozy_cafe
bakery clerk,street_cafe,street_cafe,tag:urban,urban,1,0,0,0,cozy_cafe
bakery clerk,suburban_neighborhood,suburban_neighborhood,tag:daily_public,daily_public,1,0,0,0,cozy_cafe
bakery clerk,subway_ticket_gate,subway_ticket_gate,tag:urban,urban,1,0,0,0,cozy_cafe
bakery clerk,supermarket_aisle,supermarket_aisle,tag:urban,urban,1,0,0,0,cozy_cafe
bakery clerk,train_station_platform,train_station_platform,tag:urban,urban,1,0,0,0,cozy_cafe
bakery clerk,tram_platform,tram_platform,tag:urban,urban,1,0,0,0,cozy_cafe
bakery clerk,tropical_beach,tropical_beach,tag:leisure,leisure,1,0,0,0,cozy_cafe
bakery clerk,underground_bar,underground_bar,tag:leisure,leisure,1,0,0,0,cozy_cafe
bakery clerk,vehicle_repair_garage,vehicle_repair_garage,tag:urban,urban,1,0,0,0,cozy_cafe
bakery clerk,wave_barrel,wave_barrel,tag:leisure,leisure,1,0,0,0,cozy_cafe
bakery clerk,winter_street,winter_street,tag:daily_public,daily_public,1,0,0,0,cozy_cafe
bakery clerk,yoga_studio,yoga_studio,tag:leisure,leisure,1,0,0,0,cozy_cafe
balcony gardener,abandoned_shrine,abandoned_shrine,tag:nature,nature,1,0,0,0,mori_natural
balcony gardener,apartment_balcony,apartment_balcony,tag:home_life,home_life,1,0,0,0,mori_natural
balcony gardener,apartment_entryway,apartment_entryway,tag:home_life,home_life,1,0,0,0,mori_natural
balcony gardener,aquarium,aquarium,tag:daily_public,daily_public,1,0,0,0,mori_natural
balcony gardener,art_gallery,art_gallery,tag:daily_public,daily_public,1,0,0,0,mori_natural
balcony gardener,bamboo_forest,bamboo_forest,tag:nature,nature,1,0,0,0,mori_natural
balcony gardener,luxury_bathroom,bedroom_boudoir,tag:home_life,home_life,1,0,0,1,mori_natural
balcony gardener,bike_station,bike_station,tag:daily_public,daily_public,1,0,0,0,mori_natural
balcony gardener,botanical_garden,botanical_garden,tag:daily_public,daily_public,1,0,0,0,mori_natural
balcony gardener,bus_terminal,bus_terminal,tag:daily_public,daily_public,1,0,0,0,mori_natural
balcony gardener,canal_walkway,canal_walkway,tag:nature,nature,1,0,0,0,mori_natural
balcony gardener,clean_modern_kitchen,clean_modern_kitchen,tag:home_life,home_life,1,0,0,0,mori_natural
balcony gardener,clinic_waiting_room,clinic_waiting_room,tag:daily_public,daily_public,1,0,0,0,mori_natural
balcony gardener,community_center,community_center,tag:daily_public,daily_public,1,0,0,0,mori_natural
balcony gardener,community_garden,community_garden,tag:nature,nature,1,0,0,0,mori_natural
balcony gardener,commuter_transport,commuter_transport,tag:daily_public,daily_public,1,0,0,0,mori_natural
balcony gardener,cozy_bookstore,cozy_bookstore,tag:daily_public,daily_public,1,0,0,0,mori_natural
balcony gardener,cozy_living_room,cozy_living_room,tag:home_life,home_life,1,0,0,0,mori_natural
balcony gardener,enchanted_lake,enchanted_lake,tag:nature,nature,1,0,0,0,mori_natural
balcony gardener,fantasy_forest,fantasy_forest,tag:nature,nature,1,0,0,0,mori_natural
balcony gardener,ferry_terminal,ferry_terminal,tag:daily_public,daily_public,1,0,0,0,mori_natural
balcony gardener,fire_station,fire_station,tag:daily_public,daily_public,1,0,0,0,mori_natural
balcony gardener,flower_market,flower_market,tag:nature,nature,1,0,0,0,mori_natural
balcony gardener,forest_cabin,forest_cabin,tag:nature,nature,1,0,0,0,mori_natural
balcony gardener,greenhouse_nursery,greenhouse_nursery,tag:nature,nature,1,0,0,0,mori_natural
balcony gardener,illuminated_park,illuminated_park,tag:daily_public,daily_public,1,0,0,0,mori_natural
balcony gardener,japanese_garden,japanese_garden,tag:nature,nature,1,0,0,0,mori_natural
balcony gardener,laundromat,laundromat,tag:home_life,home_life,1,0,0,0,mori_natural
balcony gardener,local_market_street,local_market_street,tag:daily_public,daily_public,1,0,0,0,mori_natural
balcony gardener,museum_hall,museum_hall,tag:daily_public,daily_public,1,0,0,0,mori_natural
balcony gardener,neighborhood_crosswalk,neighborhood_crosswalk,tag:daily_public,daily_public,1,0,0,0,mori_natural
balcony gardener,neighborhood_playground,neighborhood_playground,tag:daily_public,daily_public,1,0,0,0,mori_natural
balcony gardener,picnic_park,picnic_park,tag:daily_public,daily_public,1,0,0,0,mori_natural
balcony gardener,postal_service_counter,postal_service_counter,tag:daily_public,daily_public,1,0,0,0,mori_natural
balcony gardener,public_library_lobby,public_library_lobby,tag:daily_public,daily_public,1,0,0,0,mori_natural
balcony gardener,public_plaza,public_plaza,tag:daily_public,daily_public,1,0,0,0,mori_natural
balcony gardener,rainy_bus_stop,rainy_alley,tag:daily_public,daily_public,1,0,0,1,mori_natural
balcony gardener,riverside_walk,riverside_walk,tag:daily_public,daily_public,1,0,0,0,mori_natural
balcony gardener,rooftop_laundry_area,rooftop_laundry_area,tag:home_life,home_life,1,0,0,0,mori_natural
balcony gardener,rural_town_street,rural_town_street,tag:daily_public,daily_public,1,0,0,0,mori_natural
balcony gardener,school_library,school_library,tag:daily_public,daily_public,1,0,0,0,mori_natural
balcony gardener,shinto_shrine,shinto_shrine,tag:nature,nature,1,0,0,0,mori_natural
balcony gardener,shopping_mall_atrium,shopping_mall_atrium,tag:daily_public,daily_public,1,0,0,0,mori_natural
balcony gardener,street_cafe,street_cafe,tag:daily_public,daily_public,1,0,0,0,mori_natural
balcony gardener,suburban_neighborhood,suburban_neighborhood,tag:daily_public,daily_public,1,0,0,0,mori_natural
balcony gardener,tram_platform,tram_platform,tag:daily_public,daily_public,1,0,0,0,mori_natural
balcony gardener,tropical_beach,tropical_beach,tag:nature,nature,1,0,0,0,mori_natural
balcony gardener,wave_barrel,wave_barrel,tag:nature,nature,1,0,0,0,mori_natural
balcony gardener,winter_street,winter_street,tag:daily_public,daily_public,1,0,0,0,mori_natural
barber,antique_shop,antique_shop,tag:retail_service,retail_service,1,0,0,0,street_casual
barber,aquarium,aquarium,tag:daily_public,daily_public,1,0,0,0,street_casual
barber,art_gallery,art_gallery,tag:daily_public,daily_public,1,0,0,0,street_casual
barber,bakery_shop,bakery_shop,tag:retail_service,retail_service,1,0,0,0,street_casual
barber,bedroom_boudoir,bedroom_boudoir,universal,,0,1,0,0,street_casual
barber,bike_station,bike_station,tag:daily_public,daily_public,1,0,0,0,street_casual
barber,boardroom,boardroom,tag:workplace,workplace,1,0,0,0,street_casual
barber,botanical_garden,botanical_garden,tag:daily_public,daily_public,1,0,0,0,street_casual
barber,bus_terminal,bus_terminal,tag:daily_public,daily_public,1,0,0,0,street_casual
barber,canal_walkway,canal_walkway,tag:daily_public,daily_public,1,0,0,0,street_casual
barber,clean_modern_kitchen,clean_modern_kitchen,universal,,0,1,0,0,street_casual
barber,clinic_waiting_room,clinic_waiting_room,existing,,0,0,1,0,street_casual
barber,community_center,community_center,tag:daily_public,daily_public,1,0,0,0,street_casual
barber,community_theater_backstage,community_theater_backstage,tag:workplace,workplace,1,0,0,0,street_casual
barber,commuter_transport,commuter_transport,tag:daily_public,daily_public,1,0,0,0,street_casual
barber,convenience_store,convenience_store,tag:retail_service,retail_service,1,0,0,0,street_casual
barber,coworking_space,coworking_space,tag:workplace,workplace,1,0,0,0,street_casual
barber,cozy_bookstore,cozy_bookstore,tag:daily_public,daily_public,1,0,0,0,street_casual
barber,cozy_living_room,cozy_living_room,universal,,0,1,0,0,street_casual
barber,design_studio,design_studio,tag:workplace,workplace,1,0,0,0,street_casual
barber,drugstore_aisle,drugstore_aisle,tag:retail_service,retail_service,1,0,0,0,street_casual
barber,family_restaurant,family_restaurant,tag:retail_service,retail_service,1,0,0,0,street_casual
barber,fashion_boutique,fashion_boutique,tag:retail_service,retail_service,1,0,0,0,street_casual
barber,ferry_terminal,ferry_terminal,tag:daily_public,daily_public,1,0,0,0,street_casual
barber,fire_station,fire_station,tag:daily_public,daily_public,1,0,0,0,street_casual
barber,flower_market,flower_market,tag:retail_service,retail_service,1,0,0,0,street_casual
barber,food_court,food_court,tag:retail_service,retail_service,1,0,0,0,street_casual
barber,greenhouse_nursery,greenhouse_nursery,tag:workplace,workplace,1,0,0,0,street_casual
barber,illuminated_park,illuminated_park,tag:daily_public,daily_public,1,0,0,0,street_casual
barber,local_market_street,local_market_street,tag:daily_public,daily_public,1,0,0,0,street_casual
barber,maker_space,maker_space,tag:workplace,workplace,1,0,0,0,street_casual
barber,messy_copy_room,messy_copy_room,tag:workplace,workplace,1,0,0,0,street_casual
barber,modern_office,modern_office,tag:workplace,workplace,1,0,0,0,street_casual
barber,museum_hall,museum_hall,tag:daily_public,daily_public,1,0,0,0,street_casual
barber,neighborhood_crosswalk,neighborhood_crosswalk,tag:daily_public,daily_public,1,0,0,0,street_casual
barber,neighborhood_playground,neighborhood_playground,tag:daily_public,daily_public,1,0,0,0,street_casual
barber,office_elevator,office_elevator,tag:workplace,workplace,1,0,0,0,street_casual
barber,picnic_park,picnic_park,tag:daily_public,daily_public,1,0,0,0,street_casual
barber,postal_service_counter,postal_service_counter,tag:daily_public,daily_public,1,0,0,0,street_casual
barber,print_shop,print_shop,tag:workplace,workplace,1,0,0,0,street_casual
barber,public_library_lobby,public_library_lobby,tag:daily_public,daily_public,1,0,0,0,street_casual
barber,public_plaza,public_plaza,tag:daily_public,daily_public,1,0,0,0,street_casual
barber,rainy_bus_stop,rainy_alley,tag:daily_public,daily_public,1,0,0,1,street_casual
barber,riverside_walk,riverside_walk,tag:daily_public,daily_public,1,0,0,0,street_casual
barber,rural_town_street,rural_town_street,tag:daily_public,daily_public,1,0,0,0,street_casual
barber,school_library,school_library,tag:daily_public,daily_public,1,0,0,0,street_casual
barber,shopping_arcade,shopping_arcade,tag:retail_service,retail_service,1,0,0,0,street_casual
barber,shopping_mall_atrium,shopping_mall_atrium,tag:daily_public,daily_public,1,0,0,0,street_casual
barber,street_cafe,street_cafe,tag:daily_public,daily_public,1,0,0,0,street_casual
barber,suburban_neighborhood,suburban_neighborhood,tag:daily_public,daily_public,1,0,0,0,street_casual
barber,supermarket_aisle,supermarket_aisle,tag:retail_service,retail_service,1,0,0,0,street_casual
barber,surveillance_room,surveillance_room,tag:workplace,workplace,1,0,0,0,street_casual
barber,train_station_platform,train_station_platform,tag:workplace,workplace,1,0,0,0,street_casual
barber,tram_platform,tram_platform,tag:daily_public,daily_public,1,0,0,0,street_casual
barber,vehicle_repair_garage,vehicle_repair_garage,tag:workplace,workplace,1,0,0,0,street_casual
barber,winter_street,winter_street,tag:daily_public,daily_public,1,0,0,0,street_casual
blonde elf archer,abandoned_shrine,abandoned_shrine,tag:nature,nature,1,0,0,0,fantasy_battle
blonde elf archer,alien_planet,alien_planet,tag:fantasy,fantasy,1,0,0,0,fantasy_battle
blonde elf archer,aquarium,aquarium,universal,,0,1,0,0,fantasy_battle
blonde elf archer,art_gallery,art_gallery,universal,,0,1,0,0,fantasy_battle
blonde elf archer,bamboo_forest,bamboo_forest,tag:nature,nature,1,0,0,0,fantasy_battle
blonde elf archer,bedroom_boudoir,bedroom_boudoir,universal,,0,1,0,0,fantasy_battle
blonde elf archer,botanical_garden,botanical_garden,universal,,0,1,0,0,fantasy_battle
blonde elf archer,burning_battlefield,burning_battlefield,tag:fantasy,fantasy,1,0,0,0,fantasy_battle
blonde elf archer,canal_walkway,canal_walkway,tag:nature,nature,1,0,0,0,fantasy_battle
blonde elf archer,castle_hall,castle_hall,tag:fantasy,fantasy,1,0,0,0,fantasy_battle
blonde elf archer,clean_modern_kitchen,clean_modern_kitchen,universal,,0,1,0,0,fantasy_battle
blonde elf archer,community_garden,community_garden,tag:nature,nature,1,0,0,0,fantasy_battle
blonde elf archer,cozy_living_room,cozy_living_room,universal,,0,1,0,0,fantasy_battle
blonde elf archer,dragon_lair,dragon_lair,tag:fantasy,fantasy,1,0,0,0,fantasy_battle
blonde elf archer,dungeon_crypt,dungeon_crypt,tag:fantasy,fantasy,1,0,0,0,fantasy_battle
blonde elf archer,enchanted_lake,enchanted_lake,tag:nature,nature,1,0,0,0,fantasy_battle
blonde elf archer,fantasy_forest,fantasy_forest,existing,,0,0,1,0,fantasy_battle
blonde elf archer,flower_market,flower_market,tag:nature,nature,1,0,0,0,fantasy_battle
blonde elf archer,forest_cabin,forest_cabin,tag:nature,nature,1,0,0,0,fantasy_battle
blonde elf archer,greenhouse_nursery,greenhouse_nursery,tag:nature,nature,1,0,0,0,fantasy_battle
blonde elf archer,illuminated_park,illuminated_park,universal,,0,1,0,0,fantasy_battle
blonde elf archer,japanese_garden,japanese_garden,tag:nature,nature,1,0,0,0,fantasy_battle
blonde elf archer,magic_academy_library,magic_academy_library,tag:fantasy,fantasy,1,0,0,0,fantasy_battle
blonde elf archer,museum_hall,museum_hall,universal,,0,1,0,0,fantasy_battle
blonde elf archer,picnic_park,picnic_park,universal,,0,1,0,0,fantasy_battle
blonde elf archer,rainy_bus_stop,rainy_alley,universal,,0,1,0,1,fantasy_battle
blonde elf archer,rural_town_street,rural_town_street,universal,,0,1,0,0,fantasy_battle
blonde elf archer,school_library,school_library,universal,,0,1,0,0,fantasy_battle
blonde elf archer,shinto_shrine,shinto_shrine,tag:nature,nature,1,0,0,0,fantasy_battle
blonde elf archer,suburban_neighborhood,suburban_neighborhood,universal,,0,1,0,0,fantasy_battle
blonde elf archer,tropical_beach,tropical_beach,tag:nature,nature,1,0,0,0,fantasy_battle
blonde elf archer,wave_barrel,wave_barrel,tag:nature,nature,1,0,0,0,fantasy_battle
blonde elf archer,winter_street,winter_street,universal,,0,1,0,0,fantasy_battle
bookworm girl,antique_shop,antique_shop,existing,,0,0,1,0,school_uniform
bookworm girl,aquarium,aquarium,tag:leisure,leisure,1,0,0,0,school_uniform
bookworm girl,art_gallery,art_gallery,tag:leisure,leisure,1,0,0,0,school_uniform
bookworm girl,bakery_shop,bakery_shop,tag:retail_service,retail_service,1,0,0,0,school_uniform
bookworm girl,bedroom_boudoir,bedroom_boudoir,universal,,0,1,0,0,school_uniform
bookworm girl,bike_station,bike_station,tag:transit,transit,1,0,0,0,school_uniform
bookworm girl,botanical_garden,botanical_garden,tag:leisure,leisure,1,0,0,0,school_uniform
bookworm girl,bus_terminal,bus_terminal,tag:transit,transit,1,0,0,0,school_uniform
bookworm girl,campus_cafeteria,campus_cafeteria,tag:school,school,1,0,0,0,school_uniform
bookworm girl,campus_hallway,campus_hallway,tag:school,school,1,0,0,0,school_uniform
bookworm girl,canal_walkway,canal_walkway,tag:daily_public,daily_public,1,0,0,0,school_uniform
bookworm girl,cinema_lobby,cinema_lobby,tag:leisure,leisure,1,0,0,0,school_uniform
bookworm girl,clean_modern_kitchen,clean_modern_kitchen,universal,,0,1,0,0,school_uniform
bookworm girl,clinic_waiting_room,clinic_waiting_room,tag:quiet_indoor,quiet_indoor,1,0,0,0,school_uniform
bookworm girl,community_center,community_center,tag:daily_public,daily_public,1,0,0,0,school_uniform
bookworm girl,community_garden,community_garden,tag:suburban,suburban,1,0,0,0,school_uniform
bookworm girl,community_theater_backstage,community_theater_backstage,tag:leisure,leisure,1,0,0,0,school_uniform
bookworm girl,commuter_transport,commuter_transport,tag:transit,transit,1,0,0,0,school_uniform
bookworm girl,concert_stage,concert_stage,tag:leisure,leisure,1,0,0,0,school_uniform
bookworm girl,convenience_store,convenience_store,tag:retail_service,retail_service,1,0,0,0,school_uniform
bookworm girl,cozy_bookstore,cozy_bookstore,tag:retail_service,retail_service,1,0,0,0,school_uniform
bookworm girl,cozy_living_room,cozy_living_room,universal,,0,1,0,0,school_uniform
bookworm girl,design_studio,design_studio,tag:quiet_indoor,quiet_indoor,1,0,0,0,school_uniform
bookworm girl,drugstore_aisle,drugstore_aisle,tag:retail_service,retail_service,1,0,0,0,school_uniform
bookworm girl,family_restaurant,family_restaurant,tag:retail_service,retail_service,1,0,0,0,school_uniform
bookworm girl,fashion_boutique,fashion_boutique,tag:retail_service,retail_service,1,0,0,0,school_uniform
bookworm girl,ferry_terminal,ferry_terminal,tag:transit,transit,1,0,0,0,school_uniform
bookworm girl,fire_station,fire_station,tag:daily_public,daily_public,1,0,0,0,school_uniform
bookworm girl,fitness_gym,fitness_gym,tag:leisure,leisure,1,0,0,0,school_uniform
bookworm girl,flower_market,flower_market,tag:retail_service,retail_service,1,0,0,0,school_uniform
bookworm girl,food_court,food_court,tag:leisure,leisure,1,0,0,0,school_uniform
bookworm girl,game_arcade,game_arcade,tag:leisure,leisure,1,0,0,0,school_uniform
bookworm girl,greenhouse_nursery,greenhouse_nursery,tag:retail_service,retail_service,1,0,0,0,school_uniform
bookworm girl,illuminated_park,illuminated_park,tag:daily_public,daily_public,1,0,0,0,school_uniform
bookworm girl,karaoke_bar,karaoke_bar,tag:leisure,leisure,1,0,0,0,school_uniform
bookworm girl,local_market_street,local_market_street,tag:retail_service,retail_service,1,0,0,0,school_uniform
bookworm girl,luxury_hotel_lobby,luxury_hotel_lobby,tag:leisure,leisure,1,0,0,0,school_uniform
bookworm girl,luxury_hotel_room,luxury_hotel_room,tag:leisure,leisure,1,0,0,0,school_uniform
bookworm girl,mountain_resort,mountain_resort,tag:leisure,leisure,1,0,0,0,school_uniform
bookworm girl,museum_hall,museum_hall,tag:leisure,leisure,1,0,0,0,school_uniform
bookworm girl,neighborhood_crosswalk,neighborhood_crosswalk,tag:transit,transit,1,0,0,0,school_uniform
bookworm girl,neighborhood_playground,neighborhood_playground,tag:daily_public,daily_public,1,0,0,0,school_uniform
bookworm girl,observatory_dome,observatory_dome,tag:leisure,leisure,1,0,0,0,school_uniform
bookworm girl,opera_house,opera_house,tag:leisure,leisure,1,0,0,0,school_uniform
bookworm girl,picnic_park,picnic_park,tag:daily_public,daily_public,1,0,0,0,school_uniform
bookworm girl,poolside_resort,poolside_resort,tag:leisure,leisure,1,0,0,0,school_uniform
bookworm girl,postal_service_counter,postal_service_counter,tag:retail_service,retail_service,1,0,0,0,school_uniform
bookworm girl,print_shop,print_shop,tag:retail_service,retail_service,1,0,0,0,school_uniform
bookworm girl,public_library_lobby,public_library_lobby,tag:quiet_indoor,quiet_indoor,1,0,0,0,school_uniform
bookworm girl,public_plaza,public_plaza,tag:leisure,leisure,1,0,0,0,school_uniform
bookworm girl,rainy_bus_stop,rainy_alley,tag:transit,transit,1,0,0,1,school_uniform
bookworm girl,recording_studio,recording_studio,tag:leisure,leisure,1,0,0,0,school_uniform
bookworm girl,riverside_walk,riverside_walk,tag:daily_public,daily_public,1,0,0,0,school_uniform
bookworm girl,rooftop_cafe,rooftop_cafe,tag:leisure,leisure,1,0,0,0,school_uniform
bookworm girl,rural_town_street,rural_town_street,tag:daily_public,daily_public,1,0,0,0,school_uniform
bookworm girl,school_classroom,school_classroom,tag:school,school,1,0,0,0,school_uniform
bookworm girl,school_clubroom,school_clubroom,tag:quiet_indoor,quiet_indoor,1,0,0,0,school_uniform
bookworm girl,school_gym_hall,school_gym_hall,tag:school,school,1,0,0,0,school_uniform
bookworm girl,school_library,school_library,tag:quiet_indoor,quiet_indoor,1,0,0,0,school_uniform
bookworm girl,school_rooftop,school_rooftop,tag:school,school,1,0,0,0,school_uniform
bookworm girl,shopping_arcade,shopping_arcade,tag:retail_service,retail_service,1,0,0,0,school_uniform
bookworm girl,shopping_mall_atrium,shopping_mall_atrium,tag:retail_service,retail_service,1,0,0,0,school_uniform
bookworm girl,stadium_court,stadium_court,tag:leisure,leisure,1,0,0,0,school_uniform
bookworm girl,street_cafe,street_cafe,tag:retail_service,retail_service,1,0,0,0,school_uniform
bookworm girl,suburban_neighborhood,suburban_neighborhood,tag:daily_public,daily_public,1,0,0,0,school_uniform
bookworm girl,subway_ticket_gate,subway_ticket_gate,tag:transit,transit,1,0,0,0,school_uniform
bookworm girl,supermarket_aisle,supermarket_aisle,tag:retail_service,retail_service,1,0,0,0,school_uniform
bookworm girl,tea_room,tea_room,tag:quiet_indoor,quiet_indoor,1,0,0,0,school_uniform
bookworm girl,train_station_platform,train_station_platform,tag:transit,transit,1,0,0,0,school_uniform
bookworm girl,tram_platform,tram_platform,tag:transit,transit,1,0,0,0,school_uniform
bookworm girl,tropical_beach,tropical_beach,tag:leisure,leisure,1,0,0,0,school_uniform
bookworm girl,underground_bar,underground_bar,tag:leisure,leisure,1,0,0,0,school_uniform
bookworm girl,university_campus_courtyard,university_campus_courtyard,tag:school,school,1,0,0,0,school_uniform
bookworm girl,wave_barrel,wave_barrel,tag:leisure,leisure,1,0,0,0,school_uniform
bookworm girl,winter_street,winter_street,tag:daily_public,daily_public,1,0,0,0,school_uniform
bookworm girl,yoga_studio,yoga_studio,tag:leisure,leisure,1,0,0,0,school_uniform
boutique customer,antique_shop,antique_shop,tag:retail_service,retail_service,1,0,0,0,urban_shopping
boutique customer,aquarium,aquarium,tag:leisure,leisure,1,0,0,0,urban_shopping
boutique customer,art_gallery,art_gallery,tag:leisure,leisure,1,0,0,0,urban_shopping
boutique customer,bakery_shop,bakery_shop,tag:urban,urban,1,0,0,0,urban_shopping
boutique customer,bedroom_boudoir,bedroom_boudoir,universal,,0,1,0,0,urban_shopping
boutique customer,bike_station,bike_station,tag:urban,urban,1,0,0,0,urban_shopping
boutique customer,botanical_garden,botanical_garden,tag:leisure,leisure,1,0,0,0,urban_shopping
boutique customer,bus_terminal,bus_terminal,tag:daily_public,daily_public,1,0,0,0,urban_shopping
boutique customer,canal_walkway,canal_walkway,tag:urban,urban,1,0,0,0,urban_shopping
boutique customer,cinema_lobby,cinema_lobby,tag:leisure,leisure,1,0,0,0,urban_shopping
boutique customer,clean_modern_kitchen,clean_modern_kitchen,universal,,0,1,0,0,urban_shopping
boutique customer,clinic_waiting_room,clinic_waiting_room,tag:daily_public,daily_public,1,0,0,0,urban_shopping
boutique customer,community_center,community_center,tag:daily_public,daily_public,1,0,0,0,urban_shopping
boutique customer,community_theater_backstage,community_theater_backstage,tag:leisure,leisure,1,0,0,0,urban_shopping
boutique customer,commuter_transport,commuter_transport,tag:daily_public,daily_public,1,0,0,0,urban_shopping
boutique customer,concert_stage,concert_stage,tag:leisure,leisure,1,0,0,0,urban_shopping
boutique customer,convenience_store,convenience_store,tag:urban,urban,1,0,0,0,urban_shopping
boutique customer,cozy_bookstore,cozy_bookstore,tag:urban,urban,1,0,0,0,urban_shopping
boutique customer,cozy_living_room,cozy_living_room,universal,,0,1,0,0,urban_shopping
boutique customer,neon_city_street,cyberpunk_street,tag:urban,urban,1,0,0,1,urban_shopping
boutique customer,drugstore_aisle,drugstore_aisle,tag:urban,urban,1,0,0,0,urban_shopping
boutique customer,family_restaurant,family_restaurant,tag:urban,urban,1,0,0,0,urban_shopping
boutique customer,fashion_boutique,fashion_boutique,tag:urban,urban,1,0,0,0,urban_shopping
boutique customer,ferry_terminal,ferry_terminal,tag:daily_public,daily_public,1,0,0,0,urban_shopping
boutique customer,fire_station,fire_station,tag:daily_public,daily_public,1,0,0,0,urban_shopping
boutique customer,fitness_gym,fitness_gym,tag:leisure,leisure,1,0,0,0,urban_shopping
boutique customer,flower_market,flower_market,tag:urban,urban,1,0,0,0,urban_shopping
boutique customer,food_court,food_court,tag:leisure,leisure,1,0,0,0,urban_shopping
boutique customer,game_arcade,game_arcade,tag:leisure,leisure,1,0,0,0,urban_shopping
boutique customer,greenhouse_nursery,greenhouse_nursery,tag:retail_service,retail_service,1,0,0,0,urban_shopping
boutique customer,illuminated_park,illuminated_park,tag:urban,urban,1,0,0,0,urban_shopping
boutique customer,karaoke_bar,karaoke_bar,tag:leisure,leisure,1,0,0,0,urban_shopping
boutique customer,local_market_street,local_market_street,tag:urban,urban,1,0,0,0,urban_shopping
boutique customer,luxury_hotel_lobby,luxury_hotel_lobby,tag:leisure,leisure,1,0,0,0,urban_shopping
boutique customer,luxury_hotel_room,luxury_hotel_room,tag:leisure,leisure,1,0,0,0,urban_shopping
boutique customer,mountain_resort,mountain_resort,tag:leisure,leisure,1,0,0,0,urban_shopping
boutique customer,museum_hall,museum_hall,tag:leisure,leisure,1,0,0,0,urban_shopping
boutique customer,neighborhood_crosswalk,neighborhood_crosswalk,tag:daily_public,daily_public,1,0,0,0,urban_shopping
boutique customer,neighborhood_playground,neighborhood_playground,tag:daily_public,daily_public,1,0,0,0,urban_shopping
boutique customer,observatory_dome,observatory_dome,tag:leisure,leisure,1,0,0,0,urban_shopping
boutique customer,opera_house,opera_house,tag:leisure,leisure,1,0,0,0,urban_shopping
boutique customer,picnic_park,picnic_park,tag:daily_public,daily_public,1,0,0,0,urban_shopping
boutique customer,poolside_resort,poolside_resort,tag:leisure,leisure,1,0,0,0,urban_shopping
boutique customer,postal_service_counter,postal_service_counter,tag:daily_public,daily_public,1,0,0,0,urban_shopping
boutique customer,print_shop,print_shop,tag:urban,urban,1,0,0,0,urban_shopping
boutique customer,public_library_lobby,public_library_lobby,tag:daily_public,daily_public,1,0,0,0,urban_shopping
boutique customer,public_plaza,public_plaza,tag:leisure,leisure,1,0,0,0,urban_shopping
boutique customer,rainy_alley,rainy_alley,tag:urban,urban,1,0,0,0,urban_shopping
boutique customer,recording_studio,recording_studio,tag:leisure,leisure,1,0,0,0,urban_shopping
boutique customer,riverside_walk,riverside_walk,tag:daily_public,daily_public,1,0,0,0,urban_shopping
boutique customer,rooftop_cafe,rooftop_cafe,tag:leisure,leisure,1,0,0,0,urban_shopping
boutique customer,rural_town_street,rural_town_street,tag:daily_public,daily_public,1,0,0,0,urban_shopping
boutique customer,school_library,school_library,tag:daily_public,daily_public,1,0,0,0,urban_shopping
boutique customer,shopping_arcade,shopping_arcade,tag:urban,urban,1,0,0,0,urban_shopping
boutique customer,shopping_mall_atrium,shopping_mall_atrium,tag:urban,urban,1,0,0,0,urban_shopping
boutique customer,stadium_court,stadium_court,tag:leisure,leisure,1,0,0,0,urban_shopping
boutique customer,street_cafe,street_cafe,tag:urban,urban,1,0,0,0,urban_shopping
boutique customer,suburban_neighborhood,suburban_neighborhood,tag:daily_public,daily_public,1,0,0,0,urban_shopping
boutique customer,subway_ticket_gate,subway_ticket_gate,tag:urban,urban,1,0,0,0,urban_shopping
boutique customer,supermarket_aisle,supermarket_aisle,tag:urban,urban,1,0,0,0,urban_shopping
boutique customer,train_station_platform,train_station_platform,tag:urban,urban,1,0,0,0,urban_shopping
boutique customer,tram_platform,tram_platform,tag:urban,urban,1,0,0,0,urban_shopping
boutique customer,tropical_beach,tropical_beach,tag:leisure,leisure,1,0,0,0,urban_shopping
boutique customer,underground_bar,underground_bar,tag:leisure,leisure,1,0,0,0,urban_shopping
boutique customer,vehicle_repair_garage,vehicle_repair_garage,tag:urban,urban,1,0,0,0,urban_shopping
boutique customer,wave_barrel,wave_barrel,tag:leisure,leisure,1,0,0,0,urban_shopping
boutique customer,winter_street,winter_street,tag:daily_public,daily_public,1,0,0,0,urban_shopping
boutique customer,yoga_studio,yoga_studio,tag:leisure,leisure,1,0,0,0,urban_shopping
business girl,antique_shop,antique_shop,tag:retail_service,retail_service,1,0,0,0,office_lady
business girl,aquarium,aquarium,tag:leisure,leisure,1,0,0,0,office_lady
business girl,art_gallery,art_gallery,tag:leisure,leisure,1,0,0,0,office_lady
business girl,bakery_shop,bakery_shop,tag:retail_service,retail_service,1,0,0,0,office_lady
business girl,bedroom_boudoir,bedroom_boudoir,universal,,0,1,0,0,office_lady
business girl,bike_station,bike_station,tag:transit,transit,1,0,0,0,office_lady
business girl,boardroom,boardroom,tag:workplace,workplace,1,0,0,0,office_lady
business girl,botanical_garden,botanical_garden,tag:leisure,leisure,1,0,0,0,office_lady
business girl,bus_terminal,bus_terminal,tag:transit,transit,1,0,0,0,office_lady
business girl,canal_walkway,canal_walkway,tag:daily_public,daily_public,1,0,0,0,office_lady
business girl,cinema_lobby,cinema_lobby,tag:leisure,leisure,1,0,0,0,office_lady
business girl,clean_modern_kitchen,clean_modern_kitchen,universal,,0,1,0,0,office_lady
business girl,clinic_waiting_room,clinic_waiting_room,tag:workplace,workplace,1,0,0,0,office_lady
business girl,community_center,community_center,tag:daily_public,daily_public,1,0,0,0,office_lady
business girl,community_theater_backstage,community_theater_backstage,tag:leisure,leisure,1,0,0,0,office_lady
business girl,commuter_transport,commuter_transport,tag:transit,transit,1,0,0,0,office_lady
business girl,concert_stage,concert_stage,tag:leisure,leisure,1,0,0,0,office_lady
business girl,convenience_store,convenience_store,tag:retail_service,retail_service,1,0,0,0,office_lady
business girl,coworking_space,coworking_space,tag:workplace,workplace,1,0,0,0,office_lady
business girl,cozy_bookstore,cozy_bookstore,tag:retail_service,retail_service,1,0,0,0,office_lady
business girl,cozy_living_room,cozy_living_room,universal,,0,1,0,0,office_lady
business girl,neon_city_street,cyberpunk_street,tag:urban,urban,1,0,0,1,office_lady
business girl,design_studio,design_studio,tag:workplace,workplace,1,0,0,0,office_lady
business girl,drugstore_aisle,drugstore_aisle,tag:retail_service,retail_service,1,0,0,0,office_lady
business girl,family_restaurant,family_restaurant,tag:retail_service,retail_service,1,0,0,0,office_lady
business girl,ferry_terminal,ferry_terminal,tag:transit,transit,1,0,0,0,office_lady
business girl,fire_station,fire_station,tag:workplace,workplace,1,0,0,0,office_lady
business girl,fitness_gym,fitness_gym,tag:leisure,leisure,1,0,0,0,office_lady
business girl,flower_market,flower_market,tag:retail_service,retail_service,1,0,0,0,office_lady
business girl,food_court,food_court,tag:leisure,leisure,1,0,0,0,office_lady
business girl,game_arcade,game_arcade,tag:leisure,leisure,1,0,0,0,office_lady
business girl,greenhouse_nursery,greenhouse_nursery,tag:retail_service,retail_service,1,0,0,0,office_lady
business girl,illuminated_park,illuminated_park,tag:daily_public,daily_public,1,0,0,0,office_lady
business girl,local_market_street,local_market_street,tag:retail_service,retail_service,1,0,0,0,office_lady
business girl,luxury_hotel_room,luxury_hotel_room,tag:leisure,leisure,1,0,0,0,office_lady
business girl,maker_space,maker_space,tag:workplace,workplace,1,0,0,0,office_lady
business girl,messy_copy_room,messy_copy_room,tag:workplace,workplace,1,0,0,0,office_lady
business girl,modern_office,modern_office,existing,,0,0,1,0,office_lady
business girl,mountain_resort,mountain_resort,tag:leisure,leisure,1,0,0,0,office_lady
business girl,museum_hall,museum_hall,tag:leisure,leisure,1,0,0,0,office_lady
business girl,neighborhood_crosswalk,neighborhood_crosswalk,tag:transit,transit,1,0,0,0,office_lady
business girl,neighborhood_playground,neighborhood_playground,tag:daily_public,daily_public,1,0,0,0,office_lady
business girl,observatory_dome,observatory_dome,tag:leisure,leisure,1,0,0,0,office_lady
business girl,office_elevator,office_elevator,existing,,0,0,1,0,office_lady
business girl,opera_house,opera_house,tag:leisure,leisure,1,0,0,0,office_lady
business girl,picnic_park,picnic_park,tag:daily_public,daily_public,1,0,0,0,office_lady
business girl,poolside_resort,poolside_resort,tag:leisure,leisure,1,0,0,0,office_lady
business girl,postal_service_counter,postal_service_counter,tag:retail_service,retail_service,1,0,0,0,office_lady
business girl,print_shop,print_shop,tag:retail_service,retail_service,1,0,0,0,office_lady
business girl,public_library_lobby,public_library_lobby,tag:daily_public,daily_public,1,0,0,0,office_lady
business girl,public_plaza,public_plaza,tag:leisure,leisure,1,0,0,0,office_lady
business girl,rainy_bus_stop,rainy_alley,tag:transit,transit,1,0,0,1,office_lady
business girl,recording_studio,recording_studio,tag:leisure,leisure,1,0,0,0,office_lady
business girl,riverside_walk,riverside_walk,tag:daily_public,daily_public,1,0,0,0,office_lady
business girl,rooftop_cafe,rooftop_cafe,tag:leisure,leisure,1,0,0,0,office_lady
business girl,rural_town_street,rural_town_street,tag:daily_public,daily_public,1,0,0,0,office_lady
business girl,school_library,school_library,tag:daily_public,daily_public,1,0,0,0,office_lady
business girl,shopping_arcade,shopping_arcade,tag:retail_service,retail_service,1,0,0,0,office_lady
business girl,shopping_mall_atrium,shopping_mall_atrium,tag:retail_service,retail_service,1,0,0,0,office_lady
business girl,stadium_court,stadium_court,tag:leisure,leisure,1,0,0,0,office_lady
business girl,street_cafe,street_cafe,tag:retail_service,retail_service,1,0,0,0,office_lady
business girl,suburban_neighborhood,suburban_neighborhood,tag:daily_public,daily_public,1,0,0,0,office_lady
business girl,subway_ticket_gate,subway_ticket_gate,tag:transit,transit,1,0,0,0,office_lady
business girl,supermarket_aisle,supermarket_aisle,tag:retail_service,retail_service,1,0,0,0,office_lady
business girl,surveillance_room,surveillance_room,tag:workplace,workplace,1,0,0,0,office_lady
business girl,train_station_platform,train_station_platform,tag:transit,transit,1,0,0,0,office_lady
business girl,tram_platform,tram_platform,tag:transit,transit,1,0,0,0,office_lady
business girl,tropical_beach,tropical_beach,tag:leisure,leisure,1,0,0,0,office_lady
business girl,vehicle_repair_garage,vehicle_repair_garage,tag:workplace,workplace,1,0,0,0,office_lady
business girl,wave_barrel,wave_barrel,tag:leisure,leisure,1,0,0,0,office_lady
business girl,winter_street,winter_street,tag:daily_public,daily_public,1,0,0,0,office_lady
business girl,yoga_studio,yoga_studio,tag:leisure,leisure,1,0,0,0,office_lady
cafe barista,antique_shop,antique_shop,tag:retail_service,retail_service,1,0,0,0,cozy_cafe
cafe barista,aquarium,aquarium,tag:leisure,leisure,1,0,0,0,cozy_cafe
cafe barista,art_gallery,art_gallery,tag:leisure,leisure,1,0,0,0,cozy_cafe
cafe barista,bakery_shop,bakery_shop,tag:retail_service,retail_service,1,0,0,0,cozy_cafe
cafe barista,bedroom_boudoir,bedroom_boudoir,universal,,0,1,0,0,cozy_cafe
cafe barista,bike_station,bike_station,tag:daily_public,daily_public,1,0,0,0,cozy_cafe
cafe barista,botanical_garden,botanical_garden,tag:leisure,leisure,1,0,0,0,cozy_cafe
cafe barista,bus_terminal,bus_terminal,tag:daily_public,daily_public,1,0,0,0,cozy_cafe
cafe barista,canal_walkway,canal_walkway,tag:daily_public,daily_public,1,0,0,0,cozy_cafe
cafe barista,cinema_lobby,cinema_lobby,tag:leisure,leisure,1,0,0,0,cozy_cafe
cafe barista,clean_modern_kitchen,clean_modern_kitchen,universal,,0,1,0,0,cozy_cafe
cafe barista,clinic_waiting_room,clinic_waiting_room,tag:daily_public,daily_public,1,0,0,0,cozy_cafe
cafe barista,community_center,community_center,tag:daily_public,daily_public,1,0,0,0,cozy_cafe
cafe barista,community_garden,community_garden,tag:suburban,suburban,1,0,0,0,cozy_cafe
cafe barista,community_theater_backstage,community_theater_backstage,tag:leisure,leisure,1,0,0,0,cozy_cafe
cafe barista,commuter_transport,commuter_transport,tag:daily_public,daily_public,1,0,0,0,cozy_cafe
cafe barista,concert_stage,concert_stage,tag:leisure,leisure,1,0,0,0,cozy_cafe
cafe barista,convenience_store,convenience_store,tag:retail_service,retail_service,1,0,0,0,cozy_cafe
cafe barista,cozy_bookstore,cozy_bookstore,tag:retail_service,retail_service,1,0,0,0,cozy_cafe
cafe barista,cozy_living_room,cozy_living_room,universal,,0,1,0,0,cozy_cafe
cafe barista,neon_city_street,cyberpunk_street,tag:urban,urban,1,0,0,1,cozy_cafe
cafe barista,drugstore_aisle,drugstore_aisle,tag:retail_service,retail_service,1,0,0,0,cozy_cafe
cafe barista,family_restaurant,family_restaurant,tag:retail_service,retail_service,1,0,0,0,cozy_cafe
cafe barista,fashion_boutique,fashion_boutique,tag:retail_service,retail_service,1,0,0,0,cozy_cafe
cafe barista,ferry_terminal,ferry_terminal,tag:daily_public,daily_public,1,0,0,0,cozy_cafe
cafe barista,fire_station,fire_station,tag:daily_public,daily_public,1,0,0,0,cozy_cafe
cafe barista,fitness_gym,fitness_gym,tag:leisure,leisure,1,0,0,0,cozy_cafe
cafe barista,flower_market,flower_market,tag:retail_service,retail_service,1,0,0,0,cozy_cafe
cafe barista,food_court,food_court,tag:leisure,leisure,1,0,0,0,cozy_cafe
cafe barista,game_arcade,game_arcade,tag:leisure,leisure,1,0,0,0,cozy_cafe
cafe barista,greenhouse_nursery,greenhouse_nursery,tag:retail_service,retail_service,1,0,0,0,cozy_cafe
cafe barista,illuminated_park,illuminated_park,tag:daily_public,daily_public,1,0,0,0,cozy_cafe
cafe barista,karaoke_bar,karaoke_bar,tag:leisure,leisure,1,0,0,0,cozy_cafe
cafe barista,local_market_street,local_market_street,tag:retail_service,retail_service,1,0,0,0,cozy_cafe
cafe barista,luxury_hotel_lobby,luxury_hotel_lobby,tag:leisure,leisure,1,0,0,0,cozy_cafe
cafe barista,luxury_hotel_room,luxury_hotel_room,tag:leisure,leisure,1,0,0,0,cozy_cafe
cafe barista,mountain_resort,mountain_resort,tag:leisure,leisure,1,0,0,0,cozy_cafe
cafe barista,museum_hall,museum_hall,tag:leisure,leisure,1,0,0,0,cozy_cafe
cafe barista,neighborhood_crosswalk,neighborhood_crosswalk,tag:daily_public,daily_public,1,0,0,0,cozy_cafe
cafe barista,neighborhood_playground,neighborhood_playground,tag:daily_public,daily_public,1,0,0,0,cozy_cafe
cafe barista,observatory_dome,observatory_dome,tag:leisure,leisure,1,0,0,0,cozy_cafe
cafe barista,opera_house,opera_house,tag:leisure,leisure,1,0,0,0,cozy_cafe
cafe barista,picnic_park,picnic_park,tag:daily_public,daily_public,1,0,0,0,cozy_cafe
cafe barista,postal_service_counter,postal_service_counter,tag:retail_service,retail_service,1,0,0,0,cozy_cafe
cafe barista,print_shop,print_shop,tag:retail_service,retail_service,1,0,0,0,cozy_cafe
cafe barista,public_library_lobby,public_library_lobby,tag:daily_public,daily_public,1,0,0,0,cozy_cafe
cafe barista,public_plaza,public_plaza,tag:leisure,leisure,1,0,0,0,cozy_cafe
cafe barista,rainy_bus_stop,rainy_alley,tag:daily_public,daily_public,1,0,0,1,cozy_cafe
cafe barista,recording_studio,recording_studio,tag:leisure,leisure,1,0,0,0,cozy_cafe
cafe barista,riverside_walk,riverside_walk,tag:daily_public,daily_public,1,0,0,0,cozy_cafe
cafe barista,rooftop_cafe,rooftop_cafe,tag:leisure,leisure,1,0,0,0,cozy_cafe
cafe barista,rural_town_street,rural_town_street,tag:daily_public,daily_public,1,0,0,0,cozy_cafe
cafe barista,school_library,school_library,tag:daily_public,daily_public,1,0,0,0,cozy_cafe
cafe barista,shopping_arcade,shopping_arcade,tag:retail_service,retail_service,1,0,0,0,cozy_cafe
cafe barista,shopping_mall_atrium,shopping_mall_atrium,tag:retail_service,retail_service,1,0,0,0,cozy_cafe
cafe barista,stadium_court,stadium_court,tag:leisure,leisure,1,0,0,0,cozy_cafe
cafe barista,street_cafe,street_cafe,existing,,0,0,1,0,cozy_cafe
cafe barista,suburban_neighborhood,suburban_neighborhood,tag:daily_public,daily_public,1,0,0,0,cozy_cafe
cafe barista,subway_ticket_gate,subway_ticket_gate,tag:urban,urban,1,0,0,0,cozy_cafe
cafe barista,supermarket_aisle,supermarket_aisle,tag:retail_service,retail_service,1,0,0,0,cozy_cafe
cafe barista,train_station_platform,train_station_platform,tag:urban,urban,1,0,0,0,cozy_cafe
cafe barista,tram_platform,tram_platform,tag:daily_public,daily_public,1,0,0,0,cozy_cafe
cafe barista,tropical_beach,tropical_beach,tag:leisure,leisure,1,0,0,0,cozy_cafe
cafe barista,underground_bar,underground_bar,tag:leisure,leisure,1,0,0,0,cozy_cafe
cafe barista,vehicle_repair_garage,vehicle_repair_garage,tag:urban,urban,1,0,0,0,cozy_cafe
cafe barista,wave_barrel,wave_barrel,tag:leisure,leisure,1,0,0,0,cozy_cafe
cafe barista,winter_street,winter_street,tag:daily_public,daily_public,1,0,0,0,cozy_cafe
cafe barista,yoga_studio,yoga_studio,tag:leisure,leisure,1,0,0,0,cozy_cafe
cafe customer,antique_shop,antique_shop,tag:retail_service,retail_service,1,0,0,0,cozy_cafe
cafe customer,aquarium,aquarium,tag:leisure,leisure,1,0,0,0,cozy_cafe
cafe customer,art_gallery,art_gallery,tag:leisure,leisure,1,0,0,0,cozy_cafe
cafe customer,bakery_shop,bakery_shop,existing,,0,0,1,0,cozy_cafe
cafe customer,bedroom_boudoir,bedroom_boudoir,universal,,0,1,0,0,cozy_cafe
cafe customer,bike_station,bike_station,tag:daily_public,daily_public,1,0,0,0,cozy_cafe
cafe customer,botanical_garden,botanical_garden,tag:leisure,leisure,1,0,0,0,cozy_cafe
cafe customer,bus_terminal,bus_terminal,tag:daily_public,daily_public,1,0,0,0,cozy_cafe
cafe customer,canal_walkway,canal_walkway,tag:daily_public,daily_public,1,0,0,0,cozy_cafe
cafe customer,cinema_lobby,cinema_lobby,tag:leisure,leisure,1,0,0,0,cozy_cafe
cafe customer,clean_modern_kitchen,clean_modern_kitchen,universal,,0,1,0,0,cozy_cafe
cafe customer,clinic_waiting_room,clinic_waiting_room,tag:daily_public,daily_public,1,0,0,0,cozy_cafe
cafe customer,community_center,community_center,tag:daily_public,daily_public,1,0,0,0,cozy_cafe
cafe customer,community_garden,community_garden,tag:suburban,suburban,1,0,0,0,cozy_cafe
cafe customer,community_theater_backstage,community_theater_backstage,tag:leisure,leisure,1,0,0,0,cozy_cafe
cafe customer,commuter_transport,commuter_transport,tag:daily_public,daily_public,1,0,0,0,cozy_cafe
cafe customer,concert_stage,concert_stage,tag:leisure,leisure,1,0,0,0,cozy_cafe
cafe customer,convenience_store,convenience_store,tag:retail_service,retail_service,1,0,0,0,cozy_cafe
cafe customer,cozy_bookstore,cozy_bookstore,tag:retail_service,retail_service,1,0,0,0,cozy_cafe
cafe customer,cozy_living_room,cozy_living_room,universal,,0,1,0,0,cozy_cafe
cafe customer,neon_city_street,cyberpunk_street,tag:urban,urban,1,0,0,1,cozy_cafe
cafe customer,drugstore_aisle,drugstore_aisle,tag:retail_service,retail_service,1,0,0,0,cozy_cafe
cafe customer,family_restaurant,family_restaurant,existing,,0,0,1,0,cozy_cafe
cafe customer,fashion_boutique,fashion_boutique,tag:retail_service,retail_service,1,0,0,0,cozy_cafe
cafe customer,ferry_terminal,ferry_terminal,tag:daily_public,daily_public,1,0,0,0,cozy_cafe
cafe customer,fire_station,fire_station,tag:daily_public,daily_public,1,0,0,0,cozy_cafe
cafe customer,fitness_gym,fitness_gym,tag:leisure,leisure,1,0,0,0,cozy_cafe
cafe customer,flower_market,flower_market,tag:retail_service,retail_service,1,0,0,0,cozy_cafe
cafe customer,food_court,food_court,tag:leisure,leisure,1,0,0,0,cozy_cafe
cafe customer,game_arcade,game_arcade,tag:leisure,leisure,1,0,0,0,cozy_cafe
cafe customer,greenhouse_nursery,greenhouse_nursery,tag:retail_service,retail_service,1,0,0,0,cozy_cafe
cafe customer,illuminated_park,illuminated_park,tag:daily_public,daily_public,1,0,0,0,cozy_cafe
cafe customer,karaoke_bar,karaoke_bar,tag:leisure,leisure,1,0,0,0,cozy_cafe
cafe customer,local_market_street,local_market_street,tag:retail_service,retail_service,1,0,0,0,cozy_cafe
cafe customer,luxury_hotel_lobby,luxury_hotel_lobby,tag:leisure,leisure,1,0,0,0,cozy_cafe
cafe customer,luxury_hotel_room,luxury_hotel_room,tag:leisure,leisure,1,0,0,0,cozy_cafe
cafe customer,mountain_resort,mountain_resort,tag:leisure,leisure,1,0,0,0,cozy_cafe
cafe customer,museum_hall,museum_hall,tag:leisure,leisure,1,0,0,0,cozy_cafe
cafe customer,neighborhood_crosswalk,neighborhood_crosswalk,tag:daily_public,daily_public,1,0,0,0,cozy_cafe
cafe customer,neighborhood_playground,neighborhood_playground,tag:daily_public,daily_public,1,0,0,0,cozy_cafe
cafe customer,observatory_dome,observatory_dome,tag:leisure,leisure,1,0,0,0,cozy_cafe
cafe customer,opera_house,opera_house,tag:leisure,leisure,1,0,0,0,cozy_cafe
cafe customer,picnic_park,picnic_park,tag:daily_public,daily_public,1,0,0,0,cozy_cafe
cafe customer,poolside_resort,poolside_resort,tag:leisure,leisure,1,0,0,0,cozy_cafe
cafe customer,postal_service_counter,postal_service_counter,tag:retail_service,retail_service,1,0,0,0,cozy_cafe
cafe customer,print_shop,print_shop,tag:retail_service,retail_service,1,0,0,0,cozy_cafe
cafe customer,public_library_lobby,public_library_lobby,tag:daily_public,daily_public,1,0,0,0,cozy_cafe
cafe customer,public_plaza,public_plaza,tag:leisure,leisure,1,0,0,0,cozy_cafe
cafe customer,rainy_bus_stop,rainy_alley,tag:daily_public,daily_public,1,0,0,1,cozy_cafe
cafe customer,recording_studio,recording_studio,tag:leisure,leisure,1,0,0,0,cozy_cafe
cafe customer,riverside_walk,riverside_walk,tag:daily_public,daily_public,1,0,0,0,cozy_cafe
cafe customer,rooftop_cafe,rooftop_cafe,tag:leisure,leisure,1,0,0,0,cozy_cafe
cafe customer,rural_town_street,rural_town_street,tag:daily_public,daily_public,1,0,0,0,cozy_cafe
cafe customer,school_library,school_library,tag:daily_public,daily_public,1,0,0,0,cozy_cafe
cafe customer,shopping_arcade,shopping_arcade,tag:retail_service,retail_service,1,0,0,0,cozy_cafe
cafe customer,shopping_mall_atrium,shopping_mall_atrium,tag:retail_service,retail_service,1,0,0,0,cozy_cafe
cafe customer,stadium_court,stadium_court,tag:leisure,leisure,1,0,0,0,cozy_cafe
cafe customer,street_cafe,street_cafe,existing,,0,0,1,0,cozy_cafe
cafe customer,suburban_neighborhood,suburban_neighborhood,tag:daily_public,daily_public,1,0,0,0,cozy_cafe
cafe customer,subway_ticket_gate,subway_ticket_gate,tag:urban,urban,1,0,0,0,cozy_cafe
cafe customer,supermarket_aisle,supermarket_aisle,tag:retail_service,retail_service,1,0,0,0,cozy_cafe
cafe customer,train_station_platform,train_station_platform,tag:urban,urban,1,0,0,0,cozy_cafe
cafe customer,tram_platform,tram_platform,tag:daily_public,daily_public,1,0,0,0,cozy_cafe
cafe customer,tropical_beach,tropical_beach,tag:leisure,leisure,1,0,0,0,cozy_cafe
cafe customer,underground_bar,underground_bar,tag:leisure,leisure,1,0,0,0,cozy_cafe
cafe customer,vehicle_repair_garage,vehicle_repair_garage,tag:urban,urban,1,0,0,0,cozy_cafe
cafe customer,wave_barrel,wave_barrel,tag:leisure,leisure,1,0,0,0,cozy_cafe
cafe customer,winter_street,winter_street,tag:daily_public,daily_public,1,0,0,0,cozy_cafe
cafe customer,yoga_studio,yoga_studio,tag:leisure,leisure,1,0,0,0,cozy_cafe
cafeteria student,antique_shop,antique_shop,tag:retail_service,retail_service,1,0,0,0,school_uniform
cafeteria student,aquarium,aquarium,tag:leisure,leisure,1,0,0,0,school_uniform
cafeteria student,art_gallery,art_gallery,tag:leisure,leisure,1,0,0,0,school_uniform
cafeteria student,bakery_shop,bakery_shop,tag:retail_service,retail_service,1,0,0,0,school_uniform
cafeteria student,bedroom_boudoir,bedroom_boudoir,universal,,0,1,0,0,school_uniform
cafeteria student,bike_station,bike_station,tag:transit,transit,1,0,0,0,school_uniform
cafeteria student,botanical_garden,botanical_garden,tag:leisure,leisure,1,0,0,0,school_uniform
cafeteria student,bus_terminal,bus_terminal,tag:transit,transit,1,0,0,0,school_uniform
cafeteria student,campus_cafeteria,campus_cafeteria,tag:school,school,1,0,0,0,school_uniform
cafeteria student,campus_hallway,campus_hallway,tag:school,school,1,0,0,0,school_uniform
cafeteria student,canal_walkway,canal_walkway,tag:daily_public,daily_public,1,0,0,0,school_uniform
cafeteria student,cinema_lobby,cinema_lobby,tag:leisure,leisure,1,0,0,0,school_uniform
cafeteria student,clean_modern_kitchen,clean_modern_kitchen,universal,,0,1,0,0,school_uniform
cafeteria student,clinic_waiting_room,clinic_waiting_room,tag:quiet_indoor,quiet_indoor,1,0,0,0,school_uniform
cafeteria student,community_center,community_center,tag:daily_public,daily_public,1,0,0,0,school_uniform
cafeteria student,community_garden,community_garden,tag:suburban,suburban,1,0,0,0,school_uniform
cafeteria student,community_theater_backstage,community_theater_backstage,tag:leisure,leisure,1,0,0,0,school_uniform
cafeteria student,commuter_transport,commuter_transport,tag:transit,transit,1,0,0,0,school_uniform
cafeteria student,concert_stage,concert_stage,tag:leisure,leisure,1,0,0,0,school_uniform
cafeteria student,convenience_store,convenience_store,tag:retail_service,retail_service,1,0,0,0,school_uniform
cafeteria student,cozy_bookstore,cozy_bookstore,tag:retail_service,retail_service,1,0,0,0,school_uniform
cafeteria student,cozy_living_room,cozy_living_room,universal,,0,1,0,0,school_uniform
cafeteria student,design_studio,design_studio,tag:quiet_indoor,quiet_indoor,1,0,0,0,school_uniform
cafeteria student,drugstore_aisle,drugstore_aisle,tag:retail_service,retail_service,1,0,0,0,school_uniform
cafeteria student,family_restaurant,family_restaurant,tag:retail_service,retail_service,1,0,0,0,school_uniform
cafeteria student,fashion_boutique,fashion_boutique,tag:retail_service,retail_service,1,0,0,0,school_uniform
cafeteria student,ferry_terminal,ferry_terminal,tag:transit,transit,1,0,0,0,school_uniform
cafeteria student,fire_station,fire_station,tag:daily_public,daily_public,1,0,0,0,school_uniform
cafeteria student,fitness_gym,fitness_gym,tag:leisure,leisure,1,0,0,0,school_uniform
cafeteria student,flower_market,flower_market,tag:retail_service,retail_service,1,0,0,0,school_uniform
cafeteria student,food_court,food_court,tag:leisure,leisure,1,0,0,0,school_uniform
cafeteria student,game_arcade,game_arcade,tag:leisure,leisure,1,0,0,0,school_uniform
cafeteria student,greenhouse_nursery,greenhouse_nursery,tag:retail_service,retail_service,1,0,0,0,school_uniform
cafeteria student,illuminated_park,illuminated_park,tag:daily_public,daily_public,1,0,0,0,school_uniform
cafeteria student,karaoke_bar,karaoke_bar,tag:leisure,leisure,1,0,0,0,school_uniform
cafeteria student,local_market_street,local_market_street,tag:retail_service,retail_service,1,0,0,0,school_uniform
cafeteria student,luxury_hotel_lobby,luxury_hotel_lobby,tag:leisure,leisure,1,0,0,0,school_uniform
cafeteria student,luxury_hotel_room,luxury_hotel_room,tag:leisure,leisure,1,0,0,0,school_uniform
cafeteria student,mountain_resort,mountain_resort,tag:leisure,leisure,1,0,0,0,school_uniform
cafeteria student,museum_hall,museum_hall,tag:leisure,leisure,1,0,0,0,school_uniform
cafeteria student,neighborhood_crosswalk,neighborhood_crosswalk,tag:transit,transit,1,0,0,0,school_uniform
cafeteria student,neighborhood_playground,neighborhood_playground,tag:daily_public,daily_public,1,0,0,0,school_uniform
cafeteria student,observatory_dome,observatory_dome,tag:leisure,leisure,1,0,0,0,school_uniform
cafeteria student,opera_house,opera_house,tag:leisure,leisure,1,0,0,0,school_uniform
cafeteria student,picnic_park,picnic_park,tag:daily_public,daily_public,1,0,0,0,school_uniform
cafeteria student,poolside_resort,poolside_resort,tag:leisure,leisure,1,0,0,0,school_uniform
cafeteria student,postal_service_counter,postal_service_counter,tag:retail_service,retail_service,1,0,0,0,school_uniform
cafeteria student,print_shop,print_shop,tag:retail_service,retail_service,1,0,0,0,school_uniform
cafeteria student,public_library_lobby,public_library_lobby,tag:quiet_indoor,quiet_indoor,1,0,0,0,school_uniform
cafeteria student,public_plaza,public_plaza,tag:leisure,leisure,1,0,0,0,school_uniform
cafeteria student,rainy_bus_stop,rainy_alley,tag:transit,transit,1,0,0,1,school_uniform
cafeteria student,recording_studio,recording_studio,tag:leisure,leisure,1,0,0,0,school_uniform
cafeteria student,riverside_walk,riverside_walk,tag:daily_public,daily_public,1,0,0,0,school_uniform
cafeteria student,rooftop_cafe,rooftop_cafe,tag:leisure,leisure,1,0,0,0,school_uniform
cafeteria student,rural_town_street,rural_town_street,tag:daily_public,daily_public,1,0,0,0,school_uniform
cafeteria student,school_classroom,school_classroom,tag:school,school,1,0,0,0,school_uniform
cafeteria student,school_clubroom,school_clubroom,tag:quiet_indoor,quiet_indoor,1,0,0,0,school_uniform
cafeteria student,school_gym_hall,school_gym_hall,tag:school,school,1,0,0,0,school_uniform
cafeteria student,school_library,school_library,tag:quiet_indoor,quiet_indoor,1,0,0,0,school_uniform
cafeteria student,school_rooftop,school_rooftop,tag:school,school,1,0,0,0,school_uniform
cafeteria student,shopping_arcade,shopping_arcade,tag:retail_service,retail_service,1,0,0,0,school_uniform
cafeteria student,shopping_mall_atrium,shopping_mall_atrium,tag:retail_service,retail_service,1,0,0,0,school_uniform
cafeteria student,stadium_court,stadium_court,tag:leisure,leisure,1,0,0,0,school_uniform
cafeteria student,street_cafe,street_cafe,tag:retail_service,retail_service,1,0,0,0,school_uniform
cafeteria student,suburban_neighborhood,suburban_neighborhood,tag:daily_public,daily_public,1,0,0,0,school_uniform
cafeteria student,subway_ticket_gate,subway_ticket_gate,tag:transit,transit,1,0,0,0,school_uniform
cafeteria student,supermarket_aisle,supermarket_aisle,tag:retail_service,retail_service,1,0,0,0,school_uniform
cafeteria student,tea_room,tea_room,tag:quiet_indoor,quiet_indoor,1,0,0,0,school_uniform
cafeteria student,train_station_platform,train_station_platform,tag:transit,transit,1,0,0,0,school_uniform
cafeteria student,tram_platform,tram_platform,tag:transit,transit,1,0,0,0,school_uniform
cafeteria student,tropical_beach,tropical_beach,tag:leisure,leisure,1,0,0,0,school_uniform
cafeteria student,underground_bar,underground_bar,tag:leisure,leisure,1,0,0,0,school_uniform
cafeteria student,university_campus_courtyard,university_campus_courtyard,tag:school,school,1,0,0,0,school_uniform
cafeteria student,wave_barrel,wave_barrel,tag:leisure,leisure,1,0,0,0,school_uniform
cafeteria student,winter_street,winter_street,tag:daily_public,daily_public,1,0,0,0,school_uniform
cafeteria student,yoga_studio,yoga_studio,tag:leisure,leisure,1,0,0,0,school_uniform
campus club member,antique_shop,antique_shop,tag:quiet_indoor,quiet_indoor,1,0,0,0,school_uniform
campus club member,aquarium,aquarium,tag:daily_public,daily_public,1,0,0,0,school_uniform
campus club member,art_gallery,art_gallery,tag:daily_public,daily_public,1,0,0,0,school_uniform
campus club member,bedroom_boudoir,bedroom_boudoir,universal,,0,1,0,0,school_uniform
campus club member,bike_station,bike_station,tag:transit,transit,1,0,0,0,school_uniform
campus club member,botanical_garden,botanical_garden,tag:daily_public,daily_public,1,0,0,0,school_uniform
campus club member,bus_terminal,bus_terminal,tag:transit,transit,1,0,0,0,school_uniform
campus club member,campus_cafeteria,campus_cafeteria,tag:school,school,1,0,0,0,school_uniform
campus club member,campus_hallway,campus_hallway,tag:school,school,1,0,0,0,school_uniform
campus club member,canal_walkway,canal_walkway,tag:daily_public,daily_public,1,0,0,0,school_uniform
campus club member,clean_modern_kitchen,clean_modern_kitchen,universal,,0,1,0,0,school_uniform
campus club member,clinic_waiting_room,clinic_waiting_room,tag:daily_public,daily_public,1,0,0,0,school_uniform
campus club member,community_center,community_center,tag:daily_public,daily_public,1,0,0,0,school_uniform
campus club member,commuter_transport,commuter_transport,tag:transit,transit,1,0,0,0,school_uniform
campus club member,cozy_bookstore,cozy_bookstore,tag:daily_public,daily_public,1,0,0,0,school_uniform
campus club member,cozy_living_room,cozy_living_room,universal,,0,1,0,0,school_uniform
campus club member,design_studio,design_studio,tag:quiet_indoor,quiet_indoor,1,0,0,0,school_uniform
campus club member,ferry_terminal,ferry_terminal,tag:transit,transit,1,0,0,0,school_uniform
campus club member,fire_station,fire_station,tag:daily_public,daily_public,1,0,0,0,school_uniform
campus club member,illuminated_park,illuminated_park,tag:daily_public,daily_public,1,0,0,0,school_uniform
campus club member,local_market_street,local_market_street,tag:daily_public,daily_public,1,0,0,0,school_uniform
campus club member,museum_hall,museum_hall,tag:daily_public,daily_public,1,0,0,0,school_uniform
campus club member,neighborhood_crosswalk,neighborhood_crosswalk,tag:transit,transit,1,0,0,0,school_uniform
campus club member,neighborhood_playground,neighborhood_playground,tag:daily_public,daily_public,1,0,0,0,school_uniform
campus club member,observatory_dome,observatory_dome,tag:quiet_indoor,quiet_indoor,1,0,0,0,school_uniform
campus club member,picnic_park,picnic_park,tag:daily_public,daily_public,1,0,0,0,school_uniform
campus club member,postal_service_counter,postal_service_counter,tag:daily_public,daily_public,1,0,0,0,school_uniform
campus club member,public_library_lobby,public_library_lobby,tag:daily_public,daily_public,1,0,0,0,school_uniform
campus club member,public_plaza,public_plaza,tag:daily_public,daily_public,1,0,0,0,school_uniform
campus club member,rainy_bus_stop,rainy_alley,tag:transit,transit,1,0,0,1,school_uniform
campus club member,riverside_walk,riverside_walk,tag:daily_public,daily_public,1,0,0,0,school_uniform
campus club member,rural_town_street,rural_town_street,tag:daily_public,daily_public,1,0,0,0,school_uniform
campus club member,school_classroom,school_classroom,tag:school,school,1,0,0,0,school_uniform
campus club member,school_clubroom,school_clubroom,tag:quiet_indoor,quiet_indoor,1,0,0,0,school_uniform
campus club member,school_gym_hall,school_gym_hall,tag:school,school,1,0,0,0,school_uniform
campus club member,school_library,school_library,tag:daily_public,daily_public,1,0,0,0,school_uniform
campus club member,school_rooftop,school_rooftop,tag:school,school,1,0,0,0,school_uniform
campus club member,shopping_mall_atrium,shopping_mall_atrium,tag:daily_public,daily_public,1,0,0,0,school_uniform
campus club member,street_cafe,street_cafe,tag:daily_public,daily_public,1,0,0,0,school_uniform
campus club member,suburban_neighborhood,suburban_neighborhood,tag:daily_public,daily_public,1,0,0,0,school_uniform
campus club member,subway_ticket_gate,subway_ticket_gate,tag:transit,transit,1,0,0,0,school_uniform
campus club member,tea_room,tea_room,tag:quiet_indoor,quiet_indoor,1,0,0,0,school_uniform
campus club member,train_station_platform,train_station_platform,tag:transit,transit,1,0,0,0,school_uniform
campus club member,tram_platform,tram_platform,tag:transit,transit,1,0,0,0,school_uniform
campus club member,university_campus_courtyard,university_campus_courtyard,tag:school,school,1,0,0,0,school_uniform
campus club member,winter_street,winter_street,tag:daily_public,daily_public,1,0,0,0,school_uniform
campus girl,antique_shop,antique_shop,tag:retail_service,retail_service,1,0,0,0,school_uniform
campus girl,aquarium,aquarium,tag:leisure,leisure,1,0,0,0,school_uniform
campus girl,art_gallery,art_gallery,tag:leisure,leisure,1,0,0,0,school_uniform
campus girl,bakery_shop,bakery_shop,tag:retail_service,retail_service,1,0,0,0,school_uniform
campus girl,bedroom_boudoir,bedroom_boudoir,universal,,0,1,0,0,school_uniform
campus girl,bike_station,bike_station,tag:transit,transit,1,0,0,0,school_uniform
campus girl,botanical_garden,botanical_garden,tag:leisure,leisure,1,0,0,0,school_uniform
campus girl,bus_terminal,bus_terminal,tag:transit,transit,1,0,0,0,school_uniform
campus girl,campus_cafeteria,campus_cafeteria,tag:school,school,1,0,0,0,school_uniform
campus girl,campus_hallway,campus_hallway,tag:school,school,1,0,0,0,school_uniform
campus girl,canal_walkway,canal_walkway,tag:daily_public,daily_public,1,0,0,0,school_uniform
campus girl,cinema_lobby,cinema_lobby,tag:leisure,leisure,1,0,0,0,school_uniform
campus girl,clean_modern_kitchen,clean_modern_kitchen,universal,,0,1,0,0,school_uniform
campus girl,clinic_waiting_room,clinic_waiting_room,tag:quiet_indoor,quiet_indoor,1,0,0,0,school_uniform
campus girl,community_center,community_center,tag:daily_public,daily_public,1,0,0,0,school_uniform
campus girl,community_garden,community_garden,tag:suburban,suburban,1,0,0,0,school_uniform
campus girl,community_theater_backstage,community_theater_backstage,tag:leisure,leisure,1,0,0,0,school_uniform
campus girl,commuter_transport,commuter_transport,tag:transit,transit,1,0,0,0,school_uniform
campus girl,concert_stage,concert_stage,tag:leisure,leisure,1,0,0,0,school_uniform
campus girl,convenience_store,convenience_store,tag:retail_service,retail_service,1,0,0,0,school_uniform
campus girl,cozy_bookstore,cozy_bookstore,tag:retail_service,retail_service,1,0,0,0,school_uniform
campus girl,cozy_living_room,cozy_living_room,universal,,0,1,0,0,school_uniform
campus girl,design_studio,design_studio,tag:quiet_indoor,quiet_indoor,1,0,0,0,school_uniform
campus girl,drugstore_aisle,drugstore_aisle,tag:retail_service,retail_service,1,0,0,0,school_uniform
campus girl,family_restaurant,family_restaurant,tag:retail_service,retail_service,1,0,0,0,school_uniform
campus girl,fashion_boutique,fashion_boutique,tag:retail_service,retail_service,1,0,0,0,school_uniform
campus girl,ferry_terminal,ferry_terminal,tag:transit,transit,1,0,0,0,school_uniform
campus girl,fire_station,fire_station,tag:daily_public,daily_public,1,0,0,0,school_uniform
campus girl,fitness_gym,fitness_gym,tag:leisure,leisure,1,0,0,0,school_uniform
campus girl,flower_market,flower_market,tag:retail_service,retail_service,1,0,0,0,school_uniform
campus girl,food_court,food_court,tag:leisure,leisure,1,0,0,0,school_uniform
campus girl,game_arcade,game_arcade,tag:leisure,leisure,1,0,0,0,school_uniform
campus girl,greenhouse_nursery,greenhouse_nursery,tag:retail_service,retail_service,1,0,0,0,school_uniform
campus girl,illuminated_park,illuminated_park,tag:daily_public,daily_public,1,0,0,0,school_uniform
campus girl,karaoke_bar,karaoke_bar,tag:leisure,leisure,1,0,0,0,school_uniform
campus girl,local_market_street,local_market_street,tag:retail_service,retail_service,1,0,0,0,school_uniform
campus girl,luxury_hotel_lobby,luxury_hotel_lobby,tag:leisure,leisure,1,0,0,0,school_uniform
campus girl,luxury_hotel_room,luxury_hotel_room,tag:leisure,leisure,1,0,0,0,school_uniform
campus girl,mountain_resort,mountain_resort,tag:leisure,leisure,1,0,0,0,school_uniform
campus girl,museum_hall,museum_hall,tag:leisure,leisure,1,0,0,0,school_uniform
campus girl,neighborhood_crosswalk,neighborhood_crosswalk,tag:transit,transit,1,0,0,0,school_uniform
campus girl,neighborhood_playground,neighborhood_playground,tag:daily_public,daily_public,1,0,0,0,school_uniform
campus girl,observatory_dome,observatory_dome,tag:leisure,leisure,1,0,0,0,school_uniform
campus girl,opera_house,opera_house,tag:leisure,leisure,1,0,0,0,school_uniform
campus girl,picnic_park,picnic_park,tag:daily_public,daily_public,1,0,0,0,school_uniform
campus girl,poolside_resort,poolside_resort,tag:leisure,leisure,1,0,0,0,school_uniform
campus girl,postal_service_counter,postal_service_counter,tag:retail_service,retail_service,1,0,0,0,school_uniform
campus girl,print_shop,print_shop,tag:retail_service,retail_service,1,0,0,0,school_uniform
campus girl,public_library_lobby,public_library_lobby,tag:quiet_indoor,quiet_indoor,1,0,0,0,school_uniform
campus girl,public_plaza,public_plaza,tag:leisure,leisure,1,0,0,0,school_uniform
campus girl,rainy_bus_stop,rainy_alley,tag:transit,transit,1,0,0,1,school_uniform
campus girl,recording_studio,recording_studio,tag:leisure,leisure,1,0,0,0,school_uniform
campus girl,riverside_walk,riverside_walk,tag:daily_public,daily_public,1,0,0,0,school_uniform
campus girl,rooftop_cafe,rooftop_cafe,tag:leisure,leisure,1,0,0,0,school_uniform
campus girl,rural_town_street,rural_town_street,tag:daily_public,daily_public,1,0,0,0,school_uniform
campus girl,school_classroom,school_classroom,tag:school,school,1,0,0,0,school_uniform
campus girl,school_clubroom,school_clubroom,tag:quiet_indoor,quiet_indoor,1,0,0,0,school_uniform
campus girl,school_gym_hall,school_gym_hall,tag:school,school,1,0,0,0,school_uniform
campus girl,school_library,school_library,tag:quiet_indoor,quiet_indoor,1,0,0,0,school_uniform
campus girl,school_rooftop,school_rooftop,tag:school,school,1,0,0,0,school_uniform
campus girl,shopping_arcade,shopping_arcade,tag:retail_service,retail_service,1,0,0,0,school_uniform
campus girl,shopping_mall_atrium,shopping_mall_atrium,tag:retail_service,retail_service,1,0,0,0,school_uniform
campus girl,stadium_court,stadium_court,tag:leisure,leisure,1,0,0,0,school_uniform
campus girl,street_cafe,street_cafe,tag:retail_service,retail_service,1,0,0,0,school_uniform
campus girl,suburban_neighborhood,suburban_neighborhood,tag:daily_public,daily_public,1,0,0,0,school_uniform
campus girl,subway_ticket_gate,subway_ticket_gate,tag:transit,transit,1,0,0,0,school_uniform
campus girl,supermarket_aisle,supermarket_aisle,tag:retail_service,retail_service,1,0,0,0,school_uniform
campus girl,tea_room,tea_room,tag:quiet_indoor,quiet_indoor,1,0,0,0,school_uniform
campus girl,train_station_platform,train_station_platform,tag:transit,transit,1,0,0,0,school_uniform
campus girl,tram_platform,tram_platform,tag:transit,transit,1,0,0,0,school_uniform
campus girl,tropical_beach,tropical_beach,tag:leisure,leisure,1,0,0,0,school_uniform
campus girl,underground_bar,underground_bar,tag:leisure,leisure,1,0,0,0,school_uniform
campus girl,university_campus_courtyard,university_campus_courtyard,tag:school,school,1,0,0,0,school_uniform
campus girl,wave_barrel,wave_barrel,tag:leisure,leisure,1,0,0,0,school_uniform
campus girl,winter_street,winter_street,tag:daily_public,daily_public,1,0,0,0,school_uniform
campus girl,yoga_studio,yoga_studio,tag:leisure,leisure,1,0,0,0,school_uniform
campus student,antique_shop,antique_shop,tag:retail_service,retail_service,1,0,0,0,school_uniform
campus student,aquarium,aquarium,tag:leisure,leisure,1,0,0,0,school_uniform
campus student,art_gallery,art_gallery,tag:leisure,leisure,1,0,0,0,school_uniform
campus student,bakery_shop,bakery_shop,tag:retail_service,retail_service,1,0,0,0,school_uniform
campus student,bedroom_boudoir,bedroom_boudoir,universal,,0,1,0,0,school_uniform
campus student,bike_station,bike_station,tag:transit,transit,1,0,0,0,school_uniform
campus student,botanical_garden,botanical_garden,tag:leisure,leisure,1,0,0,0,school_uniform
campus student,bus_terminal,bus_terminal,tag:transit,transit,1,0,0,0,school_uniform
campus student,campus_cafeteria,campus_cafeteria,tag:school,school,1,0,0,0,school_uniform
campus student,campus_hallway,campus_hallway,tag:school,school,1,0,0,0,school_uniform
campus student,canal_walkway,canal_walkway,tag:daily_public,daily_public,1,0,0,0,school_uniform
campus student,cinema_lobby,cinema_lobby,tag:leisure,leisure,1,0,0,0,school_uniform
campus student,clean_modern_kitchen,clean_modern_kitchen,universal,,0,1,0,0,school_uniform
campus student,clinic_waiting_room,clinic_waiting_room,tag:quiet_indoor,quiet_indoor,1,0,0,0,school_uniform
campus student,community_center,community_center,tag:daily_public,daily_public,1,0,0,0,school_uniform
campus student,community_garden,community_garden,tag:suburban,suburban,1,0,0,0,school_uniform
campus student,community_theater_backstage,community_theater_backstage,tag:leisure,leisure,1,0,0,0,school_uniform
campus student,commuter_transport,commuter_transport,tag:transit,transit,1,0,0,0,school_uniform
campus student,concert_stage,concert_stage,tag:leisure,leisure,1,0,0,0,school_uniform
campus student,convenience_store,convenience_store,tag:retail_service,retail_service,1,0,0,0,school_uniform
campus student,cozy_bookstore,cozy_bookstore,tag:retail_service,retail_service,1,0,0,0,school_uniform
campus student,cozy_living_room,cozy_living_room,universal,,0,1,0,0,school_uniform
campus student,design_studio,design_studio,tag:quiet_indoor,quiet_indoor,1,0,0,0,school_uniform
campus student,drugstore_aisle,drugstore_aisle,tag:retail_service,retail_service,1,0,0,0,school_uniform
campus student,family_restaurant,family_restaurant,tag:retail_service,retail_service,1,0,0,0,school_uniform
campus student,fashion_boutique,fashion_boutique,tag:retail_service,retail_service,1,0,0,0,school_uniform
campus student,ferry_terminal,ferry_terminal,tag:transit,transit,1,0,0,0,school_uniform
campus student,fire_station,fire_station,tag:daily_public,daily_public,1,0,0,0,school_uniform
campus student,fitness_gym,fitness_gym,tag:leisure,leisure,1,0,0,0,school_uniform
campus student,flower_market,flower_market,tag:retail_service,retail_service,1,0,0,0,school_uniform
campus student,food_court,food_court,tag:leisure,leisure,1,0,0,0,school_uniform
campus student,game_arcade,game_arcade,tag:leisure,leisure,1,0,0,0,school_uniform
campus student,greenhouse_nursery,greenhouse_nursery,tag:retail_service,retail_service,1,0,0,0,school_uniform
campus student,illuminated_park,illuminated_park,tag:daily_public,daily_public,1,0,0,0,school_uniform
campus student,karaoke_bar,karaoke_bar,tag:leisure,leisure,1,0,0,0,school_uniform
campus student,local_market_street,local_market_street,tag:retail_service,retail_service,1,0,0,0,school_uniform
campus student,luxury_hotel_lobby,luxury_hotel_lobby,tag:leisure,leisure,1,0,0,0,school_uniform
campus student,luxury_hotel_room,luxury_hotel_room,tag:leisure,leisure,1,0,0,0,school_uniform
campus student,mountain_resort,mountain_resort,tag:leisure,leisure,1,0,0,0,school_uniform
campus student,museum_hall,museum_hall,tag:leisure,leisure,1,0,0,0,school_uniform
campus student,neighborhood_crosswalk,neighborhood_crosswalk,tag:transit,transit,1,0,0,0,school_uniform
campus student,neighborhood_playground,neighborhood_playground,tag:daily_public,daily_public,1,0,0,0,school_uniform
campus student,observatory_dome,observatory_dome,tag:leisure,leisure,1,0,0,0,school_uniform
campus student,opera_house,opera_house,tag:leisure,leisure,1,0,0,0,school_uniform
campus student,picnic_park,picnic_park,tag:daily_public,daily_public,1,0,0,0,school_uniform
campus student,poolside_resort,poolside_resort,tag:leisure,leisure,1,0,0,0,school_uniform
campus student,postal_service_counter,postal_service_counter,tag:retail_service,retail_service,1,0,0,0,school_uniform
campus student,print_shop,print_shop,tag:retail_service,retail_service,1,0,0,0,school_uniform
campus student,public_library_lobby,public_library_lobby,tag:quiet_indoor,quiet_indoor,1,0,0,0,school_uniform
campus student,public_plaza,public_plaza,tag:leisure,leisure,1,0,0,0,school_uniform
campus student,rainy_bus_stop,rainy_alley,tag:transit,transit,1,0,0,1,school_uniform
campus student,recording_studio,recording_studio,tag:leisure,leisure,1,0,0,0,school_uniform
campus student,riverside_walk,riverside_walk,tag:daily_public,daily_public,1,0,0,0,school_uniform
campus student,rooftop_cafe,rooftop_cafe,tag:leisure,leisure,1,0,0,0,school_uniform
campus student,rural_town_street,rural_town_street,tag:daily_public,daily_public,1,0,0,0,school_uniform
campus student,school_classroom,school_classroom,tag:school,school,1,0,0,0,school_uniform
campus student,school_clubroom,school_clubroom,tag:quiet_indoor,quiet_indoor,1,0,0,0,school_uniform
campus student,school_gym_hall,school_gym_hall,tag:school,school,1,0,0,0,school_uniform
campus student,school_library,school_library,tag:quiet_indoor,quiet_indoor,1,0,0,0,school_uniform
campus student,school_rooftop,school_rooftop,tag:school,school,1,0,0,0,school_uniform
campus student,shopping_arcade,shopping_arcade,tag:retail_service,retail_service,1,0,0,0,school_uniform
campus student,shopping_mall_atrium,shopping_mall_atrium,tag:retail_service,retail_service,1,0,0,0,school_uniform
campus student,stadium_court,stadium_court,tag:leisure,leisure,1,0,0,0,school_uniform
campus student,street_cafe,street_cafe,tag:retail_service,retail_service,1,0,0,0,school_uniform
campus student,suburban_neighborhood,suburban_neighborhood,tag:daily_public,daily_public,1,0,0,0,school_uniform
campus student,subway_ticket_gate,subway_ticket_gate,tag:transit,transit,1,0,0,0,school_uniform
campus student,supermarket_aisle,supermarket_aisle,tag:retail_service,retail_service,1,0,0,0,school_uniform
campus student,tea_room,tea_room,tag:quiet_indoor,quiet_indoor,1,0,0,0,school_uniform
campus student,train_station_platform,train_station_platform,tag:transit,transit,1,0,0,0,school_uniform
campus student,tram_platform,tram_platform,tag:transit,transit,1,0,0,0,school_uniform
campus student,tropical_beach,tropical_beach,tag:leisure,leisure,1,0,0,0,school_uniform
campus student,underground_bar,underground_bar,tag:leisure,leisure,1,0,0,0,school_uniform
campus student,university_campus_courtyard,university_campus_courtyard,tag:school,school,1,0,0,0,school_uniform
campus student,wave_barrel,wave_barrel,tag:leisure,leisure,1,0,0,0,school_uniform
campus student,winter_street,winter_street,tag:daily_public,daily_public,1,0,0,0,school_uniform
campus student,yoga_studio,yoga_studio,tag:leisure,leisure,1,0,0,0,school_uniform
chef girl,antique_shop,antique_shop,tag:retail_service,retail_service,1,0,0,0,rainy_day
chef girl,apartment_balcony,apartment_balcony,tag:home_life,home_life,1,0,0,0,rainy_day
chef girl,apartment_entryway,apartment_entryway,tag:home_life,home_life,1,0,0,0,rainy_day
chef girl,aquarium,aquarium,tag:leisure,leisure,1,0,0,0,rainy_day
chef girl,art_gallery,art_gallery,tag:leisure,leisure,1,0,0,0,rainy_day
chef girl,bakery_shop,bakery_shop,tag:retail_service,retail_service,1,0,0,0,rainy_day
chef girl,luxury_bathroom,bedroom_boudoir,tag:home_life,home_life,1,0,0,1,rainy_day
chef girl,bike_station,bike_station,tag:daily_public,daily_public,1,0,0,0,rainy_day
chef girl,botanical_garden,botanical_garden,tag:leisure,leisure,1,0,0,0,rainy_day
chef girl,bus_terminal,bus_terminal,tag:daily_public,daily_public,1,0,0,0,rainy_day
chef girl,canal_walkway,canal_walkway,tag:daily_public,daily_public,1,0,0,0,rainy_day
chef girl,cinema_lobby,cinema_lobby,tag:leisure,leisure,1,0,0,0,rainy_day
chef girl,clean_modern_kitchen,clean_modern_kitchen,existing,,0,0,1,0,rainy_day
chef girl,clinic_waiting_room,clinic_waiting_room,tag:daily_public,daily_public,1,0,0,0,rainy_day
chef girl,community_center,community_center,tag:daily_public,daily_public,1,0,0,0,rainy_day
chef girl,community_garden,community_garden,tag:suburban,suburban,1,0,0,0,rainy_day
chef girl,community_theater_backstage,community_theater_backstage,tag:leisure,leisure,1,0,0,0,rainy_day
chef girl,commuter_transport,commuter_transport,tag:daily_public,daily_public,1,0,0,0,rainy_day
chef girl,concert_stage,concert_stage,tag:leisure,leisure,1,0,0,0,rainy_day
chef girl,convenience_store,convenience_store,tag:retail_service,retail_service,1,0,0,0,rainy_day
chef girl,cozy_bookstore,cozy_bookstore,tag:retail_service,retail_service,1,0,0,0,rainy_day
chef girl,cozy_living_room,cozy_living_room,tag:home_life,home_life,1,0,0,0,rainy_day
chef girl,neon_city_street,cyberpunk_street,tag:urban,urban,1,0,0,1,rainy_day
chef girl,drugstore_aisle,drugstore_aisle,tag:retail_service,retail_service,1,0,0,0,rainy_day
chef girl,family_restaurant,family_restaurant,tag:retail_service,retail_service,1,0,0,0,rainy_day
chef girl,fashion_boutique,fashion_boutique,tag:retail_service,retail_service,1,0,0,0,rainy_day
chef girl,ferry_terminal,ferry_terminal,tag:daily_public,daily_public,1,0,0,0,rainy_day
chef girl,fire_station,fire_station,tag:daily_public,daily_public,1,0,0,0,rainy_day
chef girl,fitness_gym,fitness_gym,tag:leisure,leisure,1,0,0,0,rainy_day
chef girl,flower_market,flower_market,tag:retail_service,retail_service,1,0,0,0,rainy_day
chef girl,food_court,food_court,tag:leisure,leisure,1,0,0,0,rainy_day
chef girl,forest_cabin,forest_cabin,tag:domestic,domestic,1,0,0,0,rainy_day
chef girl,game_arcade,game_arcade,tag:leisure,leisure,1,0,0,0,rainy_day
chef girl,greenhouse_nursery,greenhouse_nursery,tag:retail_service,retail_service,1,0,0,0,rainy_day
chef girl,illuminated_park,illuminated_park,tag:daily_public,daily_public,1,0,0,0,rainy_day
chef girl,karaoke_bar,karaoke_bar,tag:leisure,leisure,1,0,0,0,rainy_day
chef girl,laundromat,laundromat,tag:home_life,home_life,1,0,0,0,rainy_day
chef girl,local_market_street,local_market_street,tag:retail_service,retail_service,1,0,0,0,rainy_day
chef girl,luxury_hotel_lobby,luxury_hotel_lobby,tag:leisure,leisure,1,0,0,0,rainy_day
chef girl,luxury_hotel_room,luxury_hotel_room,tag:leisure,leisure,1,0,0,0,rainy_day
chef girl,mountain_resort,mountain_resort,tag:leisure,leisure,1,0,0,0,rainy_day
chef girl,museum_hall,museum_hall,tag:leisure,leisure,1,0,0,0,rainy_day
chef girl,neighborhood_crosswalk,neighborhood_crosswalk,tag:daily_public,daily_public,1,0,0,0,rainy_day
chef girl,neighborhood_playground,neighborhood_playground,tag:daily_public,daily_public,1,0,0,0,rainy_day
chef girl,observatory_dome,observatory_dome,tag:leisure,leisure,1,0,0,0,rainy_day
chef girl,opera_house,opera_house,tag:leisure,leisure,1,0,0,0,rainy_day
chef girl,picnic_park,picnic_park,tag:daily_public,daily_public,1,0,0,0,rainy_day
chef girl,poolside_resort,poolside_resort,tag:leisure,leisure,1,0,0,0,rainy_day
chef girl,postal_service_counter,postal_service_counter,tag:retail_service,retail_service,1,0,0,0,rainy_day
chef girl,print_shop,print_shop,tag:retail_service,retail_service,1,0,0,0,rainy_day
chef girl,public_library_lobby,public_library_lobby,tag:daily_public,daily_public,1,0,0,0,rainy_day
chef girl,public_plaza,public_plaza,tag:leisure,leisure,1,0,0,0,rainy_day
chef girl,rainy_bus_stop,rainy_alley,tag:daily_public,daily_public,1,0,0,1,rainy_day
chef girl,recording_studio,recording_studio,tag:leisure,leisure,1,0,0,0,rainy_day
chef girl,riverside_walk,riverside_walk,tag:daily_public,daily_public,1,0,0,0,rainy_day
chef girl,rooftop_cafe,rooftop_cafe,tag:leisure,leisure,1,0,0,0,rainy_day
chef girl,rooftop_laundry_area,rooftop_laundry_area,tag:home_life,home_life,1,0,0,0,rainy_day
chef girl,rural_town_street,rural_town_street,tag:daily_public,daily_public,1,0,0,0,rainy_day
chef girl,school_library,school_library,tag:daily_public,daily_public,1,0,0,0,rainy_day
chef girl,shopping_arcade,shopping_arcade,tag:retail_service,retail_service,1,0,0,0,rainy_day
chef girl,shopping_mall_atrium,shopping_mall_atrium,tag:retail_service,retail_service,1,0,0,0,rainy_day
chef girl,stadium_court,stadium_court,tag:leisure,leisure,1,0,0,0,rainy_day
chef girl,street_cafe,street_cafe,tag:retail_service,retail_service,1,0,0,0,rainy_day
chef girl,suburban_neighborhood,suburban_neighborhood,tag:daily_public,daily_public,1,0,0,0,rainy_day
chef girl,subway_ticket_gate,subway_ticket_gate,tag:urban,urban,1,0,0,0,rainy_day
chef girl,supermarket_aisle,supermarket_aisle,tag:retail_service,retail_service,1,0,0,0,rainy_day
chef girl,train_station_platform,train_station_platform,tag:urban,urban,1,0,0,0,rainy_day
chef girl,tram_platform,tram_platform,tag:daily_public,daily_public,1,0,0,0,rainy_day
chef girl,tropical_beach,tropical_beach,tag:leisure,leisure,1,0,0,0,rainy_day
chef girl,underground_bar,underground_bar,tag:leisure,leisure,1,0,0,0,rainy_day
chef girl,vehicle_repair_garage,vehicle_repair_garage,tag:urban,urban,1,0,0,0,rainy_day
chef girl,wave_barrel,wave_barrel,tag:leisure,leisure,1,0,0,0,rainy_day
chef girl,winter_street,winter_street,tag:daily_public,daily_public,1,0,0,0,rainy_day
chef girl,yoga_studio,yoga_studio,tag:leisure,leisure,1,0,0,0,rainy_day
cinema visitor,antique_shop,antique_shop,tag:retail_service,retail_service,1,0,0,0,urban_shopping
cinema visitor,aquarium,aquarium,tag:urban,urban,1,0,0,0,urban_shopping
cinema visitor,art_gallery,art_gallery,tag:daily_public,daily_public,1,0,0,0,urban_shopping
cinema visitor,bakery_shop,bakery_shop,tag:retail_service,retail_service,1,0,0,0,urban_shopping
cinema visitor,bedroom_boudoir,bedroom_boudoir,universal,,0,1,0,0,urban_shopping
cinema visitor,bike_station,bike_station,tag:urban,urban,1,0,0,0,urban_shopping
cinema visitor,botanical_garden,botanical_garden,tag:daily_public,daily_public,1,0,0,0,urban_shopping
cinema visitor,bus_terminal,bus_terminal,tag:daily_public,daily_public,1,0,0,0,urban_shopping
cinema visitor,canal_walkway,canal_walkway,tag:urban,urban,1,0,0,0,urban_shopping
cinema visitor,cinema_lobby,cinema_lobby,tag:urban,urban,1,0,0,0,urban_shopping
cinema visitor,clean_modern_kitchen,clean_modern_kitchen,universal,,0,1,0,0,urban_shopping
cinema visitor,clinic_waiting_room,clinic_waiting_room,tag:daily_public,daily_public,1,0,0,0,urban_shopping
cinema visitor,community_center,community_center,tag:daily_public,daily_public,1,0,0,0,urban_shopping
cinema visitor,community_theater_backstage,community_theater_backstage,tag:leisure,leisure,1,0,0,0,urban_shopping
cinema visitor,commuter_transport,commuter_transport,tag:daily_public,daily_public,1,0,0,0,urban_shopping
cinema visitor,concert_stage,concert_stage,tag:leisure,leisure,1,0,0,0,urban_shopping
cinema visitor,convenience_store,convenience_store,tag:retail_service,retail_service,1,0,0,0,urban_shopping
cinema visitor,cozy_bookstore,cozy_bookstore,tag:retail_service,retail_service,1,0,0,0,urban_shopping
cinema visitor,cozy_living_room,cozy_living_room,universal,,0,1,0,0,urban_shopping
cinema visitor,neon_city_street,cyberpunk_street,tag:urban,urban,1,0,0,1,urban_shopping
cinema visitor,drugstore_aisle,drugstore_aisle,tag:retail_service,retail_service,1,0,0,0,urban_shopping
cinema visitor,family_restaurant,family_restaurant,tag:retail_service,retail_service,1,0,0,0,urban_shopping
cinema visitor,fashion_boutique,fashion_boutique,tag:retail_service,retail_service,1,0,0,0,urban_shopping
cinema visitor,ferry_terminal,ferry_terminal,tag:daily_public,daily_public,1,0,0,0,urban_shopping
cinema visitor,fire_station,fire_station,tag:daily_public,daily_public,1,0,0,0,urban_shopping
cinema visitor,fitness_gym,fitness_gym,tag:leisure,leisure,1,0,0,0,urban_shopping
cinema visitor,flower_market,flower_market,tag:retail_service,retail_service,1,0,0,0,urban_shopping
cinema visitor,food_court,food_court,tag:retail_service,retail_service,1,0,0,0,urban_shopping
cinema visitor,game_arcade,game_arcade,tag:urban,urban,1,0,0,0,urban_shopping
cinema visitor,greenhouse_nursery,greenhouse_nursery,tag:retail_service,retail_service,1,0,0,0,urban_shopping
cinema visitor,illuminated_park,illuminated_park,tag:urban,urban,1,0,0,0,urban_shopping
cinema visitor,karaoke_bar,karaoke_bar,tag:urban,urban,1,0,0,0,urban_shopping
cinema visitor,local_market_street,local_market_street,tag:retail_service,retail_service,1,0,0,0,urban_shopping
cinema visitor,luxury_hotel_lobby,luxury_hotel_lobby,tag:leisure,leisure,1,0,0,0,urban_shopping
cinema visitor,luxury_hotel_room,luxury_hotel_room,tag:leisure,leisure,1,0,0,0,urban_shopping
cinema visitor,mountain_resort,mountain_resort,tag:leisure,leisure,1,0,0,0,urban_shopping
cinema visitor,museum_hall,museum_hall,tag:daily_public,daily_public,1,0,0,0,urban_shopping
cinema visitor,neighborhood_crosswalk,neighborhood_crosswalk,tag:daily_public,daily_public,1,0,0,0,urban_shopping
cinema visitor,neighborhood_playground,neighborhood_playground,tag:daily_public,daily_public,1,0,0,0,urban_shopping
cinema visitor,observatory_dome,observatory_dome,tag:leisure,leisure,1,0,0,0,urban_shopping
cinema visitor,opera_house,opera_house,tag:leisure,leisure,1,0,0,0,urban_shopping
cinema visitor,picnic_park,picnic_park,tag:daily_public,daily_public,1,0,0,0,urban_shopping
cinema visitor,poolside_resort,poolside_resort,tag:leisure,leisure,1,0,0,0,urban_shopping
cinema visitor,postal_service_counter,postal_service_counter,tag:retail_service,retail_service,1,0,0,0,urban_shopping
cinema visitor,print_shop,print_shop,tag:retail_service,retail_service,1,0,0,0,urban_shopping
cinema visitor,public_library_lobby,public_library_lobby,tag:daily_public,daily_public,1,0,0,0,urban_shopping
cinema visitor,public_plaza,public_plaza,tag:urban,urban,1,0,0,0,urban_shopping
cinema visitor,rainy_alley,rainy_alley,tag:urban,urban,1,0,0,0,urban_shopping
cinema visitor,recording_studio,recording_studio,tag:leisure,leisure,1,0,0,0,urban_shopping
cinema visitor,riverside_walk,riverside_walk,tag:daily_public,daily_public,1,0,0,0,urban_shopping
cinema visitor,rooftop_cafe,rooftop_cafe,tag:urban,urban,1,0,0,0,urban_shopping
cinema visitor,rural_town_street,rural_town_street,tag:daily_public,daily_public,1,0,0,0,urban_shopping
cinema visitor,school_library,school_library,tag:daily_public,daily_public,1,0,0,0,urban_shopping
cinema visitor,shopping_arcade,shopping_arcade,tag:retail_service,retail_service,1,0,0,0,urban_shopping
cinema visitor,shopping_mall_atrium,shopping_mall_atrium,tag:retail_service,retail_service,1,0,0,0,urban_shopping
cinema visitor,stadium_court,stadium_court,tag:leisure,leisure,1,0,0,0,urban_shopping
cinema visitor,street_cafe,street_cafe,tag:retail_service,retail_service,1,0,0,0,urban_shopping
cinema visitor,suburban_neighborhood,suburban_neighborhood,tag:daily_public,daily_public,1,0,0,0,urban_shopping
cinema visitor,subway_ticket_gate,subway_ticket_gate,tag:urban,urban,1,0,0,0,urban_shopping
cinema visitor,supermarket_aisle,supermarket_aisle,tag:retail_service,retail_service,1,0,0,0,urban_shopping
cinema visitor,train_station_platform,train_station_platform,tag:urban,urban,1,0,0,0,urban_shopping
cinema visitor,tram_platform,tram_platform,tag:urban,urban,1,0,0,0,urban_shopping
cinema visitor,tropical_beach,tropical_beach,tag:leisure,leisure,1,0,0,0,urban_shopping
cinema visitor,underground_bar,underground_bar,tag:urban,urban,1,0,0,0,urban_shopping
cinema visitor,vehicle_repair_garage,vehicle_repair_garage,tag:urban,urban,1,0,0,0,urban_shopping
cinema visitor,wave_barrel,wave_barrel,tag:leisure,leisure,1,0,0,0,urban_shopping
cinema visitor,winter_street,winter_street,tag:daily_public,daily_public,1,0,0,0,urban_shopping
cinema visitor,yoga_studio,yoga_studio,tag:leisure,leisure,1,0,0,0,urban_shopping
city girl,antique_shop,antique_shop,tag:retail_service,retail_service,1,0,0,0,urban_shopping
city girl,aquarium,aquarium,tag:leisure,leisure,1,0,0,0,urban_shopping
city girl,art_gallery,art_gallery,tag:leisure,leisure,1,0,0,0,urban_shopping
city girl,bakery_shop,bakery_shop,tag:retail_service,retail_service,1,0,0,0,urban_shopping
city girl,bedroom_boudoir,bedroom_boudoir,universal,,0,1,0,0,urban_shopping
city girl,bike_station,bike_station,tag:daily_public,daily_public,1,0,0,0,urban_shopping
city girl,botanical_garden,botanical_garden,tag:leisure,leisure,1,0,0,0,urban_shopping
city girl,bus_terminal,bus_terminal,tag:daily_public,daily_public,1,0,0,0,urban_shopping
city girl,canal_walkway,canal_walkway,tag:daily_public,daily_public,1,0,0,0,urban_shopping
city girl,cinema_lobby,cinema_lobby,tag:leisure,leisure,1,0,0,0,urban_shopping
city girl,clean_modern_kitchen,clean_modern_kitchen,universal,,0,1,0,0,urban_shopping
city girl,clinic_waiting_room,clinic_waiting_room,tag:daily_public,daily_public,1,0,0,0,urban_shopping
city girl,community_center,community_center,tag:daily_public,daily_public,1,0,0,0,urban_shopping
city girl,community_garden,community_garden,tag:suburban,suburban,1,0,0,0,urban_shopping
city girl,community_theater_backstage,community_theater_backstage,tag:leisure,leisure,1,0,0,0,urban_shopping
city girl,commuter_transport,commuter_transport,tag:daily_public,daily_public,1,0,0,0,urban_shopping
city girl,concert_stage,concert_stage,tag:leisure,leisure,1,0,0,0,urban_shopping
city girl,convenience_store,convenience_store,tag:retail_service,retail_service,1,0,0,0,urban_shopping
city girl,cozy_bookstore,cozy_bookstore,tag:retail_service,retail_service,1,0,0,0,urban_shopping
city girl,cozy_living_room,cozy_living_room,universal,,0,1,0,0,urban_shopping
city girl,neon_city_street,cyberpunk_street,tag:urban,urban,1,0,0,1,urban_shopping
city girl,drugstore_aisle,drugstore_aisle,tag:retail_service,retail_service,1,0,0,0,urban_shopping
city girl,family_restaurant,family_restaurant,tag:retail_service,retail_service,1,0,0,0,urban_shopping
city girl,fashion_boutique,fashion_boutique,tag:retail_service,retail_service,1,0,0,0,urban_shopping
city girl,ferry_terminal,ferry_terminal,tag:daily_public,daily_public,1,0,0,0,urban_shopping
city girl,fire_station,fire_station,tag:daily_public,daily_public,1,0,0,0,urban_shopping
city girl,fitness_gym,fitness_gym,tag:leisure,leisure,1,0,0,0,urban_shopping
city girl,flower_market,flower_market,tag:retail_service,retail_service,1,0,0,0,urban_shopping
city girl,food_court,food_court,tag:leisure,leisure,1,0,0,0,urban_shopping
city girl,game_arcade,game_arcade,tag:leisure,leisure,1,0,0,0,urban_shopping
city girl,greenhouse_nursery,greenhouse_nursery,tag:retail_service,retail_service,1,0,0,0,urban_shopping
city girl,illuminated_park,illuminated_park,tag:daily_public,daily_public,1,0,0,0,urban_shopping
city girl,karaoke_bar,karaoke_bar,tag:leisure,leisure,1,0,0,0,urban_shopping
city girl,local_market_street,local_market_street,tag:retail_service,retail_service,1,0,0,0,urban_shopping
city girl,luxury_hotel_lobby,luxury_hotel_lobby,tag:leisure,leisure,1,0,0,0,urban_shopping
city girl,luxury_hotel_room,luxury_hotel_room,tag:leisure,leisure,1,0,0,0,urban_shopping
city girl,mountain_resort,mountain_resort,tag:leisure,leisure,1,0,0,0,urban_shopping
city girl,museum_hall,museum_hall,tag:leisure,leisure,1,0,0,0,urban_shopping
city girl,neighborhood_crosswalk,neighborhood_crosswalk,tag:daily_public,daily_public,1,0,0,0,urban_shopping
city girl,neighborhood_playground,neighborhood_playground,tag:daily_public,daily_public,1,0,0,0,urban_shopping
city girl,observatory_dome,observatory_dome,tag:leisure,leisure,1,0,0,0,urban_shopping
city girl,opera_house,opera_house,tag:leisure,leisure,1,0,0,0,urban_shopping
city girl,picnic_park,picnic_park,tag:daily_public,daily_public,1,0,0,0,urban_shopping
city girl,poolside_resort,poolside_resort,tag:leisure,leisure,1,0,0,0,urban_shopping
city girl,postal_service_counter,postal_service_counter,tag:retail_service,retail_service,1,0,0,0,urban_shopping
city girl,print_shop,print_shop,tag:retail_service,retail_service,1,0,0,0,urban_shopping
city girl,public_library_lobby,public_library_lobby,tag:daily_public,daily_public,1,0,0,0,urban_shopping
city girl,public_plaza,public_plaza,tag:leisure,leisure,1,0,0,0,urban_shopping
city girl,rainy_bus_stop,rainy_alley,tag:daily_public,daily_public,1,0,0,1,urban_shopping
city girl,recording_studio,recording_studio,tag:leisure,leisure,1,0,0,0,urban_shopping
city girl,riverside_walk,riverside_walk,tag:daily_public,daily_public,1,0,0,0,urban_shopping
city girl,rooftop_cafe,rooftop_cafe,tag:leisure,leisure,1,0,0,0,urban_shopping
city girl,rural_town_street,rural_town_street,tag:daily_public,daily_public,1,0,0,0,urban_shopping
city girl,school_library,school_library,tag:daily_public,daily_public,1,0,0,0,urban_shopping
city girl,shopping_arcade,shopping_arcade,tag:retail_service,retail_service,1,0,0,0,urban_shopping
city girl,shopping_mall_atrium,shopping_mall_atrium,tag:retail_service,retail_service,1,0,0,0,urban_shopping
city girl,stadium_court,stadium_court,tag:leisure,leisure,1,0,0,0,urban_shopping
city girl,street_cafe,street_cafe,tag:retail_service,retail_service,1,0,0,0,urban_shopping
city girl,suburban_neighborhood,suburban_neighborhood,tag:daily_public,daily_public,1,0,0,0,urban_shopping
city girl,subway_ticket_gate,subway_ticket_gate,tag:urban,urban,1,0,0,0,urban_shopping
city girl,supermarket_aisle,supermarket_aisle,tag:retail_service,retail_service,1,0,0,0,urban_shopping
city girl,train_station_platform,train_station_platform,tag:urban,urban,1,0,0,0,urban_shopping
city girl,tram_platform,tram_platform,tag:daily_public,daily_public,1,0,0,0,urban_shopping
city girl,tropical_beach,tropical_beach,tag:leisure,leisure,1,0,0,0,urban_shopping
city girl,underground_bar,underground_bar,tag:leisure,leisure,1,0,0,0,urban_shopping
city girl,vehicle_repair_garage,vehicle_repair_garage,tag:urban,urban,1,0,0,0,urban_shopping
city girl,wave_barrel,wave_barrel,tag:leisure,leisure,1,0,0,0,urban_shopping
city girl,winter_street,winter_street,tag:daily_public,daily_public,1,0,0,0,urban_shopping
city girl,yoga_studio,yoga_studio,tag:leisure,leisure,1,0,0,0,urban_shopping
clockwork artisan,steampunk_airship,airship_deck,tag:steampunk,steampunk,1,0,0,1,steampunk
clockwork artisan,antique_shop,antique_shop,tag:craft,craft,1,0,0,0,steampunk
clockwork artisan,aquarium,aquarium,universal,,0,1,0,0,steampunk
clockwork artisan,art_gallery,art_gallery,universal,,0,1,0,0,steampunk
clockwork artisan,bedroom_boudoir,bedroom_boudoir,universal,,0,1,0,0,steampunk
clockwork artisan,botanical_garden,botanical_garden,universal,,0,1,0,0,steampunk
clockwork artisan,clean_modern_kitchen,clean_modern_kitchen,universal,,0,1,0,0,steampunk
clockwork artisan,clockwork_workshop,clockwork_workshop,existing,,0,0,1,0,steampunk
clockwork artisan,commuter_transport,commuter_transport,universal,,0,1,0,0,steampunk
clockwork artisan,cozy_bookstore,cozy_bookstore,universal,,0,1,0,0,steampunk
clockwork artisan,cozy_living_room,cozy_living_room,universal,,0,1,0,0,steampunk
clockwork artisan,design_studio,design_studio,tag:craft,craft,1,0,0,0,steampunk
clockwork artisan,illuminated_park,illuminated_park,universal,,0,1,0,0,steampunk
clockwork artisan,maker_space,maker_space,tag:craft,craft,1,0,0,0,steampunk
clockwork artisan,messy_copy_room,messy_copy_room,tag:craft,craft,1,0,0,0,steampunk
clockwork artisan,museum_hall,museum_hall,universal,,0,1,0,0,steampunk
clockwork artisan,picnic_park,picnic_park,universal,,0,1,0,0,steampunk
clockwork artisan,rainy_bus_stop,rainy_alley,universal,,0,1,0,1,steampunk
clockwork artisan,rural_town_street,rural_town_street,universal,,0,1,0,0,steampunk
clockwork artisan,school_library,school_library,universal,,0,1,0,0,steampunk
clockwork artisan,shopping_mall_atrium,shopping_mall_atrium,universal,,0,1,0,0,steampunk
clockwork artisan,street_cafe,street_cafe,universal,,0,1,0,0,steampunk
clockwork artisan,suburban_neighborhood,suburban_neighborhood,universal,,0,1,0,0,steampunk
clockwork artisan,vehicle_repair_garage,vehicle_repair_garage,tag:craft,craft,1,0,0,0,steampunk
clockwork artisan,winter_street,winter_street,universal,,0,1,0,0,steampunk
club member,antique_shop,antique_shop,tag:retail_service,retail_service,1,0,0,0,school_uniform
club member,aquarium,aquarium,tag:leisure,leisure,1,0,0,0,school_uniform
club member,art_gallery,art_gallery,tag:leisure,leisure,1,0,0,0,school_uniform
club member,bakery_shop,bakery_shop,tag:retail_service,retail_service,1,0,0,0,school_uniform
club member,bedroom_boudoir,bedroom_boudoir,universal,,0,1,0,0,school_uniform
club member,bike_station,bike_station,tag:transit,transit,1,0,0,0,school_uniform
club member,botanical_garden,botanical_garden,tag:leisure,leisure,1,0,0,0,school_uniform
club member,bus_terminal,bus_terminal,tag:transit,transit,1,0,0,0,school_uniform
club member,campus_cafeteria,campus_cafeteria,tag:school,school,1,0,0,0,school_uniform
club member,campus_hallway,campus_hallway,tag:school,school,1,0,0,0,school_uniform
club member,canal_walkway,canal_walkway,tag:daily_public,daily_public,1,0,0,0,school_uniform
club member,cinema_lobby,cinema_lobby,tag:leisure,leisure,1,0,0,0,school_uniform
club member,clean_modern_kitchen,clean_modern_kitchen,universal,,0,1,0,0,school_uniform
club member,clinic_waiting_room,clinic_waiting_room,tag:quiet_indoor,quiet_indoor,1,0,0,0,school_uniform
club member,community_center,community_center,tag:daily_public,daily_public,1,0,0,0,school_uniform
club member,community_garden,community_garden,tag:suburban,suburban,1,0,0,0,school_uniform
club member,community_theater_backstage,community_theater_backstage,tag:leisure,leisure,1,0,0,0,school_uniform
club member,commuter_transport,commuter_transport,tag:transit,transit,1,0,0,0,school_uniform
club member,concert_stage,concert_stage,tag:leisure,leisure,1,0,0,0,school_uniform
club member,convenience_store,convenience_store,tag:retail_service,retail_service,1,0,0,0,school_uniform
club member,cozy_bookstore,cozy_bookstore,tag:retail_service,retail_service,1,0,0,0,school_uniform
club member,cozy_living_room,cozy_living_room,universal,,0,1,0,0,school_uniform
club member,design_studio,design_studio,tag:quiet_indoor,quiet_indoor,1,0,0,0,school_uniform
club member,drugstore_aisle,drugstore_aisle,tag:retail_service,retail_service,1,0,0,0,school_uniform
club member,family_restaurant,family_restaurant,tag:retail_service,retail_service,1,0,0,0,school_uniform
club member,fashion_boutique,fashion_boutique,tag:retail_service,retail_service,1,0,0,0,school_uniform
club member,ferry_terminal,ferry_terminal,tag:transit,transit,1,0,0,0,school_uniform
club member,fire_station,fire_station,tag:daily_public,daily_public,1,0,0,0,school_uniform
club member,fitness_gym,fitness_gym,tag:leisure,leisure,1,0,0,0,school_uniform
club member,flower_market,flower_market,tag:retail_service,retail_service,1,0,0,0,school_uniform
club member,food_court,food_court,tag:leisure,leisure,1,0,0,0,school_uniform
club member,game_arcade,game_arcade,tag:leisure,leisure,1,0,0,0,school_uniform
club member,greenhouse_nursery,greenhouse_nursery,tag:retail_service,retail_service,1,0,0,0,school_uniform
club member,illuminated_park,illuminated_park,tag:daily_public,daily_public,1,0,0,0,school_uniform
club member,karaoke_bar,karaoke_bar,tag:leisure,leisure,1,0,0,0,school_uniform
club member,local_market_street,local_market_street,tag:retail_service,retail_service,1,0,0,0,school_uniform
club member,luxury_hotel_lobby,luxury_hotel_lobby,tag:leisure,leisure,1,0,0,0,school_uniform
club member,luxury_hotel_room,luxury_hotel_room,tag:leisure,leisure,1,0,0,0,school_uniform
club member,mountain_resort,mountain_resort,tag:leisure,leisure,1,0,0,0,school_uniform
club member,museum_hall,museum_hall,tag:leisure,leisure,1,0,0,0,school_uniform
club member,neighborhood_crosswalk,neighborhood_crosswalk,tag:transit,transit,1,0,0,0,school_uniform
club member,neighborhood_playground,neighborhood_playground,tag:daily_public,daily_public,1,0,0,0,school_uniform
club member,observatory_dome,observatory_dome,tag:leisure,leisure,1,0,0,0,school_uniform
club member,opera_house,opera_house,tag:leisure,leisure,1,0,0,0,school_uniform
club member,picnic_park,picnic_park,tag:daily_public,daily_public,1,0,0,0,school_uniform
club member,poolside_resort,poolside_resort,tag:leisure,leisure,1,0,0,0,school_uniform
club member,postal_service_counter,postal_service_counter,tag:retail_service,retail_service,1,0,0,0,school_uniform
club member,print_shop,print_shop,tag:retail_service,retail_service,1,0,0,0,school_uniform
club member,public_library_lobby,public_library_lobby,tag:quiet_indoor,quiet_indoor,1,0,0,0,school_uniform
club member,public_plaza,public_plaza,tag:leisure,leisure,1,0,0,0,school_uniform
club member,rainy_bus_stop,rainy_alley,tag:transit,transit,1,0,0,1,school_uniform
club member,recording_studio,recording_studio,tag:leisure,leisure,1,0,0,0,school_uniform
club member,riverside_walk,riverside_walk,tag:daily_public,daily_public,1,0,0,0,school_uniform
club member,rooftop_cafe,rooftop_cafe,tag:leisure,leisure,1,0,0,0,school_uniform
club member,rural_town_street,rural_town_street,tag:daily_public,daily_public,1,0,0,0,school_uniform
club member,school_classroom,school_classroom,tag:school,school,1,0,0,0,school_uniform
club member,school_clubroom,school_clubroom,tag:quiet_indoor,quiet_indoor,1,0,0,0,school_uniform
club member,school_gym_hall,school_gym_hall,tag:school,school,1,0,0,0,school_uniform
club member,school_library,school_library,tag:quiet_indoor,quiet_indoor,1,0,0,0,school_uniform
club member,school_rooftop,school_rooftop,tag:school,school,1,0,0,0,school_uniform
club member,shopping_arcade,shopping_arcade,tag:retail_service,retail_service,1,0,0,0,school_uniform
club member,shopping_mall_atrium,shopping_mall_atrium,tag:retail_service,retail_service,1,0,0,0,school_uniform
club member,stadium_court,stadium_court,tag:leisure,leisure,1,0,0,0,school_uniform
club member,street_cafe,street_cafe,tag:retail_service,retail_service,1,0,0,0,school_uniform
club member,suburban_neighborhood,suburban_neighborhood,tag:daily_public,daily_public,1,0,0,0,school_uniform
club member,subway_ticket_gate,subway_ticket_gate,tag:transit,transit,1,0,0,0,school_uniform
club member,supermarket_aisle,supermarket_aisle,tag:retail_service,retail_service,1,0,0,0,school_uniform
club member,tea_room,tea_room,tag:quiet_indoor,quiet_indoor,1,0,0,0,school_uniform
club member,train_station_platform,train_station_platform,tag:transit,transit,1,0,0,0,school_uniform
club member,tram_platform,tram_platform,tag:transit,transit,1,0,0,0,school_uniform
club member,tropical_beach,tropical_beach,tag:leisure,leisure,1,0,0,0,school_uniform
club member,underground_bar,underground_bar,tag:leisure,leisure,1,0,0,0,school_uniform
club member,university_campus_courtyard,university_campus_courtyard,tag:school,school,1,0,0,0,school_uniform
club member,wave_barrel,wave_barrel,tag:leisure,leisure,1,0,0,0,school_uniform
club member,winter_street,winter_street,tag:daily_public,daily_public,1,0,0,0,school_uniform
club member,yoga_studio,yoga_studio,tag:leisure,leisure,1,0,0,0,school_uniform
community organizer,antique_shop,antique_shop,tag:retail_service,retail_service,1,0,0,0,cozy_cafe
community organizer,aquarium,aquarium,tag:leisure,leisure,1,0,0,0,cozy_cafe
community organizer,art_gallery,art_gallery,tag:leisure,leisure,1,0,0,0,cozy_cafe
community organizer,bakery_shop,bakery_shop,tag:retail_service,retail_service,1,0,0,0,cozy_cafe
community organizer,bedroom_boudoir,bedroom_boudoir,universal,,0,1,0,0,cozy_cafe
community organizer,bike_station,bike_station,tag:daily_public,daily_public,1,0,0,0,cozy_cafe
community organizer,boardroom,boardroom,tag:workplace,workplace,1,0,0,0,cozy_cafe
community organizer,botanical_garden,botanical_garden,tag:leisure,leisure,1,0,0,0,cozy_cafe
community organizer,bus_terminal,bus_terminal,tag:suburban,suburban,1,0,0,0,cozy_cafe
community organizer,canal_walkway,canal_walkway,tag:daily_public,daily_public,1,0,0,0,cozy_cafe
community organizer,cinema_lobby,cinema_lobby,tag:leisure,leisure,1,0,0,0,cozy_cafe
community organizer,clean_modern_kitchen,clean_modern_kitchen,universal,,0,1,0,0,cozy_cafe
community organizer,clinic_waiting_room,clinic_waiting_room,tag:workplace,workplace,1,0,0,0,cozy_cafe
community organizer,community_center,community_center,tag:suburban,suburban,1,0,0,0,cozy_cafe
community organizer,community_garden,community_garden,tag:suburban,suburban,1,0,0,0,cozy_cafe
community organizer,community_theater_backstage,community_theater_backstage,tag:leisure,leisure,1,0,0,0,cozy_cafe
community organizer,commuter_transport,commuter_transport,tag:daily_public,daily_public,1,0,0,0,cozy_cafe
community organizer,concert_stage,concert_stage,tag:leisure,leisure,1,0,0,0,cozy_cafe
community organizer,convenience_store,convenience_store,tag:retail_service,retail_service,1,0,0,0,cozy_cafe
community organizer,coworking_space,coworking_space,tag:workplace,workplace,1,0,0,0,cozy_cafe
community organizer,cozy_bookstore,cozy_bookstore,tag:retail_service,retail_service,1,0,0,0,cozy_cafe
community organizer,cozy_living_room,cozy_living_room,universal,,0,1,0,0,cozy_cafe
community organizer,design_studio,design_studio,tag:workplace,workplace,1,0,0,0,cozy_cafe
community organizer,drugstore_aisle,drugstore_aisle,tag:retail_service,retail_service,1,0,0,0,cozy_cafe
community organizer,family_restaurant,family_restaurant,tag:retail_service,retail_service,1,0,0,0,cozy_cafe
community organizer,fashion_boutique,fashion_boutique,tag:retail_service,retail_service,1,0,0,0,cozy_cafe
community organizer,ferry_terminal,ferry_terminal,tag:daily_public,daily_public,1,0,0,0,cozy_cafe
community organizer,fire_station,fire_station,tag:workplace,workplace,1,0,0,0,cozy_cafe
community organizer,fitness_gym,fitness_gym,tag:leisure,leisure,1,0,0,0,cozy_cafe
community organizer,flower_market,flower_market,tag:retail_service,retail_service,1,0,0,0,cozy_cafe
community organizer,food_court,food_court,tag:leisure,leisure,1,0,0,0,cozy_cafe
community organizer,game_arcade,game_arcade,tag:leisure,leisure,1,0,0,0,cozy_cafe
community organizer,greenhouse_nursery,greenhouse_nursery,tag:retail_service,retail_service,1,0,0,0,cozy_cafe
community organizer,illuminated_park,illuminated_park,tag:daily_public,daily_public,1,0,0,0,cozy_cafe
community organizer,karaoke_bar,karaoke_bar,tag:leisure,leisure,1,0,0,0,cozy_cafe
community organizer,local_market_street,local_market_street,tag:retail_service,retail_service,1,0,0,0,cozy_cafe
community organizer,luxury_hotel_lobby,luxury_hotel_lobby,tag:leisure,leisure,1,0,0,0,cozy_cafe
community organizer,luxury_hotel_room,luxury_hotel_room,tag:leisure,leisure,1,0,0,0,cozy_cafe
community organizer,maker_space,maker_space,tag:workplace,workplace,1,0,0,0,cozy_cafe
community organizer,messy_copy_room,messy_copy_room,tag:workplace,workplace,1,0,0,0,cozy_cafe
community organizer,modern_office,modern_office,tag:workplace,workplace,1,0,0,0,cozy_cafe
community organizer,mountain_resort,mountain_resort,tag:leisure,leisure,1,0,0,0,cozy_cafe
community organizer,museum_hall,museum_hall,tag:leisure,leisure,1,0,0,0,cozy_cafe
community organizer,neighborhood_crosswalk,neighborhood_crosswalk,tag:suburban,suburban,1,0,0,0,cozy_cafe
community organizer,neighborhood_playground,neighborhood_playground,tag:suburban,suburban,1,0,0,0,cozy_cafe
community organizer,observatory_dome,observatory_dome,tag:leisure,leisure,1,0,0,0,cozy_cafe
community organizer,office_elevator,office_elevator,tag:workplace,workplace,1,0,0,0,cozy_cafe
community organizer,opera_house,opera_house,tag:leisure,leisure,1,0,0,0,cozy_cafe
community organizer,picnic_park,picnic_park,tag:daily_public,daily_public,1,0,0,0,cozy_cafe
community organizer,poolside_resort,poolside_resort,tag:leisure,leisure,1,0,0,0,cozy_cafe
community organizer,postal_service_counter,postal_service_counter,tag:retail_service,retail_service,1,0,0,0,cozy_cafe
community organizer,print_shop,print_shop,tag:retail_service,retail_service,1,0,0,0,cozy_cafe
community organizer,public_library_lobby,public_library_lobby,tag:suburban,suburban,1,0,0,0,cozy_cafe
community organizer,public_plaza,public_plaza,tag:leisure,leisure,1,0,0,0,cozy_cafe
community organizer,rainy_bus_stop,rainy_alley,tag:suburban,suburban,1,0,0,1,cozy_cafe
community organizer,recording_studio,recording_studio,tag:leisure,leisure,1,0,0,0,cozy_cafe
community organizer,riverside_walk,riverside_walk,tag:suburban,suburban,1,0,0,0,cozy_cafe
community organizer,rooftop_cafe,rooftop_cafe,tag:leisure,leisure,1,0,0,0,cozy_cafe
community organizer,rural_town_street,rural_town_street,tag:suburban,suburban,1,0,0,0,cozy_cafe
community organizer,school_library,school_library,tag:daily_public,daily_public,1,0,0,0,cozy_cafe
community organizer,shopping_arcade,shopping_arcade,tag:retail_service,retail_service,1,0,0,0,cozy_cafe
community organizer,shopping_mall_atrium,shopping_mall_atrium,tag:retail_service,retail_service,1,0,0,0,cozy_cafe
community organizer,stadium_court,stadium_court,tag:leisure,leisure,1,0,0,0,cozy_cafe
community organizer,street_cafe,street_cafe,tag:retail_service,retail_service,1,0,0,0,cozy_cafe
community organizer,suburban_neighborhood,suburban_neighborhood,tag:suburban,suburban,1,0,0,0,cozy_cafe
community organizer,supermarket_aisle,supermarket_aisle,tag:retail_service,retail_service,1,0,0,0,cozy_cafe
community organizer,surveillance_room,surveillance_room,tag:workplace,workplace,1,0,0,0,cozy_cafe
community organizer,train_station_platform,train_station_platform,tag:workplace,workplace,1,0,0,0,cozy_cafe
community organizer,tram_platform,tram_platform,tag:daily_public,daily_public,1,0,0,0,cozy_cafe
community organizer,tropical_beach,tropical_beach,tag:leisure,leisure,1,0,0,0,cozy_cafe
community organizer,underground_bar,underground_bar,tag:leisure,leisure,1,0,0,0,cozy_cafe
community organizer,vehicle_repair_garage,vehicle_repair_garage,tag:workplace,workplace,1,0,0,0,cozy_cafe
community organizer,wave_barrel,wave_barrel,tag:leisure,leisure,1,0,0,0,cozy_cafe
community organizer,winter_street,winter_street,tag:daily_public,daily_public,1,0,0,0,cozy_cafe
community organizer,yoga_studio,yoga_studio,tag:leisure,leisure,1,0,0,0,cozy_cafe
commuter,antique_shop,antique_shop,tag:retail_service,retail_service,1,0,0,0,office_lady
commuter,aquarium,aquarium,tag:leisure,leisure,1,0,0,0,office_lady
commuter,art_gallery,art_gallery,tag:leisure,leisure,1,0,0,0,office_lady
commuter,bakery_shop,bakery_shop,tag:retail_service,retail_service,1,0,0,0,office_lady
commuter,bedroom_boudoir,bedroom_boudoir,universal,,0,1,0,0,office_lady
commuter,bike_station,bike_station,tag:transit,transit,1,0,0,0,office_lady
commuter,boardroom,boardroom,tag:workplace,workplace,1,0,0,0,office_lady
commuter,botanical_garden,botanical_garden,tag:leisure,leisure,1,0,0,0,office_lady
commuter,bus_terminal,bus_terminal,tag:transit,transit,1,0,0,0,office_lady
commuter,canal_walkway,canal_walkway,tag:daily_public,daily_public,1,0,0,0,office_lady
commuter,cinema_lobby,cinema_lobby,tag:leisure,leisure,1,0,0,0,office_lady
commuter,clean_modern_kitchen,clean_modern_kitchen,universal,,0,1,0,0,office_lady
commuter,clinic_waiting_room,clinic_waiting_room,tag:workplace,workplace,1,0,0,0,office_lady
commuter,community_center,community_center,tag:daily_public,daily_public,1,0,0,0,office_lady
commuter,community_garden,community_garden,tag:suburban,suburban,1,0,0,0,office_lady
commuter,community_theater_backstage,community_theater_backstage,tag:leisure,leisure,1,0,0,0,office_lady
commuter,commuter_transport,commuter_transport,tag:transit,transit,1,0,0,0,office_lady
commuter,concert_stage,concert_stage,tag:leisure,leisure,1,0,0,0,office_lady
commuter,convenience_store,convenience_store,tag:retail_service,retail_service,1,0,0,0,office_lady
commuter,coworking_space,coworking_space,tag:workplace,workplace,1,0,0,0,office_lady
commuter,cozy_bookstore,cozy_bookstore,tag:retail_service,retail_service,1,0,0,0,office_lady
commuter,cozy_living_room,cozy_living_room,universal,,0,1,0,0,office_lady
commuter,neon_city_street,cyberpunk_street,tag:urban,urban,1,0,0,1,office_lady
commuter,design_studio,design_studio,tag:workplace,workplace,1,0,0,0,office_lady
commuter,drugstore_aisle,drugstore_aisle,tag:retail_service,retail_service,1,0,0,0,office_lady
commuter,family_restaurant,family_restaurant,tag:retail_service,retail_service,1,0,0,0,office_lady
commuter,fashion_boutique,fashion_boutique,tag:retail_service,retail_service,1,0,0,0,office_lady
commuter,ferry_terminal,ferry_terminal,tag:transit,transit,1,0,0,0,office_lady
commuter,fire_station,fire_station,tag:workplace,workplace,1,0,0,0,office_lady
commuter,fitness_gym,fitness_gym,tag:leisure,leisure,1,0,0,0,office_lady
commuter,flower_market,flower_market,tag:retail_service,retail_service,1,0,0,0,office_lady
commuter,food_court,food_court,tag:leisure,leisure,1,0,0,0,office_lady
commuter,game_arcade,game_arcade,tag:leisure,leisure,1,0,0,0,office_lady
commuter,greenhouse_nursery,greenhouse_nursery,tag:retail_service,retail_service,1,0,0,0,office_lady
commuter,illuminated_park,illuminated_park,tag:daily_public,daily_public,1,0,0,0,office_lady
commuter,karaoke_bar,karaoke_bar,tag:leisure,leisure,1,0,0,0,office_lady
commuter,local_market_street,local_market_street,tag:retail_service,retail_service,1,0,0,0,office_lady
commuter,luxury_hotel_lobby,luxury_hotel_lobby,tag:leisure,leisure,1,0,0,0,office_lady
commuter,luxury_hotel_room,luxury_hotel_room,tag:leisure,leisure,1,0,0,0,office_lady
commuter,maker_space,maker_space,tag:workplace,workplace,1,0,0,0,office_lady
commuter,messy_copy_room,messy_copy_room,tag:workplace,workplace,1,0,0,0,office_lady
commuter,modern_office,modern_office,tag:workplace,workplace,1,0,0,0,office_lady
commuter,mountain_resort,mountain_resort,tag:leisure,leisure,1,0,0,0,office_lady
commuter,museum_hall,museum_hall,tag:leisure,leisure,1,0,0,0,office_lady
commuter,neighborhood_crosswalk,neighborhood_crosswalk,tag:transit,transit,1,0,0,0,office_lady
commuter,neighborhood_playground,neighborhood_playground,tag:daily_public,daily_public,1,0,0,0,office_lady
commuter,observatory_dome,observatory_dome,tag:leisure,leisure,1,0,0,0,office_lady
commuter,office_elevator,office_elevator,tag:workplace,workplace,1,0,0,0,office_lady
commuter,opera_house,opera_house,tag:leisure,leisure,1,0,0,0,office_lady
commuter,picnic_park,picnic_park,tag:daily_public,daily_public,1,0,0,0,office_lady
commuter,poolside_resort,poolside_resort,tag:leisure,leisure,1,0,0,0,office_lady
commuter,postal_service_counter,postal_service_counter,tag:retail_service,retail_service,1,0,0,0,office_lady
commuter,print_shop,print_shop,tag:retail_service,retail_service,1,0,0,0,office_lady
commuter,public_library_lobby,public_library_lobby,tag:daily_public,daily_public,1,0,0,0,office_lady
commuter,public_plaza,public_plaza,tag:leisure,leisure,1,0,0,0,office_lady
commuter,rainy_bus_stop,rainy_alley,tag:transit,transit,1,0,0,1,office_lady
commuter,recording_studio,recording_studio,tag:leisure,leisure,1,0,0,0,office_lady
commuter,riverside_walk,riverside_walk,tag:daily_public,daily_public,1,0,0,0,office_lady
commuter,rooftop_cafe,rooftop_cafe,tag:leisure,leisure,1,0,0,0,office_lady
commuter,rural_town_street,rural_town_street,tag:daily_public,daily_public,1,0,0,0,office_lady
commuter,school_library,school_library,tag:daily_public,daily_public,1,0,0,0,office_lady
commuter,shopping_arcade,shopping_arcade,tag:retail_service,retail_service,1,0,0,0,office_lady
commuter,shopping_mall_atrium,shopping_mall_atrium,tag:retail_service,retail_service,1,0,0,0,office_lady
commuter,stadium_court,stadium_court,tag:leisure,leisure,1,0,0,0,office_lady
commuter,street_cafe,street_cafe,tag:retail_service,retail_service,1,0,0,0,office_lady
commuter,suburban_neighborhood,suburban_neighborhood,tag:daily_public,daily_public,1,0,0,0,office_lady
commuter,subway_ticket_gate,subway_ticket_gate,tag:transit,transit,1,0,0,0,office_lady
commuter,supermarket_aisle,supermarket_aisle,tag:retail_service,retail_service,1,0,0,0,office_lady
commuter,surveillance_room,surveillance_room,tag:workplace,workplace,1,0,0,0,office_lady
commuter,train_station_platform,train_station_platform,tag:transit,transit,1,0,0,0,office_lady
commuter,tram_platform,tram_platform,tag:transit,transit,1,0,0,0,office_lady
commuter,tropical_beach,tropical_beach,tag:leisure,leisure,1,0,0,0,office_lady
commuter,underground_bar,underground_bar,tag:leisure,leisure,1,0,0,0,office_lady
commuter,vehicle_repair_garage,vehicle_repair_garage,tag:workplace,workplace,1,0,0,0,office_lady
commuter,wave_barrel,wave_barrel,tag:leisure,leisure,1,0,0,0,office_lady
commuter,winter_street,winter_street,tag:daily_public,daily_public,1,0,0,0,office_lady
commuter,yoga_studio,yoga_studio,tag:leisure,leisure,1,0,0,0,office_lady
convenience clerk,antique_shop,antique_shop,tag:retail_service,retail_service,1,0,0,0,cozy_cafe
convenience clerk,aquarium,aquarium,tag:leisure,leisure,1,0,0,0,cozy_cafe
convenience clerk,art_gallery,art_gallery,tag:leisure,leisure,1,0,0,0,cozy_cafe
convenience clerk,bakery_shop,bakery_shop,tag:urban,urban,1,0,0,0,cozy_cafe
convenience clerk,bedroom_boudoir,bedroom_boudoir,universal,,0,1,0,0,cozy_cafe
convenience clerk,bike_station,bike_station,tag:urban,urban,1,0,0,0,cozy_cafe
convenience clerk,botanical_garden,botanical_garden,tag:leisure,leisure,1,0,0,0,cozy_cafe
convenience clerk,bus_terminal,bus_terminal,tag:daily_public,daily_public,1,0,0,0,cozy_cafe
convenience clerk,canal_walkway,canal_walkway,tag:urban,urban,1,0,0,0,cozy_cafe
convenience clerk,cinema_lobby,cinema_lobby,tag:leisure,leisure,1,0,0,0,cozy_cafe
convenience clerk,clean_modern_kitchen,clean_modern_kitchen,universal,,0,1,0,0,cozy_cafe
convenience clerk,clinic_waiting_room,clinic_waiting_room,tag:daily_public,daily_public,1,0,0,0,cozy_cafe
convenience clerk,community_center,community_center,tag:daily_public,daily_public,1,0,0,0,cozy_cafe
convenience clerk,community_theater_backstage,community_theater_backstage,tag:leisure,leisure,1,0,0,0,cozy_cafe
convenience clerk,commuter_transport,commuter_transport,tag:daily_public,daily_public,1,0,0,0,cozy_cafe
convenience clerk,concert_stage,concert_stage,tag:leisure,leisure,1,0,0,0,cozy_cafe
convenience clerk,convenience_store,convenience_store,tag:urban,urban,1,0,0,0,cozy_cafe
convenience clerk,cozy_bookstore,cozy_bookstore,tag:urban,urban,1,0,0,0,cozy_cafe
convenience clerk,cozy_living_room,cozy_living_room,universal,,0,1,0,0,cozy_cafe
convenience clerk,neon_city_street,cyberpunk_street,tag:urban,urban,1,0,0,1,cozy_cafe
convenience clerk,drugstore_aisle,drugstore_aisle,tag:urban,urban,1,0,0,0,cozy_cafe
convenience clerk,family_restaurant,family_restaurant,tag:urban,urban,1,0,0,0,cozy_cafe
convenience clerk,fashion_boutique,fashion_boutique,tag:urban,urban,1,0,0,0,cozy_cafe
convenience clerk,ferry_terminal,ferry_terminal,tag:daily_public,daily_public,1,0,0,0,cozy_cafe
convenience clerk,fire_station,fire_station,tag:daily_public,daily_public,1,0,0,0,cozy_cafe
convenience clerk,fitness_gym,fitness_gym,tag:leisure,leisure,1,0,0,0,cozy_cafe
convenience clerk,flower_market,flower_market,tag:urban,urban,1,0,0,0,cozy_cafe
convenience clerk,food_court,food_court,tag:leisure,leisure,1,0,0,0,cozy_cafe
convenience clerk,game_arcade,game_arcade,tag:leisure,leisure,1,0,0,0,cozy_cafe
convenience clerk,greenhouse_nursery,greenhouse_nursery,tag:retail_service,retail_service,1,0,0,0,cozy_cafe
convenience clerk,illuminated_park,illuminated_park,tag:urban,urban,1,0,0,0,cozy_cafe
convenience clerk,karaoke_bar,karaoke_bar,tag:leisure,leisure,1,0,0,0,cozy_cafe
convenience clerk,local_market_street,local_market_street,tag:urban,urban,1,0,0,0,cozy_cafe
convenience clerk,luxury_hotel_lobby,luxury_hotel_lobby,tag:leisure,leisure,1,0,0,0,cozy_cafe
convenience clerk,luxury_hotel_room,luxury_hotel_room,tag:leisure,leisure,1,0,0,0,cozy_cafe
convenience clerk,mountain_resort,mountain_resort,tag:leisure,leisure,1,0,0,0,cozy_cafe
convenience clerk,museum_hall,museum_hall,tag:leisure,leisure,1,0,0,0,cozy_cafe
convenience clerk,neighborhood_crosswalk,neighborhood_crosswalk,tag:daily_public,daily_public,1,0,0,0,cozy_cafe
convenience clerk,neighborhood_playground,neighborhood_playground,tag:daily_public,daily_public,1,0,0,0,cozy_cafe
convenience clerk,observatory_dome,observatory_dome,tag:leisure,leisure,1,0,0,0,cozy_cafe
convenience clerk,opera_house,opera_house,tag:leisure,leisure,1,0,0,0,cozy_cafe
convenience clerk,picnic_park,picnic_park,tag:daily_public,daily_public,1,0,0,0,cozy_cafe
convenience clerk,poolside_resort,poolside_resort,tag:leisure,leisure,1,0,0,0,cozy_cafe
convenience clerk,postal_service_counter,postal_service_counter,tag:daily_public,daily_public,1,0,0,0,cozy_cafe
convenience clerk,print_shop,print_shop,tag:urban,urban,1,0,0,0,cozy_cafe
convenience clerk,public_library_lobby,public_library_lobby,tag:daily_public,daily_public,1,0,0,0,cozy_cafe
convenience clerk,public_plaza,public_plaza,tag:leisure,leisure,1,0,0,0,cozy_cafe
convenience clerk,rainy_alley,rainy_alley,tag:urban,urban,1,0,0,0,cozy_cafe
convenience clerk,recording_studio,recording_studio,tag:leisure,leisure,1,0,0,0,cozy_cafe
convenience clerk,riverside_walk,riverside_walk,tag:daily_public,daily_public,1,0,0,0,cozy_cafe
convenience clerk,rooftop_cafe,rooftop_cafe,tag:leisure,leisure,1,0,0,0,cozy_cafe
convenience clerk,rural_town_street,rural_town_street,tag:daily_public,daily_public,1,0,0,0,cozy_cafe
convenience clerk,school_library,school_library,tag:daily_public,daily_public,1,0,0,0,cozy_cafe
convenience clerk,shopping_arcade,shopping_arcade,tag:urban,urban,1,0,0,0,cozy_cafe
convenience clerk,shopping_mall_atrium,shopping_mall_atrium,tag:urban,urban,1,0,0,0,cozy_cafe
convenience clerk,stadium_court,stadium_court,tag:leisure,leisure,1,0,0,0,cozy_cafe
convenience clerk,street_cafe,street_cafe,tag:urban,urban,1,0,0,0,cozy_cafe
convenience clerk,suburban_neighborhood,suburban_neighborhood,tag:daily_public,daily_public,1,0,0,0,cozy_cafe
convenience clerk,subway_ticket_gate,subway_ticket_gate,tag:urban,urban,1,0,0,0,cozy_cafe
convenience clerk,supermarket_aisle,supermarket_aisle,tag:urban,urban,1,0,0,0,cozy_cafe
convenience clerk,train_station_platform,train_station_platform,tag:urban,urban,1,0,0,0,cozy_cafe
convenience clerk,tram_platform,tram_platform,tag:urban,urban,1,0,0,0,cozy_cafe
convenience clerk,tropical_beach,tropical_beach,tag:leisure,leisure,1,0,0,0,cozy_cafe
convenience clerk,underground_bar,underground_bar,tag:leisure,leisure,1,0,0,0,cozy_cafe
convenience clerk,vehicle_repair_garage,vehicle_repair_garage,tag:urban,urban,1,0,0,0,cozy_cafe
convenience clerk,wave_barrel,wave_barrel,tag:leisure,leisure,1,0,0,0,cozy_cafe
convenience clerk,winter_street,winter_street,tag:daily_public,daily_public,1,0,0,0,cozy_cafe
convenience clerk,yoga_studio,yoga_studio,tag:leisure,leisure,1,0,0,0,cozy_cafe
coworking freelancer,aquarium,aquarium,tag:daily_public,daily_public,1,0,0,0,office_lady
coworking freelancer,art_gallery,art_gallery,tag:daily_public,daily_public,1,0,0,0,office_lady
coworking freelancer,bedroom_boudoir,bedroom_boudoir,universal,,0,1,0,0,office_lady
coworking freelancer,bike_station,bike_station,tag:transit,transit,1,0,0,0,office_lady
coworking freelancer,boardroom,boardroom,tag:office,office,1,0,0,0,office_lady
coworking freelancer,botanical_garden,botanical_garden,tag:daily_public,daily_public,1,0,0,0,office_lady
coworking freelancer,bus_terminal,bus_terminal,tag:transit,transit,1,0,0,0,office_lady
coworking freelancer,canal_walkway,canal_walkway,tag:daily_public,daily_public,1,0,0,0,office_lady
coworking freelancer,clean_modern_kitchen,clean_modern_kitchen,universal,,0,1,0,0,office_lady
coworking freelancer,clinic_waiting_room,clinic_waiting_room,tag:daily_public,daily_public,1,0,0,0,office_lady
coworking freelancer,community_center,community_center,tag:daily_public,daily_public,1,0,0,0,office_lady
coworking freelancer,community_theater_backstage,community_theater_backstage,tag:workplace,workplace,1,0,0,0,office_lady
coworking freelancer,commuter_transport,commuter_transport,tag:transit,transit,1,0,0,0,office_lady
coworking freelancer,coworking_space,coworking_space,tag:office,office,1,0,0,0,office_lady
coworking freelancer,cozy_bookstore,cozy_bookstore,tag:daily_public,daily_public,1,0,0,0,office_lady
coworking freelancer,cozy_living_room,cozy_living_room,universal,,0,1,0,0,office_lady
coworking freelancer,design_studio,design_studio,tag:workplace,workplace,1,0,0,0,office_lady
coworking freelancer,ferry_terminal,ferry_terminal,tag:transit,transit,1,0,0,0,office_lady
coworking freelancer,fire_station,fire_station,tag:daily_public,daily_public,1,0,0,0,office_lady
coworking freelancer,greenhouse_nursery,greenhouse_nursery,tag:workplace,workplace,1,0,0,0,office_lady
coworking freelancer,illuminated_park,illuminated_park,tag:daily_public,daily_public,1,0,0,0,office_lady
coworking freelancer,local_market_street,local_market_street,tag:daily_public,daily_public,1,0,0,0,office_lady
coworking freelancer,luxury_hotel_lobby,luxury_hotel_lobby,tag:office,office,1,0,0,0,office_lady
coworking freelancer,maker_space,maker_space,tag:workplace,workplace,1,0,0,0,office_lady
coworking freelancer,messy_copy_room,messy_copy_room,tag:office,office,1,0,0,0,office_lady
coworking freelancer,modern_office,modern_office,tag:office,office,1,0,0,0,office_lady
coworking freelancer,museum_hall,museum_hall,tag:daily_public,daily_public,1,0,0,0,office_lady
coworking freelancer,neighborhood_crosswalk,neighborhood_crosswalk,tag:transit,transit,1,0,0,0,office_lady
coworking freelancer,neighborhood_playground,neighborhood_playground,tag:daily_public,daily_public,1,0,0,0,office_lady
coworking freelancer,office_elevator,office_elevator,tag:office,office,1,0,0,0,office_lady
coworking freelancer,picnic_park,picnic_park,tag:daily_public,daily_public,1,0,0,0,office_lady
coworking freelancer,postal_service_counter,postal_service_counter,tag:daily_public,daily_public,1,0,0,0,office_lady
coworking freelancer,print_shop,print_shop,tag:workplace,workplace,1,0,0,0,office_lady
coworking freelancer,public_library_lobby,public_library_lobby,tag:daily_public,daily_public,1,0,0,0,office_lady
coworking freelancer,public_plaza,public_plaza,tag:daily_public,daily_public,1,0,0,0,office_lady
coworking freelancer,rainy_bus_stop,rainy_alley,tag:transit,transit,1,0,0,1,office_lady
coworking freelancer,riverside_walk,riverside_walk,tag:daily_public,daily_public,1,0,0,0,office_lady
coworking freelancer,rural_town_street,rural_town_street,tag:daily_public,daily_public,1,0,0,0,office_lady
coworking freelancer,school_library,school_library,tag:daily_public,daily_public,1,0,0,0,office_lady
coworking freelancer,shopping_mall_atrium,shopping_mall_atrium,tag:daily_public,daily_public,1,0,0,0,office_lady
coworking freelancer,elegant_dining_room,street_cafe,tag:office,office,1,0,0,1,office_lady
coworking freelancer,suburban_neighborhood,suburban_neighborhood,tag:daily_public,daily_public,1,0,0,0,office_lady
coworking freelancer,subway_ticket_gate,subway_ticket_gate,tag:transit,transit,1,0,0,0,office_lady
coworking freelancer,surveillance_room,surveillance_room,tag:office,office,1,0,0,0,office_lady
coworking freelancer,train_station_platform,train_station_platform,tag:transit,transit,1,0,0,0,office_lady
coworking freelancer,tram_platform,tram_platform,tag:transit,transit,1,0,0,0,office_lady
coworking freelancer,vehicle_repair_garage,vehicle_repair_garage,tag:workplace,workplace,1,0,0,0,office_lady
coworking freelancer,winter_street,winter_street,tag:daily_public,daily_public,1,0,0,0,office_lady
cyberpunk girl,airship_deck,airship_deck,tag:scifi,scifi,1,0,0,0,cyberpunk_night
cyberpunk girl,alien_planet,alien_planet,tag:scifi,scifi,1,0,0,0,cyberpunk_night
cyberpunk girl,antique_shop,antique_shop,tag:retail_service,retail_service,1,0,0,0,cyberpunk_night
cyberpunk girl,aquarium,aquarium,tag:leisure,leisure,1,0,0,0,cyberpunk_night
cyberpunk girl,art_gallery,art_gallery,tag:leisure,leisure,1,0,0,0,cyberpunk_night
cyberpunk girl,bakery_shop,bakery_shop,tag:retail_service,retail_service,1,0,0,0,cyberpunk_night
cyberpunk girl,bedroom_boudoir,bedroom_boudoir,universal,,0,1,0,0,cyberpunk_night
cyberpunk girl,bike_station,bike_station,tag:daily_public,daily_public,1,0,0,0,cyberpunk_night
cyberpunk girl,bus_terminal,bus_terminal,tag:daily_public,daily_public,1,0,0,0,cyberpunk_night
cyberpunk girl,canal_walkway,canal_walkway,tag:daily_public,daily_public,1,0,0,0,cyberpunk_night
cyberpunk girl,cinema_lobby,cinema_lobby,tag:leisure,leisure,1,0,0,0,cyberpunk_night
cyberpunk girl,clean_modern_kitchen,clean_modern_kitchen,universal,,0,1,0,0,cyberpunk_night
cyberpunk girl,clinic_waiting_room,clinic_waiting_room,tag:daily_public,daily_public,1,0,0,0,cyberpunk_night
cyberpunk girl,community_center,community_center,tag:daily_public,daily_public,1,0,0,0,cyberpunk_night
cyberpunk girl,community_theater_backstage,community_theater_backstage,tag:leisure,leisure,1,0,0,0,cyberpunk_night
cyberpunk girl,commuter_transport,commuter_transport,tag:daily_public,daily_public,1,0,0,0,cyberpunk_night
cyberpunk girl,concert_stage,concert_stage,tag:leisure,leisure,1,0,0,0,cyberpunk_night
cyberpunk girl,convenience_store,convenience_store,tag:retail_service,retail_service,1,0,0,0,cyberpunk_night
cyberpunk girl,cozy_bookstore,cozy_bookstore,tag:retail_service,retail_service,1,0,0,0,cyberpunk_night
cyberpunk girl,cozy_living_room,cozy_living_room,universal,,0,1,0,0,cyberpunk_night
cyberpunk girl,cyber_lab,cyber_lab,tag:scifi,scifi,1,0,0,0,cyberpunk_night
cyberpunk girl,neon_city_street,cyberpunk_street,existing,,0,0,1,1,cyberpunk_night
cyberpunk girl,drugstore_aisle,drugstore_aisle,tag:retail_service,retail_service,1,0,0,0,cyberpunk_night
cyberpunk girl,family_restaurant,family_restaurant,tag:retail_service,retail_service,1,0,0,0,cyberpunk_night
cyberpunk girl,fashion_boutique,fashion_boutique,tag:retail_service,retail_service,1,0,0,0,cyberpunk_night
cyberpunk girl,ferry_terminal,ferry_terminal,tag:daily_public,daily_public,1,0,0,0,cyberpunk_night
cyberpunk girl,fire_station,fire_station,tag:daily_public,daily_public,1,0,0,0,cyberpunk_night
cyberpunk girl,fitness_gym,fitness_gym,tag:leisure,leisure,1,0,0,0,cyberpunk_night
cyberpunk girl,flower_market,flower_market,tag:retail_service,retail_service,1,0,0,0,cyberpunk_night
cyberpunk girl,food_court,food_court,tag:leisure,leisure,1,0,0,0,cyberpunk_night
cyberpunk girl,game_arcade,game_arcade,tag:leisure,leisure,1,0,0,0,cyberpunk_night
cyberpunk girl,greenhouse_nursery,greenhouse_nursery,tag:retail_service,retail_service,1,0,0,0,cyberpunk_night
cyberpunk girl,high_tech_medbay,high_tech_medbay,tag:scifi,scifi,1,0,0,0,cyberpunk_night
cyberpunk girl,illuminated_park,illuminated_park,tag:daily_public,daily_public,1,0,0,0,cyberpunk_night
cyberpunk girl,karaoke_bar,karaoke_bar,tag:leisure,leisure,1,0,0,0,cyberpunk_night
cyberpunk girl,local_market_street,local_market_street,tag:retail_service,retail_service,1,0,0,0,cyberpunk_night
cyberpunk girl,luxury_hotel_lobby,luxury_hotel_lobby,tag:leisure,leisure,1,0,0,0,cyberpunk_night
cyberpunk girl,luxury_hotel_room,luxury_hotel_room,tag:leisure,leisure,1,0,0,0,cyberpunk_night
cyberpunk girl,maker_space,maker_space,tag:scifi,scifi,1,0,0,0,cyberpunk_night
cyberpunk girl,mountain_resort,mountain_resort,tag:leisure,leisure,1,0,0,0,cyberpunk_night
cyberpunk girl,museum_hall,museum_hall,tag:leisure,leisure,1,0,0,0,cyberpunk_night
cyberpunk girl,neighborhood_crosswalk,neighborhood_crosswalk,tag:daily_public,daily_public,1,0,0,0,cyberpunk_night
cyberpunk girl,neighborhood_playground,neighborhood_playground,tag:daily_public,daily_public,1,0,0,0,cyberpunk_night
cyberpunk girl,observatory_dome,observatory_dome,tag:leisure,leisure,1,0,0,0,cyberpunk_night
cyberpunk girl,opera_house,opera_house,tag:leisure,leisure,1,0,0,0,cyberpunk_night
cyberpunk girl,poolside_resort,poolside_resort,tag:leisure,leisure,1,0,0,0,cyberpunk_night
cyberpunk girl,postal_service_counter,postal_service_counter,tag:retail_service,retail_service,1,0,0,0,cyberpunk_night
cyberpunk girl,print_shop,print_shop,tag:retail_service,retail_service,1,0,0,0,cyberpunk_night
cyberpunk girl,public_library_lobby,public_library_lobby,tag:daily_public,daily_public,1,0,0,0,cyberpunk_night
cyberpunk girl,public_plaza,public_plaza,tag:leisure,leisure,1,0,0,0,cyberpunk_night
cyberpunk girl,rainy_bus_stop,rainy_alley,tag:daily_public,daily_public,1,0,0,1,cyberpunk_night
cyberpunk girl,recording_studio,recording_studio,tag:leisure,leisure,1,0,0,0,cyberpunk_night
cyberpunk girl,riverside_walk,riverside_walk,tag:daily_public,daily_public,1,0,0,0,cyberpunk_night
cyberpunk girl,rooftop_cafe,rooftop_cafe,tag:leisure,leisure,1,0,0,0,cyberpunk_night
cyberpunk girl,rural_town_street,rural_town_street,tag:daily_public,daily_public,1,0,0,0,cyberpunk_night
cyberpunk girl,school_library,school_library,tag:daily_public,daily_public,1,0,0,0,cyberpunk_night
cyberpunk girl,shopping_arcade,shopping_arcade,tag:retail_service,retail_service,1,0,0,0,cyberpunk_night
cyberpunk girl,shopping_mall_atrium,shopping_mall_atrium,tag:retail_service,retail_service,1,0,0,0,cyberpunk_night
cyberpunk girl,spaceship_bridge,spaceship_bridge,tag:scifi,scifi,1,0,0,0,cyberpunk_night
cyberpunk girl,stadium_court,stadium_court,tag:leisure,leisure,1,0,0,0,cyberpunk_night
cyberpunk girl,starship_quarters,starship_quarters,tag:scifi,scifi,1,0,0,0,cyberpunk_night
cyberpunk girl,street_cafe,street_cafe,tag:retail_service,retail_service,1,0,0,0,cyberpunk_night
cyberpunk girl,suburban_neighborhood,suburban_neighborhood,tag:daily_public,daily_public,1,0,0,0,cyberpunk_night
cyberpunk girl,subway_ticket_gate,subway_ticket_gate,tag:urban,urban,1,0,0,0,cyberpunk_night
cyberpunk girl,supermarket_aisle,supermarket_aisle,tag:retail_service,retail_service,1,0,0,0,cyberpunk_night
cyberpunk girl,train_station_platform,train_station_platform,tag:urban,urban,1,0,0,0,cyberpunk_night
cyberpunk girl,tram_platform,tram_platform,tag:daily_public,daily_public,1,0,0,0,cyberpunk_night
cyberpunk girl,tropical_beach,tropical_beach,tag:leisure,leisure,1,0,0,0,cyberpunk_night
cyberpunk girl,underground_bar,underground_bar,tag:leisure,leisure,1,0,0,0,cyberpunk_night
cyberpunk girl,vehicle_repair_garage,vehicle_repair_garage,tag:urban,urban,1,0,0,0,cyberpunk_night
cyberpunk girl,wave_barrel,wave_barrel,tag:leisure,leisure,1,0,0,0,cyberpunk_night
cyberpunk girl,winter_street,winter_street,tag:daily_public,daily_public,1,0,0,0,cyberpunk_night
cyberpunk girl,yoga_studio,yoga_studio,tag:leisure,leisure,1,0,0,0,cyberpunk_night
cyberpunk hacker,airship_deck,airship_deck,tag:scifi,scifi,1,0,0,0,cyberpunk_night
cyberpunk hacker,alien_planet,alien_planet,tag:scifi,scifi,1,0,0,0,cyberpunk_night
cyberpunk hacker,antique_shop,antique_shop,tag:retail_service,retail_service,1,0,0,0,cyberpunk_night
cyberpunk hacker,aquarium,aquarium,tag:leisure,leisure,1,0,0,0,cyberpunk_night
cyberpunk hacker,art_gallery,art_gallery,tag:leisure,leisure,1,0,0,0,cyberpunk_night
cyberpunk hacker,bakery_shop,bakery_shop,tag:retail_service,retail_service,1,0,0,0,cyberpunk_night
cyberpunk hacker,bedroom_boudoir,bedroom_boudoir,universal,,0,1,0,0,cyberpunk_night
cyberpunk hacker,bike_station,bike_station,tag:daily_public,daily_public,1,0,0,0,cyberpunk_night
cyberpunk hacker,bus_terminal,bus_terminal,tag:daily_public,daily_public,1,0,0,0,cyberpunk_night
cyberpunk hacker,canal_walkway,canal_walkway,tag:daily_public,daily_public,1,0,0,0,cyberpunk_night
cyberpunk hacker,cinema_lobby,cinema_lobby,tag:leisure,leisure,1,0,0,0,cyberpunk_night
cyberpunk hacker,clean_modern_kitchen,clean_modern_kitchen,universal,,0,1,0,0,cyberpunk_night
cyberpunk hacker,clinic_waiting_room,clinic_waiting_room,tag:daily_public,daily_public,1,0,0,0,cyberpunk_night
cyberpunk hacker,community_center,community_center,tag:daily_public,daily_public,1,0,0,0,cyberpunk_night
cyberpunk hacker,community_theater_backstage,community_theater_backstage,tag:leisure,leisure,1,0,0,0,cyberpunk_night
cyberpunk hacker,commuter_transport,commuter_transport,tag:daily_public,daily_public,1,0,0,0,cyberpunk_night
cyberpunk hacker,concert_stage,concert_stage,tag:leisure,leisure,1,0,0,0,cyberpunk_night
cyberpunk hacker,convenience_store,convenience_store,tag:retail_service,retail_service,1,0,0,0,cyberpunk_night
cyberpunk hacker,cozy_bookstore,cozy_bookstore,tag:retail_service,retail_service,1,0,0,0,cyberpunk_night
cyberpunk hacker,cozy_living_room,cozy_living_room,universal,,0,1,0,0,cyberpunk_night
cyberpunk hacker,cyber_lab,cyber_lab,tag:scifi,scifi,1,0,0,0,cyberpunk_night
cyberpunk hacker,neon_city_street,cyberpunk_street,tag:scifi,scifi,1,0,0,1,cyberpunk_night
cyberpunk hacker,drugstore_aisle,drugstore_aisle,tag:retail_service,retail_service,1,0,0,0,cyberpunk_night
cyberpunk hacker,family_restaurant,family_restaurant,tag:retail_service,retail_service,1,0,0,0,cyberpunk_night
cyberpunk hacker,fashion_boutique,fashion_boutique,tag:retail_service,retail_service,1,0,0,0,cyberpunk_night
cyberpunk hacker,ferry_terminal,ferry_terminal,tag:daily_public,daily_public,1,0,0,0,cyberpunk_night
cyberpunk hacker,fire_station,fire_station,tag:daily_public,daily_public,1,0,0,0,cyberpunk_night
cyberpunk hacker,fitness_gym,fitness_gym,tag:leisure,leisure,1,0,0,0,cyberpunk_night
cyberpunk hacker,flower_market,flower_market,tag:retail_service,retail_service,1,0,0,0,cyberpunk_night
cyberpunk hacker,food_court,food_court,tag:leisure,leisure,1,0,0,0,cyberpunk_night
cyberpunk hacker,game_arcade,game_arcade,tag:leisure,leisure,1,0,0,0,cyberpunk_night
cyberpunk hacker,greenhouse_nursery,greenhouse_nursery,tag:retail_service,retail_service,1,0,0,0,cyberpunk_night
cyberpunk hacker,high_tech_medbay,high_tech_medbay,tag:scifi,scifi,1,0,0,0,cyberpunk_night
cyberpunk hacker,illuminated_park,illuminated_park,tag:daily_public,daily_public,1,0,0,0,cyberpunk_night
cyberpunk hacker,karaoke_bar,karaoke_bar,tag:leisure,leisure,1,0,0,0,cyberpunk_night
cyberpunk hacker,local_market_street,local_market_street,tag:retail_service,retail_service,1,0,0,0,cyberpunk_night
cyberpunk hacker,luxury_hotel_lobby,luxury_hotel_lobby,tag:leisure,leisure,1,0,0,0,cyberpunk_night
cyberpunk hacker,luxury_hotel_room,luxury_hotel_room,tag:leisure,leisure,1,0,0,0,cyberpunk_night
cyberpunk hacker,maker_space,maker_space,tag:scifi,scifi,1,0,0,0,cyberpunk_night
cyberpunk hacker,mountain_resort,mountain_resort,tag:leisure,leisure,1,0,0,0,cyberpunk_night
cyberpunk hacker,museum_hall,museum_hall,tag:leisure,leisure,1,0,0,0,cyberpunk_night
cyberpunk hacker,neighborhood_crosswalk,neighborhood_crosswalk,tag:daily_public,daily_public,1,0,0,0,cyberpunk_night
cyberpunk hacker,neighborhood_playground,neighborhood_playground,tag:daily_public,daily_public,1,0,0,0,cyberpunk_night
cyberpunk hacker,observatory_dome,observatory_dome,tag:leisure,leisure,1,0,0,0,cyberpunk_night
cyberpunk hacker,opera_house,opera_house,tag:leisure,leisure,1,0,0,0,cyberpunk_night
cyberpunk hacker,poolside_resort,poolside_resort,tag:leisure,leisure,1,0,0,0,cyberpunk_night
cyberpunk hacker,postal_service_counter,postal_service_counter,tag:retail_service,retail_service,1,0,0,0,cyberpunk_night
cyberpunk hacker,print_shop,print_shop,tag:retail_service,retail_service,1,0,0,0,cyberpunk_night
cyberpunk hacker,public_library_lobby,public_library_lobby,tag:daily_public,daily_public,1,0,0,0,cyberpunk_night
cyberpunk hacker,public_plaza,public_plaza,tag:leisure,leisure,1,0,0,0,cyberpunk_night
cyberpunk hacker,rainy_bus_stop,rainy_alley,tag:daily_public,daily_public,1,0,0,1,cyberpunk_night
cyberpunk hacker,recording_studio,recording_studio,tag:leisure,leisure,1,0,0,0,cyberpunk_night
cyberpunk hacker,riverside_walk,riverside_walk,tag:daily_public,daily_public,1,0,0,0,cyberpunk_night
cyberpunk hacker,rooftop_cafe,rooftop_cafe,tag:leisure,leisure,1,0,0,0,cyberpunk_night
cyberpunk hacker,rural_town_street,rural_town_street,tag:daily_public,daily_public,1,0,0,0,cyberpunk_night
cyberpunk hacker,school_library,school_library,tag:daily_public,daily_public,1,0,0,0,cyberpunk_night
cyberpunk hacker,shopping_arcade,shopping_arcade,tag:retail_service,retail_service,1,0,0,0,cyberpunk_night
cyberpunk hacker,shopping_mall_atrium,shopping_mall_atrium,tag:retail_service,retail_service,1,0,0,0,cyberpunk_night
cyberpunk hacker,spaceship_bridge,spaceship_bridge,tag:scifi,scifi,1,0,0,0,cyberpunk_night
cyberpunk hacker,stadium_court,stadium_court,tag:leisure,leisure,1,0,0,0,cyberpunk_night
cyberpunk hacker,starship_quarters,starship_quarters,tag:scifi,scifi,1,0,0,0,cyberpunk_night
cyberpunk hacker,street_cafe,street_cafe,tag:retail_service,retail_service,1,0,0,0,cyberpunk_night
cyberpunk hacker,suburban_neighborhood,suburban_neighborhood,tag:daily_public,daily_public,1,0,0,0,cyberpunk_night
cyberpunk hacker,subway_ticket_gate,subway_ticket_gate,tag:urban,urban,1,0,0,0,cyberpunk_night
cyberpunk hacker,supermarket_aisle,supermarket_aisle,tag:retail_service,retail_service,1,0,0,0,cyberpunk_night
cyberpunk hacker,surveillance_room,surveillance_room,existing,,0,0,1,0,cyberpunk_night
cyberpunk hacker,train_station_platform,train_station_platform,tag:urban,urban,1,0,0,0,cyberpunk_night
cyberpunk hacker,tram_platform,tram_platform,tag:daily_public,daily_public,1,0,0,0,cyberpunk_night
cyberpunk hacker,tropical_beach,tropical_beach,tag:leisure,leisure,1,0,0,0,cyberpunk_night
cyberpunk hacker,underground_bar,underground_bar,tag:leisure,leisure,1,0,0,0,cyberpunk_night
cyberpunk hacker,vehicle_repair_garage,vehicle_repair_garage,tag:urban,urban,1,0,0,0,cyberpunk_night
cyberpunk hacker,wave_barrel,wave_barrel,tag:leisure,leisure,1,0,0,0,cyberpunk_night
cyberpunk hacker,winter_street,winter_street,tag:daily_public,daily_public,1,0,0,0,cyberpunk_night
cyberpunk hacker,yoga_studio,yoga_studio,tag:leisure,leisure,1,0,0,0,cyberpunk_night
cyberpunk mercenary,airship_deck,airship_deck,tag:scifi,scifi,1,0,0,0,cyberpunk_night
cyberpunk mercenary,alien_planet,alien_planet,tag:scifi,scifi,1,0,0,0,cyberpunk_night
cyberpunk mercenary,antique_shop,antique_shop,tag:retail_service,retail_service,1,0,0,0,cyberpunk_night
cyberpunk mercenary,aquarium,aquarium,tag:leisure,leisure,1,0,0,0,cyberpunk_night
cyberpunk mercenary,art_gallery,art_gallery,tag:leisure,leisure,1,0,0,0,cyberpunk_night
cyberpunk mercenary,bakery_shop,bakery_shop,tag:retail_service,retail_service,1,0,0,0,cyberpunk_night
cyberpunk mercenary,bedroom_boudoir,bedroom_boudoir,universal,,0,1,0,0,cyberpunk_night
cyberpunk mercenary,bike_station,bike_station,tag:daily_public,daily_public,1,0,0,0,cyberpunk_night
cyberpunk mercenary,bus_terminal,bus_terminal,tag:daily_public,daily_public,1,0,0,0,cyberpunk_night
cyberpunk mercenary,canal_walkway,canal_walkway,tag:daily_public,daily_public,1,0,0,0,cyberpunk_night
cyberpunk mercenary,cinema_lobby,cinema_lobby,tag:leisure,leisure,1,0,0,0,cyberpunk_night
cyberpunk mercenary,clean_modern_kitchen,clean_modern_kitchen,universal,,0,1,0,0,cyberpunk_night
cyberpunk mercenary,clinic_waiting_room,clinic_waiting_room,tag:daily_public,daily_public,1,0,0,0,cyberpunk_night
cyberpunk mercenary,community_center,community_center,tag:daily_public,daily_public,1,0,0,0,cyberpunk_night
cyberpunk mercenary,community_theater_backstage,community_theater_backstage,tag:leisure,leisure,1,0,0,0,cyberpunk_night
cyberpunk mercenary,commuter_transport,commuter_transport,tag:daily_public,daily_public,1,0,0,0,cyberpunk_night
cyberpunk mercenary,concert_stage,concert_stage,tag:leisure,leisure,1,0,0,0,cyberpunk_night
cyberpunk mercenary,convenience_store,convenience_store,tag:retail_service,retail_service,1,0,0,0,cyberpunk_night
cyberpunk mercenary,cozy_bookstore,cozy_bookstore,tag:retail_service,retail_service,1,0,0,0,cyberpunk_night
cyberpunk mercenary,cozy_living_room,cozy_living_room,universal,,0,1,0,0,cyberpunk_night
cyberpunk mercenary,cyber_lab,cyber_lab,tag:scifi,scifi,1,0,0,0,cyberpunk_night
cyberpunk mercenary,neon_city_street,cyberpunk_street,tag:scifi,scifi,1,0,0,1,cyberpunk_night
cyberpunk mercenary,drugstore_aisle,drugstore_aisle,tag:retail_service,retail_service,1,0,0,0,cyberpunk_night
cyberpunk mercenary,family_restaurant,family_restaurant,tag:retail_service,retail_service,1,0,0,0,cyberpunk_night
cyberpunk mercenary,fashion_boutique,fashion_boutique,tag:retail_service,retail_service,1,0,0,0,cyberpunk_night
cyberpunk mercenary,ferry_terminal,ferry_terminal,tag:daily_public,daily_public,1,0,0,0,cyberpunk_night
cyberpunk mercenary,fire_station,fire_station,tag:daily_public,daily_public,1,0,0,0,cyberpunk_night
cyberpunk mercenary,fitness_gym,fitness_gym,tag:leisure,leisure,1,0,0,0,cyberpunk_night
cyberpunk mercenary,flower_market,flower_market,tag:retail_service,retail_service,1,0,0,0,cyberpunk_night
cyberpunk mercenary,food_court,food_court,tag:leisure,leisure,1,0,0,0,cyberpunk_night
cyberpunk mercenary,game_arcade,game_arcade,tag:leisure,leisure,1,0,0,0,cyberpunk_night
cyberpunk mercenary,greenhouse_nursery,greenhouse_nursery,tag:retail_service,retail_service,1,0,0,0,cyberpunk_night
cyberpunk mercenary,high_tech_medbay,high_tech_medbay,tag:scifi,scifi,1,0,0,0,cyberpunk_night
cyberpunk mercenary,illuminated_park,illuminated_park,tag:daily_public,daily_public,1,0,0,0,cyberpunk_night
cyberpunk mercenary,karaoke_bar,karaoke_bar,tag:leisure,leisure,1,0,0,0,cyberpunk_night
cyberpunk mercenary,local_market_street,local_market_street,tag:retail_service,retail_service,1,0,0,0,cyberpunk_night
cyberpunk mercenary,luxury_hotel_lobby,luxury_hotel_lobby,tag:leisure,leisure,1,0,0,0,cyberpunk_night
cyberpunk mercenary,luxury_hotel_room,luxury_hotel_room,tag:leisure,leisure,1,0,0,0,cyberpunk_night
cyberpunk mercenary,maker_space,maker_space,tag:scifi,scifi,1,0,0,0,cyberpunk_night
cyberpunk mercenary,mountain_resort,mountain_resort,tag:leisure,leisure,1,0,0,0,cyberpunk_night
cyberpunk mercenary,museum_hall,museum_hall,tag:leisure,leisure,1,0,0,0,cyberpunk_night
cyberpunk mercenary,neighborhood_crosswalk,neighborhood_crosswalk,tag:daily_public,daily_public,1,0,0,0,cyberpunk_night
cyberpunk mercenary,neighborhood_playground,neighborhood_playground,tag:daily_public,daily_public,1,0,0,0,cyberpunk_night
cyberpunk mercenary,observatory_dome,observatory_dome,tag:leisure,leisure,1,0,0,0,cyberpunk_night
cyberpunk mercenary,opera_house,opera_house,tag:leisure,leisure,1,0,0,0,cyberpunk_night
cyberpunk mercenary,poolside_resort,poolside_resort,tag:leisure,leisure,1,0,0,0,cyberpunk_night
cyberpunk mercenary,postal_service_counter,postal_service_counter,tag:retail_service,retail_service,1,0,0,0,cyberpunk_night
cyberpunk mercenary,print_shop,print_shop,tag:retail_service,retail_service,1,0,0,0,cyberpunk_night
cyberpunk mercenary,public_library_lobby,public_library_lobby,tag:daily_public,daily_public,1,0,0,0,cyberpunk_night
cyberpunk mercenary,public_plaza,public_plaza,tag:leisure,leisure,1,0,0,0,cyberpunk_night
cyberpunk mercenary,rainy_alley,rainy_alley,existing,,0,0,1,0,cyberpunk_night
cyberpunk mercenary,recording_studio,recording_studio,tag:leisure,leisure,1,0,0,0,cyberpunk_night
cyberpunk mercenary,riverside_walk,riverside_walk,tag:daily_public,daily_public,1,0,0,0,cyberpunk_night
cyberpunk mercenary,rooftop_cafe,rooftop_cafe,tag:leisure,leisure,1,0,0,0,cyberpunk_night
cyberpunk mercenary,rural_town_street,rural_town_street,tag:daily_public,daily_public,1,0,0,0,cyberpunk_night
cyberpunk mercenary,school_library,school_library,tag:daily_public,daily_public,1,0,0,0,cyberpunk_night
cyberpunk mercenary,shopping_arcade,shopping_arcade,tag:retail_service,retail_service,1,0,0,0,cyberpunk_night
cyberpunk mercenary,shopping_mall_atrium,shopping_mall_atrium,tag:retail_service,retail_service,1,0,0,0,cyberpunk_night
cyberpunk mercenary,spaceship_bridge,spaceship_bridge,tag:scifi,scifi,1,0,0,0,cyberpunk_night
cyberpunk mercenary,stadium_court,stadium_court,tag:leisure,leisure,1,0,0,0,cyberpunk_night
cyberpunk mercenary,starship_quarters,starship_quarters,tag:scifi,scifi,1,0,0,0,cyberpunk_night
cyberpunk mercenary,street_cafe,street_cafe,tag:retail_service,retail_service,1,0,0,0,cyberpunk_night
cyberpunk mercenary,suburban_neighborhood,suburban_neighborhood,tag:daily_public,daily_public,1,0,0,0,cyberpunk_night
cyberpunk mercenary,subway_ticket_gate,subway_ticket_gate,tag:urban,urban,1,0,0,0,cyberpunk_night
cyberpunk mercenary,supermarket_aisle,supermarket_aisle,tag:retail_service,retail_service,1,0,0,0,cyberpunk_night
cyberpunk mercenary,train_station_platform,train_station_platform,tag:urban,urban,1,0,0,0,cyberpunk_night
cyberpunk mercenary,tram_platform,tram_platform,tag:daily_public,daily_public,1,0,0,0,cyberpunk_night
cyberpunk mercenary,tropical_beach,tropical_beach,tag:leisure,leisure,1,0,0,0,cyberpunk_night
cyberpunk mercenary,underground_bar,underground_bar,tag:leisure,leisure,1,0,0,0,cyberpunk_night
cyberpunk mercenary,vehicle_repair_garage,vehicle_repair_garage,tag:urban,urban,1,0,0,0,cyberpunk_night
cyberpunk mercenary,wave_barrel,wave_barrel,tag:leisure,leisure,1,0,0,0,cyberpunk_night
cyberpunk mercenary,winter_street,winter_street,tag:daily_public,daily_public,1,0,0,0,cyberpunk_night
cyberpunk mercenary,yoga_studio,yoga_studio,tag:leisure,leisure,1,0,0,0,cyberpunk_night
dancer girl,antique_shop,antique_shop,tag:retail_service,retail_service,1,0,0,0,exotic_dancer
dancer girl,aquarium,aquarium,tag:leisure,leisure,1,0,0,0,exotic_dancer
dancer girl,art_gallery,art_gallery,tag:leisure,leisure,1,0,0,0,exotic_dancer
dancer girl,bakery_shop,bakery_shop,tag:retail_service,retail_service,1,0,0,0,exotic_dancer
dancer girl,bedroom_boudoir,bedroom_boudoir,universal,,0,1,0,0,exotic_dancer
dancer girl,bike_station,bike_station,tag:daily_public,daily_public,1,0,0,0,exotic_dancer
dancer girl,botanical_garden,botanical_garden,tag:leisure,leisure,1,0,0,0,exotic_dancer
dancer girl,bus_terminal,bus_terminal,tag:daily_public,daily_public,1,0,0,0,exotic_dancer
dancer girl,canal_walkway,canal_walkway,tag:daily_public,daily_public,1,0,0,0,exotic_dancer
dancer girl,cinema_lobby,cinema_lobby,tag:leisure,leisure,1,0,0,0,exotic_dancer
dancer girl,clean_modern_kitchen,clean_modern_kitchen,universal,,0,1,0,0,exotic_dancer
dancer girl,clinic_waiting_room,clinic_waiting_room,tag:daily_public,daily_public,1,0,0,0,exotic_dancer
dancer girl,community_center,community_center,tag:daily_public,daily_public,1,0,0,0,exotic_dancer
dancer girl,community_theater_backstage,community_theater_backstage,tag:leisure,leisure,1,0,0,0,exotic_dancer
dancer girl,commuter_transport,commuter_transport,tag:daily_public,daily_public,1,0,0,0,exotic_dancer
dancer girl,concert_stage,concert_stage,tag:leisure,leisure,1,0,0,0,exotic_dancer
dancer girl,convenience_store,convenience_store,tag:retail_service,retail_service,1,0,0,0,exotic_dancer
dancer girl,cozy_bookstore,cozy_bookstore,tag:retail_service,retail_service,1,0,0,0,exotic_dancer
dancer girl,cozy_living_room,cozy_living_room,universal,,0,1,0,0,exotic_dancer
dancer girl,neon_city_street,cyberpunk_street,tag:urban,urban,1,0,0,1,exotic_dancer
dancer girl,drugstore_aisle,drugstore_aisle,tag:retail_service,retail_service,1,0,0,0,exotic_dancer
dancer girl,family_restaurant,family_restaurant,tag:retail_service,retail_service,1,0,0,0,exotic_dancer
dancer girl,fashion_boutique,fashion_boutique,tag:retail_service,retail_service,1,0,0,0,exotic_dancer
dancer girl,ferry_terminal,ferry_terminal,tag:daily_public,daily_public,1,0,0,0,exotic_dancer
dancer girl,fire_station,fire_station,tag:daily_public,daily_public,1,0,0,0,exotic_dancer
dancer girl,fitness_gym,fitness_gym,tag:leisure,leisure,1,0,0,0,exotic_dancer
dancer girl,flower_market,flower_market,tag:retail_service,retail_service,1,0,0,0,exotic_dancer
dancer girl,food_court,food_court,tag:leisure,leisure,1,0,0,0,exotic_dancer
dancer girl,forest_cabin,forest_cabin,tag:resort,resort,1,0,0,0,exotic_dancer
dancer girl,game_arcade,game_arcade,tag:leisure,leisure,1,0,0,0,exotic_dancer
dancer girl,greenhouse_nursery,greenhouse_nursery,tag:retail_service,retail_service,1,0,0,0,exotic_dancer
dancer girl,illuminated_park,illuminated_park,tag:daily_public,daily_public,1,0,0,0,exotic_dancer
dancer girl,karaoke_bar,karaoke_bar,tag:leisure,leisure,1,0,0,0,exotic_dancer
dancer girl,local_market_street,local_market_street,tag:retail_service,retail_service,1,0,0,0,exotic_dancer
dancer girl,luxury_hotel_lobby,luxury_hotel_lobby,tag:leisure,leisure,1,0,0,0,exotic_dancer
dancer girl,luxury_hotel_room,luxury_hotel_room,tag:leisure,leisure,1,0,0,0,exotic_dancer
dancer girl,mountain_resort,mountain_resort,tag:leisure,leisure,1,0,0,0,exotic_dancer
dancer girl,museum_hall,museum_hall,tag:leisure,leisure,1,0,0,0,exotic_dancer
dancer girl,neighborhood_crosswalk,neighborhood_crosswalk,tag:daily_public,daily_public,1,0,0,0,exotic_dancer
dancer girl,neighborhood_playground,neighborhood_playground,tag:daily_public,daily_public,1,0,0,0,exotic_dancer
dancer girl,observatory_dome,observatory_dome,tag:leisure,leisure,1,0,0,0,exotic_dancer
dancer girl,opera_house,opera_house,tag:leisure,leisure,1,0,0,0,exotic_dancer
dancer girl,picnic_park,picnic_park,tag:daily_public,daily_public,1,0,0,0,exotic_dancer
dancer girl,poolside_resort,poolside_resort,tag:leisure,leisure,1,0,0,0,exotic_dancer
dancer girl,postal_service_counter,postal_service_counter,tag:retail_service,retail_service,1,0,0,0,exotic_dancer
dancer girl,print_shop,print_shop,tag:retail_service,retail_service,1,0,0,0,exotic_dancer
dancer girl,public_library_lobby,public_library_lobby,tag:daily_public,daily_public,1,0,0,0,exotic_dancer
dancer girl,public_plaza,public_plaza,tag:leisure,leisure,1,0,0,0,exotic_dancer
dancer girl,rainy_bus_stop,rainy_alley,tag:daily_public,daily_public,1,0,0,1,exotic_dancer
dancer girl,recording_studio,recording_studio,tag:leisure,leisure,1,0,0,0,exotic_dancer
dancer girl,riverside_walk,riverside_walk,tag:daily_public,daily_public,1,0,0,0,exotic_dancer
dancer girl,rooftop_cafe,rooftop_cafe,tag:leisure,leisure,1,0,0,0,exotic_dancer
dancer girl,rural_town_street,rural_town_street,tag:daily_public,daily_public,1,0,0,0,exotic_dancer
dancer girl,school_library,school_library,tag:daily_public,daily_public,1,0,0,0,exotic_dancer
dancer girl,shopping_arcade,shopping_arcade,tag:retail_service,retail_service,1,0,0,0,exotic_dancer
dancer girl,shopping_mall_atrium,shopping_mall_atrium,tag:retail_service,retail_service,1,0,0,0,exotic_dancer
dancer girl,stadium_court,stadium_court,tag:leisure,leisure,1,0,0,0,exotic_dancer
dancer girl,street_cafe,street_cafe,tag:retail_service,retail_service,1,0,0,0,exotic_dancer
dancer girl,suburban_neighborhood,suburban_neighborhood,tag:daily_public,daily_public,1,0,0,0,exotic_dancer
dancer girl,subway_ticket_gate,subway_ticket_gate,tag:urban,urban,1,0,0,0,exotic_dancer
dancer girl,supermarket_aisle,supermarket_aisle,tag:retail_service,retail_service,1,0,0,0,exotic_dancer
dancer girl,train_station_platform,train_station_platform,tag:urban,urban,1,0,0,0,exotic_dancer
dancer girl,tram_platform,tram_platform,tag:daily_public,daily_public,1,0,0,0,exotic_dancer
dancer girl,tropical_beach,tropical_beach,tag:leisure,leisure,1,0,0,0,exotic_dancer
dancer girl,underground_bar,underground_bar,tag:leisure,leisure,1,0,0,0,exotic_dancer
dancer girl,vehicle_repair_garage,vehicle_repair_garage,tag:urban,urban,1,0,0,0,exotic_dancer
dancer girl,wave_barrel,wave_barrel,tag:leisure,leisure,1,0,0,0,exotic_dancer
dancer girl,winter_street,winter_street,tag:daily_public,daily_public,1,0,0,0,exotic_dancer
dancer girl,yoga_studio,yoga_studio,tag:leisure,leisure,1,0,0,0,exotic_dancer
delivery courier,aquarium,aquarium,tag:daily_public,daily_public,1,0,0,0,street_casual
delivery courier,art_gallery,art_gallery,tag:daily_public,daily_public,1,0,0,0,street_casual
delivery courier,bakery_shop,bakery_shop,tag:urban,urban,1,0,0,0,street_casual
delivery courier,bedroom_boudoir,bedroom_boudoir,universal,,0,1,0,0,street_casual
delivery courier,bike_station,bike_station,tag:daily_public,daily_public,1,0,0,0,street_casual
delivery courier,botanical_garden,botanical_garden,tag:daily_public,daily_public,1,0,0,0,street_casual
delivery courier,bus_terminal,bus_terminal,tag:daily_public,daily_public,1,0,0,0,street_casual
delivery courier,canal_walkway,canal_walkway,tag:daily_public,daily_public,1,0,0,0,street_casual
delivery courier,cinema_lobby,cinema_lobby,tag:urban,urban,1,0,0,0,street_casual
delivery courier,clean_modern_kitchen,clean_modern_kitchen,universal,,0,1,0,0,street_casual
delivery courier,clinic_waiting_room,clinic_waiting_room,tag:daily_public,daily_public,1,0,0,0,street_casual
delivery courier,community_center,community_center,tag:daily_public,daily_public,1,0,0,0,street_casual
delivery courier,commuter_transport,commuter_transport,tag:daily_public,daily_public,1,0,0,0,street_casual
delivery courier,convenience_store,convenience_store,tag:urban,urban,1,0,0,0,street_casual
delivery courier,cozy_bookstore,cozy_bookstore,tag:daily_public,daily_public,1,0,0,0,street_casual
delivery courier,cozy_living_room,cozy_living_room,universal,,0,1,0,0,street_casual
delivery courier,neon_city_street,cyberpunk_street,tag:urban,urban,1,0,0,1,street_casual
delivery courier,drugstore_aisle,drugstore_aisle,tag:urban,urban,1,0,0,0,street_casual
delivery courier,family_restaurant,family_restaurant,tag:urban,urban,1,0,0,0,street_casual
delivery courier,fashion_boutique,fashion_boutique,tag:urban,urban,1,0,0,0,street_casual
delivery courier,ferry_terminal,ferry_terminal,existing,,0,0,1,0,street_casual
delivery courier,fire_station,fire_station,tag:daily_public,daily_public,1,0,0,0,street_casual
delivery courier,flower_market,flower_market,tag:urban,urban,1,0,0,0,street_casual
delivery courier,food_court,food_court,tag:urban,urban,1,0,0,0,street_casual
delivery courier,game_arcade,game_arcade,tag:urban,urban,1,0,0,0,street_casual
delivery courier,illuminated_park,illuminated_park,tag:daily_public,daily_public,1,0,0,0,street_casual
delivery courier,karaoke_bar,karaoke_bar,tag:urban,urban,1,0,0,0,street_casual
delivery courier,local_market_street,local_market_street,tag:daily_public,daily_public,1,0,0,0,street_casual
delivery courier,museum_hall,museum_hall,tag:daily_public,daily_public,1,0,0,0,street_casual
delivery courier,neighborhood_crosswalk,neighborhood_crosswalk,tag:daily_public,daily_public,1,0,0,0,street_casual
delivery courier,neighborhood_playground,neighborhood_playground,tag:daily_public,daily_public,1,0,0,0,street_casual
delivery courier,picnic_park,picnic_park,tag:daily_public,daily_public,1,0,0,0,street_casual
delivery courier,postal_service_counter,postal_service_counter,tag:daily_public,daily_public,1,0,0,0,street_casual
delivery courier,print_shop,print_shop,tag:urban,urban,1,0,0,0,street_casual
delivery courier,public_library_lobby,public_library_lobby,tag:daily_public,daily_public,1,0,0,0,street_casual
delivery courier,public_plaza,public_plaza,tag:daily_public,daily_public,1,0,0,0,street_casual
delivery courier,rainy_bus_stop,rainy_alley,tag:daily_public,daily_public,1,0,0,1,street_casual
delivery courier,riverside_walk,riverside_walk,tag:daily_public,daily_public,1,0,0,0,street_casual
delivery courier,rooftop_cafe,rooftop_cafe,tag:urban,urban,1,0,0,0,street_casual
delivery courier,rural_town_street,rural_town_street,tag:daily_public,daily_public,1,0,0,0,street_casual
delivery courier,school_library,school_library,tag:daily_public,daily_public,1,0,0,0,street_casual
delivery courier,shopping_arcade,shopping_arcade,tag:urban,urban,1,0,0,0,street_casual
delivery courier,shopping_mall_atrium,shopping_mall_atrium,tag:daily_public,daily_public,1,0,0,0,street_casual
delivery courier,street_cafe,street_cafe,tag:daily_public,daily_public,1,0,0,0,street_casual
delivery courier,suburban_neighborhood,suburban_neighborhood,tag:daily_public,daily_public,1,0,0,0,street_casual
delivery courier,subway_ticket_gate,subway_ticket_gate,tag:urban,urban,1,0,0,0,street_casual
delivery courier,supermarket_aisle,supermarket_aisle,tag:urban,urban,1,0,0,0,street_casual
delivery courier,train_station_platform,train_station_platform,tag:urban,urban,1,0,0,0,street_casual
delivery courier,tram_platform,tram_platform,tag:daily_public,daily_public,1,0,0,0,street_casual
delivery courier,underground_bar,underground_bar,tag:urban,urban,1,0,0,0,street_casual
delivery courier,vehicle_repair_garage,vehicle_repair_garage,tag:urban,urban,1,0,0,0,street_casual
delivery courier,winter_street,winter_street,tag:daily_public,daily_public,1,0,0,0,street_casual
detective,antique_shop,antique_shop,tag:retail_service,retail_service,1,0,0,0,secret_agent
detective,aquarium,aquarium,tag:leisure,leisure,1,0,0,0,secret_agent
detective,art_gallery,art_gallery,tag:leisure,leisure,1,0,0,0,secret_agent
detective,bakery_shop,bakery_shop,tag:retail_service,retail_service,1,0,0,0,secret_agent
detective,bedroom_boudoir,bedroom_boudoir,universal,,0,1,0,0,secret_agent
detective,bike_station,bike_station,tag:transit,transit,1,0,0,0,secret_agent
detective,boardroom,boardroom,tag:workplace,workplace,1,0,0,0,secret_agent
detective,botanical_garden,botanical_garden,tag:leisure,leisure,1,0,0,0,secret_agent
detective,bus_terminal,bus_terminal,tag:transit,transit,1,0,0,0,secret_agent
detective,canal_walkway,canal_walkway,tag:daily_public,daily_public,1,0,0,0,secret_agent
detective,cinema_lobby,cinema_lobby,tag:leisure,leisure,1,0,0,0,secret_agent
detective,clean_modern_kitchen,clean_modern_kitchen,universal,,0,1,0,0,secret_agent
detective,clinic_waiting_room,clinic_waiting_room,tag:workplace,workplace,1,0,0,0,secret_agent
detective,community_center,community_center,tag:daily_public,daily_public,1,0,0,0,secret_agent
detective,community_theater_backstage,community_theater_backstage,tag:leisure,leisure,1,0,0,0,secret_agent
detective,commuter_transport,commuter_transport,tag:transit,transit,1,0,0,0,secret_agent
detective,concert_stage,concert_stage,tag:leisure,leisure,1,0,0,0,secret_agent
detective,convenience_store,convenience_store,tag:retail_service,retail_service,1,0,0,0,secret_agent
detective,coworking_space,coworking_space,tag:workplace,workplace,1,0,0,0,secret_agent
detective,cozy_bookstore,cozy_bookstore,tag:retail_service,retail_service,1,0,0,0,secret_agent
detective,cozy_living_room,cozy_living_room,universal,,0,1,0,0,secret_agent
detective,neon_city_street,cyberpunk_street,tag:urban,urban,1,0,0,1,secret_agent
detective,design_studio,design_studio,tag:workplace,workplace,1,0,0,0,secret_agent
detective,drugstore_aisle,drugstore_aisle,tag:retail_service,retail_service,1,0,0,0,secret_agent
detective,family_restaurant,family_restaurant,tag:retail_service,retail_service,1,0,0,0,secret_agent
detective,fashion_boutique,fashion_boutique,tag:retail_service,retail_service,1,0,0,0,secret_agent
detective,ferry_terminal,ferry_terminal,tag:transit,transit,1,0,0,0,secret_agent
detective,fire_station,fire_station,tag:workplace,workplace,1,0,0,0,secret_agent
detective,fitness_gym,fitness_gym,tag:leisure,leisure,1,0,0,0,secret_agent
detective,flower_market,flower_market,tag:retail_service,retail_service,1,0,0,0,secret_agent
detective,food_court,food_court,tag:leisure,leisure,1,0,0,0,secret_agent
detective,game_arcade,game_arcade,tag:leisure,leisure,1,0,0,0,secret_agent
detective,greenhouse_nursery,greenhouse_nursery,tag:retail_service,retail_service,1,0,0,0,secret_agent
detective,illuminated_park,illuminated_park,tag:daily_public,daily_public,1,0,0,0,secret_agent
detective,karaoke_bar,karaoke_bar,tag:leisure,leisure,1,0,0,0,secret_agent
detective,local_market_street,local_market_street,tag:retail_service,retail_service,1,0,0,0,secret_agent
detective,luxury_hotel_room,luxury_hotel_room,tag:leisure,leisure,1,0,0,0,secret_agent
detective,maker_space,maker_space,tag:workplace,workplace,1,0,0,0,secret_agent
detective,messy_copy_room,messy_copy_room,tag:workplace,workplace,1,0,0,0,secret_agent
detective,modern_office,modern_office,tag:workplace,workplace,1,0,0,0,secret_agent
detective,mountain_resort,mountain_resort,tag:leisure,leisure,1,0,0,0,secret_agent
detective,museum_hall,museum_hall,tag:leisure,leisure,1,0,0,0,secret_agent
detective,neighborhood_crosswalk,neighborhood_crosswalk,tag:transit,transit,1,0,0,0,secret_agent
detective,neighborhood_playground,neighborhood_playground,tag:daily_public,daily_public,1,0,0,0,secret_agent
detective,observatory_dome,observatory_dome,tag:leisure,leisure,1,0,0,0,secret_agent
detective,office_elevator,office_elevator,tag:workplace,workplace,1,0,0,0,secret_agent
detective,opera_house,opera_house,tag:leisure,leisure,1,0,0,0,secret_agent
detective,picnic_park,picnic_park,tag:daily_public,daily_public,1,0,0,0,secret_agent
detective,poolside_resort,poolside_resort,tag:leisure,leisure,1,0,0,0,secret_agent
detective,postal_service_counter,postal_service_counter,tag:retail_service,retail_service,1,0,0,0,secret_agent
detective,print_shop,print_shop,tag:retail_service,retail_service,1,0,0,0,secret_agent
detective,public_library_lobby,public_library_lobby,tag:daily_public,daily_public,1,0,0,0,secret_agent
detective,public_plaza,public_plaza,tag:leisure,leisure,1,0,0,0,secret_agent
detective,rainy_alley,rainy_alley,existing,,0,0,1,0,secret_agent
detective,recording_studio,recording_studio,tag:leisure,leisure,1,0,0,0,secret_agent
detective,riverside_walk,riverside_walk,tag:daily_public,daily_public,1,0,0,0,secret_agent
detective,rooftop_cafe,rooftop_cafe,tag:leisure,leisure,1,0,0,0,secret_agent
detective,rural_town_street,rural_town_street,tag:daily_public,daily_public,1,0,0,0,secret_agent
detective,school_library,school_library,tag:daily_public,daily_public,1,0,0,0,secret_agent
detective,shopping_arcade,shopping_arcade,tag:retail_service,retail_service,1,0,0,0,secret_agent
detective,shopping_mall_atrium,shopping_mall_atrium,tag:retail_service,retail_service,1,0,0,0,secret_agent
detective,stadium_court,stadium_court,tag:leisure,leisure,1,0,0,0,secret_agent
detective,street_cafe,street_cafe,tag:retail_service,retail_service,1,0,0,0,secret_agent
detective,suburban_neighborhood,suburban_neighborhood,tag:daily_public,daily_public,1,0,0,0,secret_agent
detective,subway_ticket_gate,subway_ticket_gate,tag:transit,transit,1,0,0,0,secret_agent
detective,supermarket_aisle,supermarket_aisle,tag:retail_service,retail_service,1,0,0,0,secret_agent
detective,surveillance_room,surveillance_room,tag:workplace,workplace,1,0,0,0,secret_agent
detective,train_station_platform,train_station_platform,tag:transit,transit,1,0,0,0,secret_agent
detective,tram_platform,tram_platform,tag:transit,transit,1,0,0,0,secret_agent
detective,tropical_beach,tropical_beach,tag:leisure,leisure,1,0,0,0,secret_agent
detective,underground_bar,underground_bar,tag:leisure,leisure,1,0,0,0,secret_agent
detective,vehicle_repair_garage,vehicle_repair_garage,tag:workplace,workplace,1,0,0,0,secret_agent
detective,wave_barrel,wave_barrel,tag:leisure,leisure,1,0,0,0,secret_agent
detective,winter_street,winter_street,tag:daily_public,daily_public,1,0,0,0,secret_agent
detective,yoga_studio,yoga_studio,tag:leisure,leisure,1,0,0,0,secret_agent
doll-like girl,alien_planet,alien_planet,tag:fantasy,fantasy,1,0,0,0,gothic_lolita
doll-like girl,antique_shop,antique_shop,tag:retail_service,retail_service,1,0,0,0,gothic_lolita
doll-like girl,aquarium,aquarium,tag:leisure,leisure,1,0,0,0,gothic_lolita
doll-like girl,art_gallery,art_gallery,tag:leisure,leisure,1,0,0,0,gothic_lolita
doll-like girl,bakery_shop,bakery_shop,tag:retail_service,retail_service,1,0,0,0,gothic_lolita
doll-like girl,bedroom_boudoir,bedroom_boudoir,existing,,0,0,1,0,gothic_lolita
doll-like girl,bike_station,bike_station,tag:daily_public,daily_public,1,0,0,0,gothic_lolita
doll-like girl,botanical_garden,botanical_garden,tag:leisure,leisure,1,0,0,0,gothic_lolita
doll-like girl,burning_battlefield,burning_battlefield,tag:fantasy,fantasy,1,0,0,0,gothic_lolita
doll-like girl,bus_terminal,bus_terminal,tag:daily_public,daily_public,1,0,0,0,gothic_lolita
doll-like girl,canal_walkway,canal_walkway,tag:daily_public,daily_public,1,0,0,0,gothic_lolita
doll-like girl,castle_hall,castle_hall,tag:fantasy,fantasy,1,0,0,0,gothic_lolita
doll-like girl,cinema_lobby,cinema_lobby,tag:leisure,leisure,1,0,0,0,gothic_lolita
doll-like girl,clean_modern_kitchen,clean_modern_kitchen,universal,,0,1,0,0,gothic_lolita
doll-like girl,clinic_waiting_room,clinic_waiting_room,tag:daily_public,daily_public,1,0,0,0,gothic_lolita
doll-like girl,community_center,community_center,tag:daily_public,daily_public,1,0,0,0,gothic_lolita
doll-like girl,community_theater_backstage,community_theater_backstage,tag:leisure,leisure,1,0,0,0,gothic_lolita
doll-like girl,commuter_transport,commuter_transport,tag:daily_public,daily_public,1,0,0,0,gothic_lolita
doll-like girl,concert_stage,concert_stage,tag:leisure,leisure,1,0,0,0,gothic_lolita
doll-like girl,convenience_store,convenience_store,tag:retail_service,retail_service,1,0,0,0,gothic_lolita
doll-like girl,cozy_bookstore,cozy_bookstore,tag:retail_service,retail_service,1,0,0,0,gothic_lolita
doll-like girl,cozy_living_room,cozy_living_room,universal,,0,1,0,0,gothic_lolita
doll-like girl,neon_city_street,cyberpunk_street,tag:urban,urban,1,0,0,1,gothic_lolita
doll-like girl,dragon_lair,dragon_lair,tag:fantasy,fantasy,1,0,0,0,gothic_lolita
doll-like girl,drugstore_aisle,drugstore_aisle,tag:retail_service,retail_service,1,0,0,0,gothic_lolita
doll-like girl,dungeon_crypt,dungeon_crypt,tag:fantasy,fantasy,1,0,0,0,gothic_lolita
doll-like girl,enchanted_lake,enchanted_lake,tag:fantasy,fantasy,1,0,0,0,gothic_lolita
doll-like girl,family_restaurant,family_restaurant,tag:retail_service,retail_service,1,0,0,0,gothic_lolita
doll-like girl,fashion_boutique,fashion_boutique,tag:retail_service,retail_service,1,0,0,0,gothic_lolita
doll-like girl,ferry_terminal,ferry_terminal,tag:daily_public,daily_public,1,0,0,0,gothic_lolita
doll-like girl,fire_station,fire_station,tag:daily_public,daily_public,1,0,0,0,gothic_lolita
doll-like girl,fitness_gym,fitness_gym,tag:leisure,leisure,1,0,0,0,gothic_lolita
doll-like girl,flower_market,flower_market,tag:retail_service,retail_service,1,0,0,0,gothic_lolita
doll-like girl,food_court,food_court,tag:leisure,leisure,1,0,0,0,gothic_lolita
doll-like girl,game_arcade,game_arcade,tag:leisure,leisure,1,0,0,0,gothic_lolita
doll-like girl,greenhouse_nursery,greenhouse_nursery,tag:retail_service,retail_service,1,0,0,0,gothic_lolita
doll-like girl,illuminated_park,illuminated_park,tag:daily_public,daily_public,1,0,0,0,gothic_lolita
doll-like girl,karaoke_bar,karaoke_bar,tag:leisure,leisure,1,0,0,0,gothic_lolita
doll-like girl,local_market_street,local_market_street,tag:retail_service,retail_service,1,0,0,0,gothic_lolita
doll-like girl,luxury_hotel_lobby,luxury_hotel_lobby,tag:leisure,leisure,1,0,0,0,gothic_lolita
doll-like girl,luxury_hotel_room,luxury_hotel_room,tag:leisure,leisure,1,0,0,0,gothic_lolita
doll-like girl,magic_academy_library,magic_academy_library,tag:fantasy,fantasy,1,0,0,0,gothic_lolita
doll-like girl,mountain_resort,mountain_resort,tag:leisure,leisure,1,0,0,0,gothic_lolita
doll-like girl,museum_hall,museum_hall,tag:leisure,leisure,1,0,0,0,gothic_lolita
doll-like girl,neighborhood_crosswalk,neighborhood_crosswalk,tag:daily_public,daily_public,1,0,0,0,gothic_lolita
doll-like girl,neighborhood_playground,neighborhood_playground,tag:daily_public,daily_public,1,0,0,0,gothic_lolita
doll-like girl,observatory_dome,observatory_dome,tag:leisure,leisure,1,0,0,0,gothic_lolita
doll-like girl,opera_house,opera_house,tag:leisure,leisure,1,0,0,0,gothic_lolita
doll-like girl,picnic_park,picnic_park,tag:daily_public,daily_public,1,0,0,0,gothic_lolita
doll-like girl,poolside_resort,poolside_resort,tag:leisure,leisure,1,0,0,0,gothic_lolita
doll-like girl,postal_service_counter,postal_service_counter,tag:retail_service,retail_service,1,0,0,0,gothic_lolita
doll-like girl,print_shop,print_shop,tag:retail_service,retail_service,1,0,0,0,gothic_lolita
doll-like girl,public_library_lobby,public_library_lobby,tag:daily_public,daily_public,1,0,0,0,gothic_lolita
doll-like girl,public_plaza,public_plaza,tag:leisure,leisure,1,0,0,0,gothic_lolita
doll-like girl,rainy_bus_stop,rainy_alley,tag:daily_public,daily_public,1,0,0,1,gothic_lolita
doll-like girl,recording_studio,recording_studio,tag:leisure,leisure,1,0,0,0,gothic_lolita
doll-like girl,riverside_walk,riverside_walk,tag:daily_public,daily_public,1,0,0,0,gothic_lolita
doll-like girl,rooftop_cafe,rooftop_cafe,tag:leisure,leisure,1,0,0,0,gothic_lolita
doll-like girl,rural_town_street,rural_town_street,tag:daily_public,daily_public,1,0,0,0,gothic_lolita
doll-like girl,school_library,school_library,tag:daily_public,daily_public,1,0,0,0,gothic_lolita
doll-like girl,shopping_arcade,shopping_arcade,tag:retail_service,retail_service,1,0,0,0,gothic_lolita
doll-like girl,shopping_mall_atrium,shopping_mall_atrium,tag:retail_service,retail_service,1,0,0,0,gothic_lolita
doll-like girl,stadium_court,stadium_court,tag:leisure,leisure,1,0,0,0,gothic_lolita
doll-like girl,street_cafe,street_cafe,tag:retail_service,retail_service,1,0,0,0,gothic_lolita
doll-like girl,suburban_neighborhood,suburban_neighborhood,tag:daily_public,daily_public,1,0,0,0,gothic_lolita
doll-like girl,subway_ticket_gate,subway_ticket_gate,tag:urban,urban,1,0,0,0,gothic_lolita
doll-like girl,supermarket_aisle,supermarket_aisle,tag:retail_service,retail_service,1,0,0,0,gothic_lolita
doll-like girl,train_station_platform,train_station_platform,tag:urban,urban,1,0,0,0,gothic_lolita
doll-like girl,tram_platform,tram_platform,tag:daily_public,daily_public,1,0,0,0,gothic_lolita
doll-like girl,tropical_beach,tropical_beach,tag:leisure,leisure,1,0,0,0,gothic_lolita
doll-like girl,underground_bar,underground_bar,tag:leisure,leisure,1,0,0,0,gothic_lolita
doll-like girl,vehicle_repair_garage,vehicle_repair_garage,tag:urban,urban,1,0,0,0,gothic_lolita
doll-like girl,wave_barrel,wave_barrel,tag:leisure,leisure,1,0,0,0,gothic_lolita
doll-like girl,winter_street,winter_street,tag:daily_public,daily_public,1,0,0,0,gothic_lolita
doll-like girl,yoga_studio,yoga_studio,tag:leisure,leisure,1,0,0,0,gothic_lolita
family diner,antique_shop,antique_shop,tag:retail_service,retail_service,1,0,0,0,cozy_cafe
family diner,aquarium,aquarium,tag:daily_public,daily_public,1,0,0,0,cozy_cafe
family diner,art_gallery,art_gallery,tag:daily_public,daily_public,1,0,0,0,cozy_cafe
family diner,bakery_shop,bakery_shop,tag:retail_service,retail_service,1,0,0,0,cozy_cafe
family diner,bedroom_boudoir,bedroom_boudoir,universal,,0,1,0,0,cozy_cafe
family diner,bike_station,bike_station,tag:daily_public,daily_public,1,0,0,0,cozy_cafe
family diner,botanical_garden,botanical_garden,tag:daily_public,daily_public,1,0,0,0,cozy_cafe
family diner,bus_terminal,bus_terminal,tag:daily_public,daily_public,1,0,0,0,cozy_cafe
family diner,canal_walkway,canal_walkway,tag:daily_public,daily_public,1,0,0,0,cozy_cafe
family diner,cinema_lobby,cinema_lobby,tag:leisure,leisure,1,0,0,0,cozy_cafe
family diner,clean_modern_kitchen,clean_modern_kitchen,universal,,0,1,0,0,cozy_cafe
family diner,clinic_waiting_room,clinic_waiting_room,tag:daily_public,daily_public,1,0,0,0,cozy_cafe
family diner,community_center,community_center,tag:daily_public,daily_public,1,0,0,0,cozy_cafe
family diner,community_theater_backstage,community_theater_backstage,tag:leisure,leisure,1,0,0,0,cozy_cafe
family diner,commuter_transport,commuter_transport,tag:daily_public,daily_public,1,0,0,0,cozy_cafe
family diner,concert_stage,concert_stage,tag:leisure,leisure,1,0,0,0,cozy_cafe
family diner,convenience_store,convenience_store,tag:retail_service,retail_service,1,0,0,0,cozy_cafe
family diner,cozy_bookstore,cozy_bookstore,tag:daily_public,daily_public,1,0,0,0,cozy_cafe
family diner,cozy_living_room,cozy_living_room,universal,,0,1,0,0,cozy_cafe
family diner,drugstore_aisle,drugstore_aisle,tag:retail_service,retail_service,1,0,0,0,cozy_cafe
family diner,family_restaurant,family_restaurant,tag:retail_service,retail_service,1,0,0,0,cozy_cafe
family diner,fashion_boutique,fashion_boutique,tag:retail_service,retail_service,1,0,0,0,cozy_cafe
family diner,ferry_terminal,ferry_terminal,tag:daily_public,daily_public,1,0,0,0,cozy_cafe
family diner,fire_station,fire_station,tag:daily_public,daily_public,1,0,0,0,cozy_cafe
family diner,fitness_gym,fitness_gym,tag:leisure,leisure,1,0,0,0,cozy_cafe
family diner,flower_market,flower_market,tag:retail_service,retail_service,1,0,0,0,cozy_cafe
family diner,food_court,food_court,tag:leisure,leisure,1,0,0,0,cozy_cafe
family diner,game_arcade,game_arcade,tag:leisure,leisure,1,0,0,0,cozy_cafe
family diner,greenhouse_nursery,greenhouse_nursery,tag:retail_service,retail_service,1,0,0,0,cozy_cafe
family diner,illuminated_park,illuminated_park,tag:daily_public,daily_public,1,0,0,0,cozy_cafe
family diner,karaoke_bar,karaoke_bar,tag:leisure,leisure,1,0,0,0,cozy_cafe
family diner,local_market_street,local_market_street,tag:daily_public,daily_public,1,0,0,0,cozy_cafe
family diner,luxury_hotel_lobby,luxury_hotel_lobby,tag:leisure,leisure,1,0,0,0,cozy_cafe
family diner,luxury_hotel_room,luxury_hotel_room,tag:leisure,leisure,1,0,0,0,cozy_cafe
family diner,mountain_resort,mountain_resort,tag:leisure,leisure,1,0,0,0,cozy_cafe
family diner,museum_hall,museum_hall,tag:daily_public,daily_public,1,0,0,0,cozy_cafe
family diner,neighborhood_crosswalk,neighborhood_crosswalk,tag:daily_public,daily_public,1,0,0,0,cozy_cafe
family diner,neighborhood_playground,neighborhood_playground,tag:daily_public,daily_public,1,0,0,0,cozy_cafe
family diner,observatory_dome,observatory_dome,tag:leisure,leisure,1,0,0,0,cozy_cafe
family diner,opera_house,opera_house,tag:leisure,leisure,1,0,0,0,cozy_cafe
family diner,picnic_park,picnic_park,tag:daily_public,daily_public,1,0,0,0,cozy_cafe
family diner,poolside_resort,poolside_resort,tag:leisure,leisure,1,0,0,0,cozy_cafe
family diner,postal_service_counter,postal_service_counter,tag:daily_public,daily_public,1,0,0,0,cozy_cafe
family diner,print_shop,print_shop,tag:retail_service,retail_service,1,0,0,0,cozy_cafe
family diner,public_library_lobby,public_library_lobby,tag:daily_public,daily_public,1,0,0,0,cozy_cafe
family diner,public_plaza,public_plaza,tag:daily_public,daily_public,1,0,0,0,cozy_cafe
family diner,rainy_bus_stop,rainy_alley,tag:daily_public,daily_public,1,0,0,1,cozy_cafe
family diner,recording_studio,recording_studio,tag:leisure,leisure,1,0,0,0,cozy_cafe
family diner,riverside_walk,riverside_walk,tag:daily_public,daily_public,1,0,0,0,cozy_cafe
family diner,rooftop_cafe,rooftop_cafe,tag:leisure,leisure,1,0,0,0,cozy_cafe
family diner,rural_town_street,rural_town_street,tag:daily_public,daily_public,1,0,0,0,cozy_cafe
family diner,school_library,school_library,tag:daily_public,daily_public,1,0,0,0,cozy_cafe
family diner,shopping_arcade,shopping_arcade,tag:retail_service,retail_service,1,0,0,0,cozy_cafe
family diner,shopping_mall_atrium,shopping_mall_atrium,tag:daily_public,daily_public,1,0,0,0,cozy_cafe
family diner,stadium_court,stadium_court,tag:leisure,leisure,1,0,0,0,cozy_cafe
family diner,street_cafe,street_cafe,tag:daily_public,daily_public,1,0,0,0,cozy_cafe
family diner,suburban_neighborhood,suburban_neighborhood,tag:daily_public,daily_public,1,0,0,0,cozy_cafe
family diner,supermarket_aisle,supermarket_aisle,tag:retail_service,retail_service,1,0,0,0,cozy_cafe
family diner,tram_platform,tram_platform,tag:daily_public,daily_public,1,0,0,0,cozy_cafe
family diner,tropical_beach,tropical_beach,tag:leisure,leisure,1,0,0,0,cozy_cafe
family diner,underground_bar,underground_bar,tag:leisure,leisure,1,0,0,0,cozy_cafe
family diner,wave_barrel,wave_barrel,tag:leisure,leisure,1,0,0,0,cozy_cafe
family diner,winter_street,winter_street,tag:daily_public,daily_public,1,0,0,0,cozy_cafe
family diner,yoga_studio,yoga_studio,tag:leisure,leisure,1,0,0,0,cozy_cafe
fantasy warrior,abandoned_shrine,abandoned_shrine,tag:nature,nature,1,0,0,0,fantasy_battle
fantasy warrior,alien_planet,alien_planet,tag:fantasy,fantasy,1,0,0,0,fantasy_battle
fantasy warrior,aquarium,aquarium,universal,,0,1,0,0,fantasy_battle
fantasy warrior,art_gallery,art_gallery,universal,,0,1,0,0,fantasy_battle
fantasy warrior,bamboo_forest,bamboo_forest,tag:nature,nature,1,0,0,0,fantasy_battle
fantasy warrior,bedroom_boudoir,bedroom_boudoir,universal,,0,1,0,0,fantasy_battle
fantasy warrior,botanical_garden,botanical_garden,universal,,0,1,0,0,fantasy_battle
fantasy warrior,burning_battlefield,burning_battlefield,tag:fantasy,fantasy,1,0,0,0,fantasy_battle
fantasy warrior,canal_walkway,canal_walkway,tag:nature,nature,1,0,0,0,fantasy_battle
fantasy warrior,castle_hall,castle_hall,tag:fantasy,fantasy,1,0,0,0,fantasy_battle
fantasy warrior,clean_modern_kitchen,clean_modern_kitchen,universal,,0,1,0,0,fantasy_battle
fantasy warrior,community_garden,community_garden,tag:nature,nature,1,0,0,0,fantasy_battle
fantasy warrior,cozy_living_room,cozy_living_room,universal,,0,1,0,0,fantasy_battle
fantasy warrior,dragon_lair,dragon_lair,existing,,0,0,1,0,fantasy_battle
fantasy warrior,dungeon_crypt,dungeon_crypt,tag:fantasy,fantasy,1,0,0,0,fantasy_battle
fantasy warrior,enchanted_lake,enchanted_lake,tag:nature,nature,1,0,0,0,fantasy_battle
fantasy warrior,fantasy_forest,fantasy_forest,tag:nature,nature,1,0,0,0,fantasy_battle
fantasy warrior,flower_market,flower_market,tag:nature,nature,1,0,0,0,fantasy_battle
fantasy warrior,forest_cabin,forest_cabin,tag:nature,nature,1,0,0,0,fantasy_battle
fantasy warrior,greenhouse_nursery,greenhouse_nursery,tag:nature,nature,1,0,0,0,fantasy_battle
fantasy warrior,illuminated_park,illuminated_park,universal,,0,1,0,0,fantasy_battle
fantasy warrior,japanese_garden,japanese_garden,tag:nature,nature,1,0,0,0,fantasy_battle
fantasy warrior,magic_academy_library,magic_academy_library,tag:fantasy,fantasy,1,0,0,0,fantasy_battle
fantasy warrior,museum_hall,museum_hall,universal,,0,1,0,0,fantasy_battle
fantasy warrior,picnic_park,picnic_park,universal,,0,1,0,0,fantasy_battle
fantasy warrior,rainy_bus_stop,rainy_alley,universal,,0,1,0,1,fantasy_battle
fantasy warrior,rural_town_street,rural_town_street,universal,,0,1,0,0,fantasy_battle
fantasy warrior,school_library,school_library,universal,,0,1,0,0,fantasy_battle
fantasy warrior,shinto_shrine,shinto_shrine,tag:nature,nature,1,0,0,0,fantasy_battle
fantasy warrior,suburban_neighborhood,suburban_neighborhood,universal,,0,1,0,0,fantasy_battle
fantasy warrior,tropical_beach,tropical_beach,tag:nature,nature,1,0,0,0,fantasy_battle
fantasy warrior,wave_barrel,wave_barrel,tag:nature,nature,1,0,0,0,fantasy_battle
fantasy warrior,winter_street,winter_street,universal,,0,1,0,0,fantasy_battle
farmer,abandoned_shrine,abandoned_shrine,tag:nature,nature,1,0,0,0,street_casual
farmer,apartment_balcony,apartment_balcony,tag:domestic,domestic,1,0,0,0,street_casual
farmer,apartment_entryway,apartment_entryway,tag:domestic,domestic,1,0,0,0,street_casual
farmer,aquarium,aquarium,universal,,0,1,0,0,street_casual
farmer,art_gallery,art_gallery,universal,,0,1,0,0,street_casual
farmer,bamboo_forest,bamboo_forest,tag:nature,nature,1,0,0,0,street_casual
farmer,bedroom_boudoir,bedroom_boudoir,tag:domestic,domestic,1,0,0,0,street_casual
farmer,botanical_garden,botanical_garden,universal,,0,1,0,0,street_casual
farmer,bus_terminal,bus_terminal,tag:suburban,suburban,1,0,0,0,street_casual
farmer,canal_walkway,canal_walkway,tag:nature,nature,1,0,0,0,street_casual
farmer,clean_modern_kitchen,clean_modern_kitchen,tag:domestic,domestic,1,0,0,0,street_casual
farmer,community_center,community_center,tag:suburban,suburban,1,0,0,0,street_casual
farmer,community_garden,community_garden,tag:domestic,domestic,1,0,0,0,street_casual
farmer,commuter_transport,commuter_transport,universal,,0,1,0,0,street_casual
farmer,cozy_bookstore,cozy_bookstore,universal,,0,1,0,0,street_casual
farmer,cozy_living_room,cozy_living_room,tag:domestic,domestic,1,0,0,0,street_casual
farmer,enchanted_lake,enchanted_lake,tag:nature,nature,1,0,0,0,street_casual
farmer,fantasy_forest,fantasy_forest,tag:nature,nature,1,0,0,0,street_casual
farmer,flower_market,flower_market,tag:nature,nature,1,0,0,0,street_casual
farmer,forest_cabin,forest_cabin,tag:domestic,domestic,1,0,0,0,street_casual
farmer,greenhouse_nursery,greenhouse_nursery,existing,,0,0,1,0,street_casual
farmer,illuminated_park,illuminated_park,universal,,0,1,0,0,street_casual
farmer,japanese_garden,japanese_garden,tag:nature,nature,1,0,0,0,street_casual
farmer,laundromat,laundromat,tag:domestic,domestic,1,0,0,0,street_casual
farmer,museum_hall,museum_hall,universal,,0,1,0,0,street_casual
farmer,neighborhood_crosswalk,neighborhood_crosswalk,tag:suburban,suburban,1,0,0,0,street_casual
farmer,neighborhood_playground,neighborhood_playground,tag:suburban,suburban,1,0,0,0,street_casual
farmer,picnic_park,picnic_park,universal,,0,1,0,0,street_casual
farmer,public_library_lobby,public_library_lobby,tag:suburban,suburban,1,0,0,0,street_casual
farmer,rainy_bus_stop,rainy_alley,tag:suburban,suburban,1,0,0,1,street_casual
farmer,riverside_walk,riverside_walk,tag:suburban,suburban,1,0,0,0,street_casual
farmer,rooftop_laundry_area,rooftop_laundry_area,tag:domestic,domestic,1,0,0,0,street_casual
farmer,rural_town_street,rural_town_street,tag:suburban,suburban,1,0,0,0,street_casual
farmer,school_library,school_library,universal,,0,1,0,0,street_casual
farmer,shinto_shrine,shinto_shrine,tag:nature,nature,1,0,0,0,street_casual
farmer,shopping_mall_atrium,shopping_mall_atrium,universal,,0,1,0,0,street_casual
farmer,street_cafe,street_cafe,universal,,0,1,0,0,street_casual
farmer,suburban_neighborhood,suburban_neighborhood,tag:suburban,suburban,1,0,0,0,street_casual
farmer,tropical_beach,tropical_beach,tag:nature,nature,1,0,0,0,street_casual
farmer,wave_barrel,wave_barrel,tag:nature,nature,1,0,0,0,street_casual
farmer,winter_street,winter_street,universal,,0,1,0,0,street_casual
fashionista,antique_shop,antique_shop,tag:retail_service,retail_service,1,0,0,0,urban_shopping
fashionista,aquarium,aquarium,tag:leisure,leisure,1,0,0,0,urban_shopping
fashionista,art_gallery,art_gallery,tag:leisure,leisure,1,0,0,0,urban_shopping
fashionista,bakery_shop,bakery_shop,tag:retail_service,retail_service,1,0,0,0,urban_shopping
fashionista,bedroom_boudoir,bedroom_boudoir,universal,,0,1,0,0,urban_shopping
fashionista,bike_station,bike_station,tag:daily_public,daily_public,1,0,0,0,urban_shopping
fashionista,botanical_garden,botanical_garden,tag:leisure,leisure,1,0,0,0,urban_shopping
fashionista,bus_terminal,bus_terminal,tag:daily_public,daily_public,1,0,0,0,urban_shopping
fashionista,canal_walkway,canal_walkway,tag:daily_public,daily_public,1,0,0,0,urban_shopping
fashionista,cinema_lobby,cinema_lobby,tag:leisure,leisure,1,0,0,0,urban_shopping
fashionista,clean_modern_kitchen,clean_modern_kitchen,universal,,0,1,0,0,urban_shopping
fashionista,clinic_waiting_room,clinic_waiting_room,tag:daily_public,daily_public,1,0,0,0,urban_shopping
fashionista,community_center,community_center,tag:daily_public,daily_public,1,0,0,0,urban_shopping
fashionista,community_garden,community_garden,tag:suburban,suburban,1,0,0,0,urban_shopping
fashionista,community_theater_backstage,community_theater_backstage,tag:leisure,leisure,1,0,0,0,urban_shopping
fashionista,commuter_transport,commuter_transport,tag:daily_public,daily_public,1,0,0,0,urban_shopping
fashionista,concert_stage,concert_stage,tag:leisure,leisure,1,0,0,0,urban_shopping
fashionista,convenience_store,convenience_store,tag:retail_service,retail_service,1,0,0,0,urban_shopping
fashionista,cozy_bookstore,cozy_bookstore,tag:retail_service,retail_service,1,0,0,0,urban_shopping
fashionista,cozy_living_room,cozy_living_room,universal,,0,1,0,0,urban_shopping
fashionista,neon_city_street,cyberpunk_street,tag:urban,urban,1,0,0,1,urban_shopping
fashionista,drugstore_aisle,drugstore_aisle,tag:retail_service,retail_service,1,0,0,0,urban_shopping
fashionista,family_restaurant,family_restaurant,tag:retail_service,retail_service,1,0,0,0,urban_shopping
fashionista,fashion_boutique,fashion_boutique,existing,,0,0,1,0,urban_shopping
fashionista,ferry_terminal,ferry_terminal,tag:daily_public,daily_public,1,0,0,0,urban_shopping
fashionista,fire_station,fire_station,tag:daily_public,daily_public,1,0,0,0,urban_shopping
fashionista,fitness_gym,fitness_gym,tag:leisure,leisure,1,0,0,0,urban_shopping
fashionista,flower_market,flower_market,tag:retail_service,retail_service,1,0,0,0,urban_shopping
fashionista,food_court,food_court,tag:leisure,leisure,1,0,0,0,urban_shopping
fashionista,game_arcade,game_arcade,tag:leisure,leisure,1,0,0,0,urban_shopping
fashionista,greenhouse_nursery,greenhouse_nursery,tag:retail_service,retail_service,1,0,0,0,urban_shopping
fashionista,illuminated_park,illuminated_park,tag:daily_public,daily_public,1,0,0,0,urban_shopping
fashionista,karaoke_bar,karaoke_bar,existing,,0,0,1,0,urban_shopping
fashionista,local_market_street,local_market_street,tag:retail_service,retail_service,1,0,0,0,urban_shopping
fashionista,luxury_hotel_lobby,luxury_hotel_lobby,tag:leisure,leisure,1,0,0,0,urban_shopping
fashionista,luxury_hotel_room,luxury_hotel_room,tag:leisure,leisure,1,0,0,0,urban_shopping
fashionista,mountain_resort,mountain_resort,tag:leisure,leisure,1,0,0,0,urban_shopping
fashionista,museum_hall,museum_hall,tag:leisure,leisure,1,0,0,0,urban_shopping
fashionista,neighborhood_crosswalk,neighborhood_crosswalk,tag:daily_public,daily_public,1,0,0,0,urban_shopping
fashionista,neighborhood_playground,neighborhood_playground,tag:daily_public,daily_public,1,0,0,0,urban_shopping
fashionista,observatory_dome,observatory_dome,tag:leisure,leisure,1,0,0,0,urban_shopping
fashionista,opera_house,opera_house,tag:leisure,leisure,1,0,0,0,urban_shopping
fashionista,picnic_park,picnic_park,tag:daily_public,daily_public,1,0,0,0,urban_shopping
fashionista,poolside_resort,poolside_resort,tag:leisure,leisure,1,0,0,0,urban_shopping
fashionista,postal_service_counter,postal_service_counter,tag:retail_service,retail_service,1,0,0,0,urban_shopping
fashionista,print_shop,print_shop,tag:retail_service,retail_service,1,0,0,0,urban_shopping
fashionista,public_library_lobby,public_library_lobby,tag:daily_public,daily_public,1,0,0,0,urban_shopping
fashionista,public_plaza,public_plaza,tag:leisure,leisure,1,0,0,0,urban_shopping
fashionista,rainy_bus_stop,rainy_alley,tag:daily_public,daily_public,1,0,0,1,urban_shopping
fashionista,recording_studio,recording_studio,tag:leisure,leisure,1,0,0,0,urban_shopping
fashionista,riverside_walk,riverside_walk,tag:daily_public,daily_public,1,0,0,0,urban_shopping
fashionista,rooftop_cafe,rooftop_cafe,tag:leisure,leisure,1,0,0,0,urban_shopping
fashionista,rural_town_street,rural_town_street,tag:daily_public,daily_public,1,0,0,0,urban_shopping
fashionista,school_library,school_library,tag:daily_public,daily_public,1,0,0,0,urban_shopping
fashionista,shopping_arcade,shopping_arcade,tag:retail_service,retail_service,1,0,0,0,urban_shopping
fashionista,shopping_mall_atrium,shopping_mall_atrium,tag:retail_service,retail_service,1,0,0,0,urban_shopping
fashionista,stadium_court,stadium_court,tag:leisure,leisure,1,0,0,0,urban_shopping
fashionista,street_cafe,street_cafe,tag:retail_service,retail_service,1,0,0,0,urban_shopping
fashionista,suburban_neighborhood,suburban_neighborhood,tag:daily_public,daily_public,1,0,0,0,urban_shopping
fashionista,subway_ticket_gate,subway_ticket_gate,tag:urban,urban,1,0,0,0,urban_shopping
fashionista,supermarket_aisle,supermarket_aisle,tag:retail_service,retail_service,1,0,0,0,urban_shopping
fashionista,train_station_platform,train_station_platform,tag:urban,urban,1,0,0,0,urban_shopping
fashionista,tram_platform,tram_platform,tag:daily_public,daily_public,1,0,0,0,urban_shopping
fashionista,tropical_beach,tropical_beach,tag:leisure,leisure,1,0,0,0,urban_shopping
fashionista,underground_bar,underground_bar,tag:leisure,leisure,1,0,0,0,urban_shopping
fashionista,vehicle_repair_garage,vehicle_repair_garage,tag:urban,urban,1,0,0,0,urban_shopping
fashionista,wave_barrel,wave_barrel,tag:leisure,leisure,1,0,0,0,urban_shopping
fashionista,winter_street,winter_street,tag:daily_public,daily_public,1,0,0,0,urban_shopping
fashionista,yoga_studio,yoga_studio,tag:leisure,leisure,1,0,0,0,urban_shopping
fisher,abandoned_shrine,abandoned_shrine,tag:nature,nature,1,0,0,0,street_casual
fisher,aquarium,aquarium,tag:leisure,leisure,1,0,0,0,street_casual
fisher,art_gallery,art_gallery,tag:leisure,leisure,1,0,0,0,street_casual
fisher,bamboo_forest,bamboo_forest,tag:nature,nature,1,0,0,0,street_casual
fisher,bedroom_boudoir,bedroom_boudoir,universal,,0,1,0,0,street_casual
fisher,botanical_garden,botanical_garden,tag:leisure,leisure,1,0,0,0,street_casual
fisher,canal_walkway,canal_walkway,tag:nature,nature,1,0,0,0,street_casual
fisher,cinema_lobby,cinema_lobby,tag:leisure,leisure,1,0,0,0,street_casual
fisher,clean_modern_kitchen,clean_modern_kitchen,universal,,0,1,0,0,street_casual
fisher,community_garden,community_garden,tag:nature,nature,1,0,0,0,street_casual
fisher,community_theater_backstage,community_theater_backstage,tag:leisure,leisure,1,0,0,0,street_casual
fisher,commuter_transport,commuter_transport,universal,,0,1,0,0,street_casual
fisher,concert_stage,concert_stage,tag:leisure,leisure,1,0,0,0,street_casual
fisher,cozy_bookstore,cozy_bookstore,universal,,0,1,0,0,street_casual
fisher,cozy_living_room,cozy_living_room,universal,,0,1,0,0,street_casual
fisher,enchanted_lake,enchanted_lake,tag:nature,nature,1,0,0,0,street_casual
fisher,fantasy_forest,fantasy_forest,tag:nature,nature,1,0,0,0,street_casual
fisher,ferry_terminal,ferry_terminal,tag:resort,resort,1,0,0,0,street_casual
fisher,fitness_gym,fitness_gym,tag:leisure,leisure,1,0,0,0,street_casual
fisher,flower_market,flower_market,tag:nature,nature,1,0,0,0,street_casual
fisher,food_court,food_court,tag:leisure,leisure,1,0,0,0,street_casual
fisher,forest_cabin,forest_cabin,existing,,0,0,1,0,street_casual
fisher,game_arcade,game_arcade,tag:leisure,leisure,1,0,0,0,street_casual
fisher,greenhouse_nursery,greenhouse_nursery,tag:nature,nature,1,0,0,0,street_casual
fisher,illuminated_park,illuminated_park,universal,,0,1,0,0,street_casual
fisher,japanese_garden,japanese_garden,tag:nature,nature,1,0,0,0,street_casual
fisher,karaoke_bar,karaoke_bar,tag:leisure,leisure,1,0,0,0,street_casual
fisher,luxury_hotel_lobby,luxury_hotel_lobby,tag:leisure,leisure,1,0,0,0,street_casual
fisher,luxury_hotel_room,luxury_hotel_room,tag:leisure,leisure,1,0,0,0,street_casual
fisher,mountain_resort,mountain_resort,tag:leisure,leisure,1,0,0,0,street_casual
fisher,museum_hall,museum_hall,tag:leisure,leisure,1,0,0,0,street_casual
fisher,observatory_dome,observatory_dome,tag:leisure,leisure,1,0,0,0,street_casual
fisher,opera_house,opera_house,tag:leisure,leisure,1,0,0,0,street_casual
fisher,picnic_park,picnic_park,universal,,0,1,0,0,street_casual
fisher,poolside_resort,poolside_resort,tag:leisure,leisure,1,0,0,0,street_casual
fisher,public_plaza,public_plaza,tag:leisure,leisure,1,0,0,0,street_casual
fisher,rainy_bus_stop,rainy_alley,universal,,0,1,0,1,street_casual
fisher,recording_studio,recording_studio,tag:leisure,leisure,1,0,0,0,street_casual
fisher,rooftop_cafe,rooftop_cafe,tag:leisure,leisure,1,0,0,0,street_casual
fisher,rural_town_street,rural_town_street,universal,,0,1,0,0,street_casual
fisher,school_library,school_library,universal,,0,1,0,0,street_casual
fisher,shinto_shrine,shinto_shrine,tag:nature,nature,1,0,0,0,street_casual
fisher,shopping_mall_atrium,shopping_mall_atrium,tag:resort,resort,1,0,0,0,street_casual
fisher,stadium_court,stadium_court,tag:leisure,leisure,1,0,0,0,street_casual
fisher,street_cafe,street_cafe,universal,,0,1,0,0,street_casual
fisher,suburban_neighborhood,suburban_neighborhood,universal,,0,1,0,0,street_casual
fisher,tropical_beach,tropical_beach,tag:leisure,leisure,1,0,0,0,street_casual
fisher,underground_bar,underground_bar,tag:leisure,leisure,1,0,0,0,street_casual
fisher,wave_barrel,wave_barrel,tag:leisure,leisure,1,0,0,0,street_casual
fisher,winter_street,winter_street,universal,,0,1,0,0,street_casual
fisher,yoga_studio,yoga_studio,tag:leisure,leisure,1,0,0,0,street_casual
fitness model,aquarium,aquarium,tag:leisure,leisure,1,0,0,0,gym_workout
fitness model,art_gallery,art_gallery,tag:leisure,leisure,1,0,0,0,gym_workout
fitness model,bedroom_boudoir,bedroom_boudoir,universal,,0,1,0,0,gym_workout
fitness model,bike_station,bike_station,tag:daily_public,daily_public,1,0,0,0,gym_workout
fitness model,botanical_garden,botanical_garden,tag:leisure,leisure,1,0,0,0,gym_workout
fitness model,bus_terminal,bus_terminal,tag:daily_public,daily_public,1,0,0,0,gym_workout
fitness model,canal_walkway,canal_walkway,tag:daily_public,daily_public,1,0,0,0,gym_workout
fitness model,cinema_lobby,cinema_lobby,tag:leisure,leisure,1,0,0,0,gym_workout
fitness model,clean_modern_kitchen,clean_modern_kitchen,universal,,0,1,0,0,gym_workout
fitness model,clinic_waiting_room,clinic_waiting_room,tag:daily_public,daily_public,1,0,0,0,gym_workout
fitness model,community_center,community_center,tag:daily_public,daily_public,1,0,0,0,gym_workout
fitness model,community_theater_backstage,community_theater_backstage,tag:leisure,leisure,1,0,0,0,gym_workout
fitness model,commuter_transport,commuter_transport,tag:daily_public,daily_public,1,0,0,0,gym_workout
fitness model,concert_stage,concert_stage,tag:leisure,leisure,1,0,0,0,gym_workout
fitness model,cozy_bookstore,cozy_bookstore,tag:daily_public,daily_public,1,0,0,0,gym_workout
fitness model,cozy_living_room,cozy_living_room,universal,,0,1,0,0,gym_workout
fitness model,ferry_terminal,ferry_terminal,tag:daily_public,daily_public,1,0,0,0,gym_workout
fitness model,fire_station,fire_station,tag:daily_public,daily_public,1,0,0,0,gym_workout
fitness model,fitness_gym,fitness_gym,existing,,0,0,1,0,gym_workout
fitness model,food_court,food_court,tag:leisure,leisure,1,0,0,0,gym_workout
fitness model,game_arcade,game_arcade,tag:leisure,leisure,1,0,0,0,gym_workout
fitness model,illuminated_park,illuminated_park,tag:daily_public,daily_public,1,0,0,0,gym_workout
fitness model,karaoke_bar,karaoke_bar,tag:leisure,leisure,1,0,0,0,gym_workout
fitness model,local_market_street,local_market_street,tag:daily_public,daily_public,1,0,0,0,gym_workout
fitness model,luxury_hotel_lobby,luxury_hotel_lobby,tag:leisure,leisure,1,0,0,0,gym_workout
fitness model,luxury_hotel_room,luxury_hotel_room,tag:leisure,leisure,1,0,0,0,gym_workout
fitness model,mountain_resort,mountain_resort,tag:leisure,leisure,1,0,0,0,gym_workout
fitness model,museum_hall,museum_hall,tag:leisure,leisure,1,0,0,0,gym_workout
fitness model,neighborhood_crosswalk,neighborhood_crosswalk,tag:daily_public,daily_public,1,0,0,0,gym_workout
fitness model,neighborhood_playground,neighborhood_playground,tag:daily_public,daily_public,1,0,0,0,gym_workout
fitness model,observatory_dome,observatory_dome,tag:leisure,leisure,1,0,0,0,gym_workout
fitness model,opera_house,opera_house,tag:leisure,leisure,1,0,0,0,gym_workout
fitness model,picnic_park,picnic_park,tag:daily_public,daily_public,1,0,0,0,gym_workout
fitness model,poolside_resort,poolside_resort,tag:leisure,leisure,1,0,0,0,gym_workout
fitness model,postal_service_counter,postal_service_counter,tag:daily_public,daily_public,1,0,0,0,gym_workout
fitness model,public_library_lobby,public_library_lobby,tag:daily_public,daily_public,1,0,0,0,gym_workout
fitness model,public_plaza,public_plaza,tag:leisure,leisure,1,0,0,0,gym_workout
fitness model,rainy_bus_stop,rainy_alley,tag:daily_public,daily_public,1,0,0,1,gym_workout
fitness model,recording_studio,recording_studio,tag:leisure,leisure,1,0,0,0,gym_workout
fitness model,riverside_walk,riverside_walk,tag:daily_public,daily_public,1,0,0,0,gym_workout
fitness model,rooftop_cafe,rooftop_cafe,tag:leisure,leisure,1,0,0,0,gym_workout
fitness model,rural_town_street,rural_town_street,tag:daily_public,daily_public,1,0,0,0,gym_workout
fitness model,school_library,school_library,tag:daily_public,daily_public,1,0,0,0,gym_workout
fitness model,shopping_mall_atrium,shopping_mall_atrium,tag:daily_public,daily_public,1,0,0,0,gym_workout
fitness model,stadium_court,stadium_court,tag:leisure,leisure,1,0,0,0,gym_workout
fitness model,street_cafe,street_cafe,tag:daily_public,daily_public,1,0,0,0,gym_workout
fitness model,suburban_neighborhood,suburban_neighborhood,tag:daily_public,daily_public,1,0,0,0,gym_workout
fitness model,tram_platform,tram_platform,tag:daily_public,daily_public,1,0,0,0,gym_workout
fitness model,tropical_beach,tropical_beach,tag:leisure,leisure,1,0,0,0,gym_workout
fitness model,underground_bar,underground_bar,tag:leisure,leisure,1,0,0,0,gym_workout
fitness model,wave_barrel,wave_barrel,tag:leisure,leisure,1,0,0,0,gym_workout
fitness model,winter_street,winter_street,tag:daily_public,daily_public,1,0,0,0,gym_workout
fitness model,yoga_studio,yoga_studio,tag:leisure,leisure,1,0,0,0,gym_workout
florist,abandoned_shrine,abandoned_shrine,tag:nature,nature,1,0,0,0,street_casual
florist,antique_shop,antique_shop,tag:retail_service,retail_service,1,0,0,0,street_casual
florist,aquarium,aquarium,tag:daily_public,daily_public,1,0,0,0,street_casual
florist,art_gallery,art_gallery,tag:daily_public,daily_public,1,0,0,0,street_casual
florist,bakery_shop,bakery_shop,tag:retail_service,retail_service,1,0,0,0,street_casual
florist,bamboo_forest,bamboo_forest,tag:nature,nature,1,0,0,0,street_casual
florist,bedroom_boudoir,bedroom_boudoir,universal,,0,1,0,0,street_casual
florist,bike_station,bike_station,tag:daily_public,daily_public,1,0,0,0,street_casual
florist,botanical_garden,botanical_garden,tag:daily_public,daily_public,1,0,0,0,street_casual
florist,bus_terminal,bus_terminal,tag:daily_public,daily_public,1,0,0,0,street_casual
florist,canal_walkway,canal_walkway,tag:nature,nature,1,0,0,0,street_casual
florist,clean_modern_kitchen,clean_modern_kitchen,universal,,0,1,0,0,street_casual
florist,clinic_waiting_room,clinic_waiting_room,tag:daily_public,daily_public,1,0,0,0,street_casual
florist,community_center,community_center,tag:daily_public,daily_public,1,0,0,0,street_casual
florist,community_garden,community_garden,tag:nature,nature,1,0,0,0,street_casual
florist,commuter_transport,commuter_transport,tag:daily_public,daily_public,1,0,0,0,street_casual
florist,convenience_store,convenience_store,tag:retail_service,retail_service,1,0,0,0,street_casual
florist,cozy_bookstore,cozy_bookstore,tag:daily_public,daily_public,1,0,0,0,street_casual
florist,cozy_living_room,cozy_living_room,universal,,0,1,0,0,street_casual
florist,drugstore_aisle,drugstore_aisle,tag:retail_service,retail_service,1,0,0,0,street_casual
florist,enchanted_lake,enchanted_lake,tag:nature,nature,1,0,0,0,street_casual
florist,family_restaurant,family_restaurant,tag:retail_service,retail_service,1,0,0,0,street_casual
florist,fantasy_forest,fantasy_forest,tag:nature,nature,1,0,0,0,street_casual
florist,fashion_boutique,fashion_boutique,tag:retail_service,retail_service,1,0,0,0,street_casual
florist,ferry_terminal,ferry_terminal,tag:daily_public,daily_public,1,0,0,0,street_casual
florist,fire_station,fire_station,tag:daily_public,daily_public,1,0,0,0,street_casual
florist,flower_market,flower_market,existing,,0,0,1,0,street_casual
florist,food_court,food_court,tag:retail_service,retail_service,1,0,0,0,street_casual
florist,forest_cabin,forest_cabin,tag:nature,nature,1,0,0,0,street_casual
florist,greenhouse_nursery,greenhouse_nursery,tag:nature,nature,1,0,0,0,street_casual
florist,illuminated_park,illuminated_park,tag:daily_public,daily_public,1,0,0,0,street_casual
florist,japanese_garden,japanese_garden,tag:nature,nature,1,0,0,0,street_casual
florist,local_market_street,local_market_street,tag:daily_public,daily_public,1,0,0,0,street_casual
florist,museum_hall,museum_hall,tag:daily_public,daily_public,1,0,0,0,street_casual
florist,neighborhood_crosswalk,neighborhood_crosswalk,tag:daily_public,daily_public,1,0,0,0,street_casual
florist,neighborhood_playground,neighborhood_playground,tag:daily_public,daily_public,1,0,0,0,street_casual
florist,picnic_park,picnic_park,tag:daily_public,daily_public,1,0,0,0,street_casual
florist,postal_service_counter,postal_service_counter,tag:daily_public,daily_public,1,0,0,0,street_casual
florist,print_shop,print_shop,tag:retail_service,retail_service,1,0,0,0,street_casual
florist,public_library_lobby,public_library_lobby,tag:daily_public,daily_public,1,0,0,0,street_casual
florist,public_plaza,public_plaza,tag:daily_public,daily_public,1,0,0,0,street_casual
florist,rainy_bus_stop,rainy_alley,tag:daily_public,daily_public,1,0,0,1,street_casual
florist,riverside_walk,riverside_walk,tag:daily_public,daily_public,1,0,0,0,street_casual
florist,rural_town_street,rural_town_street,tag:daily_public,daily_public,1,0,0,0,street_casual
florist,school_library,school_library,tag:daily_public,daily_public,1,0,0,0,street_casual
florist,shinto_shrine,shinto_shrine,tag:nature,nature,1,0,0,0,street_casual
florist,shopping_arcade,shopping_arcade,tag:retail_service,retail_service,1,0,0,0,street_casual
florist,shopping_mall_atrium,shopping_mall_atrium,tag:daily_public,daily_public,1,0,0,0,street_casual
florist,street_cafe,street_cafe,tag:daily_public,daily_public,1,0,0,0,street_casual
florist,suburban_neighborhood,suburban_neighborhood,tag:daily_public,daily_public,1,0,0,0,street_casual
florist,supermarket_aisle,supermarket_aisle,tag:retail_service,retail_service,1,0,0,0,street_casual
florist,tram_platform,tram_platform,tag:daily_public,daily_public,1,0,0,0,street_casual
florist,tropical_beach,tropical_beach,tag:nature,nature,1,0,0,0,street_casual
florist,wave_barrel,wave_barrel,tag:nature,nature,1,0,0,0,street_casual
florist,winter_street,winter_street,tag:daily_public,daily_public,1,0,0,0,street_casual
flower girl,abandoned_shrine,abandoned_shrine,tag:nature,nature,1,0,0,0,mori_natural
flower girl,aquarium,aquarium,tag:daily_public,daily_public,1,0,0,0,mori_natural
flower girl,art_gallery,art_gallery,tag:daily_public,daily_public,1,0,0,0,mori_natural
flower girl,bamboo_forest,bamboo_forest,tag:nature,nature,1,0,0,0,mori_natural
flower girl,bedroom_boudoir,bedroom_boudoir,universal,,0,1,0,0,mori_natural
flower girl,bike_station,bike_station,tag:daily_public,daily_public,1,0,0,0,mori_natural
flower girl,botanical_garden,botanical_garden,existing,,0,0,1,0,mori_natural
flower girl,bus_terminal,bus_terminal,tag:daily_public,daily_public,1,0,0,0,mori_natural
flower girl,canal_walkway,canal_walkway,tag:daily_public,daily_public,1,0,0,0,mori_natural
flower girl,clean_modern_kitchen,clean_modern_kitchen,universal,,0,1,0,0,mori_natural
flower girl,clinic_waiting_room,clinic_waiting_room,tag:daily_public,daily_public,1,0,0,0,mori_natural
flower girl,community_center,community_center,tag:daily_public,daily_public,1,0,0,0,mori_natural
flower girl,community_garden,community_garden,tag:nature,nature,1,0,0,0,mori_natural
flower girl,commuter_transport,commuter_transport,tag:daily_public,daily_public,1,0,0,0,mori_natural
flower girl,cozy_bookstore,cozy_bookstore,tag:daily_public,daily_public,1,0,0,0,mori_natural
flower girl,cozy_living_room,cozy_living_room,universal,,0,1,0,0,mori_natural
flower girl,enchanted_lake,enchanted_lake,tag:nature,nature,1,0,0,0,mori_natural
flower girl,fantasy_forest,fantasy_forest,tag:nature,nature,1,0,0,0,mori_natural
flower girl,ferry_terminal,ferry_terminal,tag:daily_public,daily_public,1,0,0,0,mori_natural
flower girl,fire_station,fire_station,tag:daily_public,daily_public,1,0,0,0,mori_natural
flower girl,flower_market,flower_market,tag:nature,nature,1,0,0,0,mori_natural
flower girl,forest_cabin,forest_cabin,tag:nature,nature,1,0,0,0,mori_natural
flower girl,greenhouse_nursery,greenhouse_nursery,tag:nature,nature,1,0,0,0,mori_natural
flower girl,illuminated_park,illuminated_park,tag:daily_public,daily_public,1,0,0,0,mori_natural
flower girl,japanese_garden,japanese_garden,tag:nature,nature,1,0,0,0,mori_natural
flower girl,local_market_street,local_market_street,tag:daily_public,daily_public,1,0,0,0,mori_natural
flower girl,museum_hall,museum_hall,tag:daily_public,daily_public,1,0,0,0,mori_natural
flower girl,neighborhood_crosswalk,neighborhood_crosswalk,tag:daily_public,daily_public,1,0,0,0,mori_natural
flower girl,neighborhood_playground,neighborhood_playground,tag:daily_public,daily_public,1,0,0,0,mori_natural
flower girl,picnic_park,picnic_park,tag:daily_public,daily_public,1,0,0,0,mori_natural
flower girl,postal_service_counter,postal_service_counter,tag:daily_public,daily_public,1,0,0,0,mori_natural
flower girl,public_library_lobby,public_library_lobby,tag:daily_public,daily_public,1,0,0,0,mori_natural
flower girl,public_plaza,public_plaza,tag:daily_public,daily_public,1,0,0,0,mori_natural
flower girl,rainy_bus_stop,rainy_alley,tag:daily_public,daily_public,1,0,0,1,mori_natural
flower girl,riverside_walk,riverside_walk,tag:daily_public,daily_public,1,0,0,0,mori_natural
flower girl,rural_town_street,rural_town_street,tag:daily_public,daily_public,1,0,0,0,mori_natural
flower girl,school_library,school_library,tag:daily_public,daily_public,1,0,0,0,mori_natural
flower girl,shinto_shrine,shinto_shrine,tag:nature,nature,1,0,0,0,mori_natural
flower girl,shopping_mall_atrium,shopping_mall_atrium,tag:daily_public,daily_public,1,0,0,0,mori_natural
flower girl,street_cafe,street_cafe,tag:daily_public,daily_public,1,0,0,0,mori_natural
flower girl,suburban_neighborhood,suburban_neighborhood,tag:daily_public,daily_public,1,0,0,0,mori_natural
flower girl,tram_platform,tram_platform,tag:daily_public,daily_public,1,0,0,0,mori_natural
flower girl,tropical_beach,tropical_beach,tag:nature,nature,1,0,0,0,mori_natural
flower girl,wave_barrel,wave_barrel,tag:nature,nature,1,0,0,0,mori_natural
flower girl,winter_street,winter_street,tag:daily_public,daily_public,1,0,0,0,mori_natural
food court visitor,antique_shop,antique_shop,tag:retail_service,retail_service,1,0,0,0,urban_shopping
food court visitor,aquarium,aquarium,tag:leisure,leisure,1,0,0,0,urban_shopping
food court visitor,art_gallery,art_gallery,tag:leisure,leisure,1,0,0,0,urban_shopping
food court visitor,bakery_shop,bakery_shop,tag:retail_service,retail_service,1,0,0,0,urban_shopping
food court visitor,bedroom_boudoir,bedroom_boudoir,universal,,0,1,0,0,urban_shopping
food court visitor,bike_station,bike_station,tag:daily_public,daily_public,1,0,0,0,urban_shopping
food court visitor,botanical_garden,botanical_garden,tag:leisure,leisure,1,0,0,0,urban_shopping
food court visitor,bus_terminal,bus_terminal,tag:daily_public,daily_public,1,0,0,0,urban_shopping
food court visitor,canal_walkway,canal_walkway,tag:daily_public,daily_public,1,0,0,0,urban_shopping
food court visitor,cinema_lobby,cinema_lobby,tag:leisure,leisure,1,0,0,0,urban_shopping
food court visitor,clean_modern_kitchen,clean_modern_kitchen,universal,,0,1,0,0,urban_shopping
food court visitor,clinic_waiting_room,clinic_waiting_room,tag:daily_public,daily_public,1,0,0,0,urban_shopping
food court visitor,community_center,community_center,tag:daily_public,daily_public,1,0,0,0,urban_shopping
food court visitor,community_garden,community_garden,tag:suburban,suburban,1,0,0,0,urban_shopping
food court visitor,community_theater_backstage,community_theater_backstage,tag:leisure,leisure,1,0,0,0,urban_shopping
food court visitor,commuter_transport,commuter_transport,tag:daily_public,daily_public,1,0,0,0,urban_shopping
food court visitor,concert_stage,concert_stage,tag:leisure,leisure,1,0,0,0,urban_shopping
food court visitor,convenience_store,convenience_store,tag:retail_service,retail_service,1,0,0,0,urban_shopping
food court visitor,cozy_bookstore,cozy_bookstore,tag:retail_service,retail_service,1,0,0,0,urban_shopping
food court visitor,cozy_living_room,cozy_living_room,universal,,0,1,0,0,urban_shopping
food court visitor,neon_city_street,cyberpunk_street,tag:urban,urban,1,0,0,1,urban_shopping
food court visitor,drugstore_aisle,drugstore_aisle,tag:retail_service,retail_service,1,0,0,0,urban_shopping
food court visitor,family_restaurant,family_restaurant,tag:retail_service,retail_service,1,0,0,0,urban_shopping
food court visitor,fashion_boutique,fashion_boutique,tag:retail_service,retail_service,1,0,0,0,urban_shopping
food court visitor,ferry_terminal,ferry_terminal,tag:daily_public,daily_public,1,0,0,0,urban_shopping
food court visitor,fire_station,fire_station,tag:daily_public,daily_public,1,0,0,0,urban_shopping
food court visitor,fitness_gym,fitness_gym,tag:leisure,leisure,1,0,0,0,urban_shopping
food court visitor,flower_market,flower_market,tag:retail_service,retail_service,1,0,0,0,urban_shopping
food court visitor,food_court,food_court,tag:leisure,leisure,1,0,0,0,urban_shopping
food court visitor,forest_cabin,forest_cabin,tag:resort,resort,1,0,0,0,urban_shopping
food court visitor,game_arcade,game_arcade,tag:leisure,leisure,1,0,0,0,urban_shopping
food court visitor,greenhouse_nursery,greenhouse_nursery,tag:retail_service,retail_service,1,0,0,0,urban_shopping
food court visitor,illuminated_park,illuminated_park,tag:daily_public,daily_public,1,0,0,0,urban_shopping
food court visitor,karaoke_bar,karaoke_bar,tag:leisure,leisure,1,0,0,0,urban_shopping
food court visitor,local_market_street,local_market_street,tag:retail_service,retail_service,1,0,0,0,urban_shopping
food court visitor,luxury_hotel_lobby,luxury_hotel_lobby,tag:leisure,leisure,1,0,0,0,urban_shopping
food court visitor,luxury_hotel_room,luxury_hotel_room,tag:leisure,leisure,1,0,0,0,urban_shopping
food court visitor,mountain_resort,mountain_resort,tag:leisure,leisure,1,0,0,0,urban_shopping
food court visitor,museum_hall,museum_hall,tag:leisure,leisure,1,0,0,0,urban_shopping
food court visitor,neighborhood_crosswalk,neighborhood_crosswalk,tag:daily_public,daily_public,1,0,0,0,urban_shopping
food court visitor,neighborhood_playground,neighborhood_playground,tag:daily_public,daily_public,1,0,0,0,urban_shopping
food court visitor,observatory_dome,observatory_dome,tag:leisure,leisure,1,0,0,0,urban_shopping
food court visitor,opera_house,opera_house,tag:leisure,leisure,1,0,0,0,urban_shopping
food court visitor,picnic_park,picnic_park,tag:daily_public,daily_public,1,0,0,0,urban_shopping
food court visitor,poolside_resort,poolside_resort,tag:leisure,leisure,1,0,0,0,urban_shopping
food court visitor,postal_service_counter,postal_service_counter,tag:retail_service,retail_service,1,0,0,0,urban_shopping
food court visitor,print_shop,print_shop,tag:retail_service,retail_service,1,0,0,0,urban_shopping
food court visitor,public_library_lobby,public_library_lobby,tag:daily_public,daily_public,1,0,0,0,urban_shopping
food court visitor,public_plaza,public_plaza,tag:leisure,leisure,1,0,0,0,urban_shopping
food court visitor,rainy_bus_stop,rainy_alley,tag:daily_public,daily_public,1,0,0,1,urban_shopping
food court visitor,recording_studio,recording_studio,tag:leisure,leisure,1,0,0,0,urban_shopping
food court visitor,riverside_walk,riverside_walk,tag:daily_public,daily_public,1,0,0,0,urban_shopping
food court visitor,rooftop_cafe,rooftop_cafe,tag:leisure,leisure,1,0,0,0,urban_shopping
food court visitor,rural_town_street,rural_town_street,tag:daily_public,daily_public,1,0,0,0,urban_shopping
food court visitor,school_library,school_library,tag:daily_public,daily_public,1,0,0,0,urban_shopping
food court visitor,shopping_arcade,shopping_arcade,tag:retail_service,retail_service,1,0,0,0,urban_shopping
food court visitor,shopping_mall_atrium,shopping_mall_atrium,tag:retail_service,retail_service,1,0,0,0,urban_shopping
food court visitor,stadium_court,stadium_court,tag:leisure,leisure,1,0,0,0,urban_shopping
food court visitor,street_cafe,street_cafe,tag:retail_service,retail_service,1,0,0,0,urban_shopping
food court visitor,suburban_neighborhood,suburban_neighborhood,tag:daily_public,daily_public,1,0,0,0,urban_shopping
food court visitor,subway_ticket_gate,subway_ticket_gate,tag:urban,urban,1,0,0,0,urban_shopping
food court visitor,supermarket_aisle,supermarket_aisle,tag:retail_service,retail_service,1,0,0,0,urban_shopping
food court visitor,train_station_platform,train_station_platform,tag:urban,urban,1,0,0,0,urban_shopping
food court visitor,tram_platform,tram_platform,tag:daily_public,daily_public,1,0,0,0,urban_shopping
food court visitor,tropical_beach,tropical_beach,tag:leisure,leisure,1,0,0,0,urban_shopping
food court visitor,underground_bar,underground_bar,tag:leisure,leisure,1,0,0,0,urban_shopping
food court visitor,vehicle_repair_garage,vehicle_repair_garage,tag:urban,urban,1,0,0,0,urban_shopping
food court visitor,wave_barrel,wave_barrel,tag:leisure,leisure,1,0,0,0,urban_shopping
food court visitor,winter_street,winter_street,tag:daily_public,daily_public,1,0,0,0,urban_shopping
food court visitor,yoga_studio,yoga_studio,tag:leisure,leisure,1,0,0,0,urban_shopping
gallery sketcher,antique_shop,antique_shop,tag:quiet_indoor,quiet_indoor,1,0,0,0,mori_natural
gallery sketcher,aquarium,aquarium,tag:daily_public,daily_public,1,0,0,0,mori_natural
gallery sketcher,art_gallery,art_gallery,tag:daily_public,daily_public,1,0,0,0,mori_natural
gallery sketcher,bedroom_boudoir,bedroom_boudoir,universal,,0,1,0,0,mori_natural
gallery sketcher,bike_station,bike_station,tag:daily_public,daily_public,1,0,0,0,mori_natural
gallery sketcher,botanical_garden,botanical_garden,tag:daily_public,daily_public,1,0,0,0,mori_natural
gallery sketcher,bus_terminal,bus_terminal,tag:daily_public,daily_public,1,0,0,0,mori_natural
gallery sketcher,canal_walkway,canal_walkway,tag:daily_public,daily_public,1,0,0,0,mori_natural
gallery sketcher,cinema_lobby,cinema_lobby,tag:leisure,leisure,1,0,0,0,mori_natural
gallery sketcher,clean_modern_kitchen,clean_modern_kitchen,universal,,0,1,0,0,mori_natural
gallery sketcher,clinic_waiting_room,clinic_waiting_room,tag:daily_public,daily_public,1,0,0,0,mori_natural
gallery sketcher,community_center,community_center,tag:daily_public,daily_public,1,0,0,0,mori_natural
gallery sketcher,community_theater_backstage,community_theater_backstage,tag:leisure,leisure,1,0,0,0,mori_natural
gallery sketcher,commuter_transport,commuter_transport,tag:daily_public,daily_public,1,0,0,0,mori_natural
gallery sketcher,concert_stage,concert_stage,tag:leisure,leisure,1,0,0,0,mori_natural
gallery sketcher,cozy_bookstore,cozy_bookstore,tag:daily_public,daily_public,1,0,0,0,mori_natural
gallery sketcher,cozy_living_room,cozy_living_room,universal,,0,1,0,0,mori_natural
gallery sketcher,design_studio,design_studio,tag:quiet_indoor,quiet_indoor,1,0,0,0,mori_natural
gallery sketcher,ferry_terminal,ferry_terminal,tag:daily_public,daily_public,1,0,0,0,mori_natural
gallery sketcher,fire_station,fire_station,tag:daily_public,daily_public,1,0,0,0,mori_natural
gallery sketcher,fitness_gym,fitness_gym,tag:leisure,leisure,1,0,0,0,mori_natural
gallery sketcher,food_court,food_court,tag:leisure,leisure,1,0,0,0,mori_natural
gallery sketcher,game_arcade,game_arcade,tag:leisure,leisure,1,0,0,0,mori_natural
gallery sketcher,illuminated_park,illuminated_park,tag:daily_public,daily_public,1,0,0,0,mori_natural
gallery sketcher,karaoke_bar,karaoke_bar,tag:leisure,leisure,1,0,0,0,mori_natural
gallery sketcher,local_market_street,local_market_street,tag:daily_public,daily_public,1,0,0,0,mori_natural
gallery sketcher,luxury_hotel_lobby,luxury_hotel_lobby,tag:leisure,leisure,1,0,0,0,mori_natural
gallery sketcher,luxury_hotel_room,luxury_hotel_room,tag:leisure,leisure,1,0,0,0,mori_natural
gallery sketcher,mountain_resort,mountain_resort,tag:leisure,leisure,1,0,0,0,mori_natural
gallery sketcher,museum_hall,museum_hall,tag:daily_public,daily_public,1,0,0,0,mori_natural
gallery sketcher,neighborhood_crosswalk,neighborhood_crosswalk,tag:daily_public,daily_public,1,0,0,0,mori_natural
gallery sketcher,neighborhood_playground,neighborhood_playground,tag:daily_public,daily_public,1,0,0,0,mori_natural
gallery sketcher,observatory_dome,observatory_dome,tag:leisure,leisure,1,0,0,0,mori_natural
gallery sketcher,opera_house,opera_house,tag:leisure,leisure,1,0,0,0,mori_natural
gallery sketcher,picnic_park,picnic_park,tag:daily_public,daily_public,1,0,0,0,mori_natural
gallery sketcher,poolside_resort,poolside_resort,tag:leisure,leisure,1,0,0,0,mori_natural
gallery sketcher,postal_service_counter,postal_service_counter,tag:daily_public,daily_public,1,0,0,0,mori_natural
gallery sketcher,public_library_lobby,public_library_lobby,tag:daily_public,daily_public,1,0,0,0,mori_natural
gallery sketcher,public_plaza,public_plaza,tag:daily_public,daily_public,1,0,0,0,mori_natural
gallery sketcher,rainy_bus_stop,rainy_alley,tag:daily_public,daily_public,1,0,0,1,mori_natural
gallery sketcher,recording_studio,recording_studio,tag:leisure,leisure,1,0,0,0,mori_natural
gallery sketcher,riverside_walk,riverside_walk,tag:daily_public,daily_public,1,0,0,0,mori_natural
gallery sketcher,rooftop_cafe,rooftop_cafe,tag:leisure,leisure,1,0,0,0,mori_natural
gallery sketcher,rural_town_street,rural_town_street,tag:daily_public,daily_public,1,0,0,0,mori_natural
gallery sketcher,school_clubroom,school_clubroom,tag:quiet_indoor,quiet_indoor,1,0,0,0,mori_natural
gallery sketcher,school_library,school_library,tag:daily_public,daily_public,1,0,0,0,mori_natural
gallery sketcher,shopping_mall_atrium,shopping_mall_atrium,tag:daily_public,daily_public,1,0,0,0,mori_natural
gallery sketcher,stadium_court,stadium_court,tag:leisure,leisure,1,0,0,0,mori_natural
gallery sketcher,street_cafe,street_cafe,tag:daily_public,daily_public,1,0,0,0,mori_natural
gallery sketcher,suburban_neighborhood,suburban_neighborhood,tag:daily_public,daily_public,1,0,0,0,mori_natural
gallery sketcher,tea_room,tea_room,tag:quiet_indoor,quiet_indoor,1,0,0,0,mori_natural
gallery sketcher,tram_platform,tram_platform,tag:daily_public,daily_public,1,0,0,0,mori_natural
gallery sketcher,tropical_beach,tropical_beach,tag:leisure,leisure,1,0,0,0,mori_natural
gallery sketcher,underground_bar,underground_bar,tag:leisure,leisure,1,0,0,0,mori_natural
gallery sketcher,wave_barrel,wave_barrel,tag:leisure,leisure,1,0,0,0,mori_natural
gallery sketcher,winter_street,winter_street,tag:daily_public,daily_public,1,0,0,0,mori_natural
gallery sketcher,yoga_studio,yoga_studio,tag:leisure,leisure,1,0,0,0,mori_natural
geisha,abandoned_shrine,abandoned_shrine,tag:japanese,japanese,1,0,0,0,traditional_japanese
geisha,aquarium,aquarium,tag:daily_public,daily_public,1,0,0,0,traditional_japanese
geisha,art_gallery,art_gallery,tag:daily_public,daily_public,1,0,0,0,traditional_japanese
geisha,bamboo_forest,bamboo_forest,tag:japanese,japanese,1,0,0,0,traditional_japanese
geisha,bedroom_boudoir,bedroom_boudoir,universal,,0,1,0,0,traditional_japanese
geisha,bike_station,bike_station,tag:daily_public,daily_public,1,0,0,0,traditional_japanese
geisha,botanical_garden,botanical_garden,tag:daily_public,daily_public,1,0,0,0,traditional_japanese
geisha,bus_terminal,bus_terminal,tag:daily_public,daily_public,1,0,0,0,traditional_japanese
geisha,canal_walkway,canal_walkway,tag:daily_public,daily_public,1,0,0,0,traditional_japanese
geisha,clean_modern_kitchen,clean_modern_kitchen,universal,,0,1,0,0,traditional_japanese
geisha,clinic_waiting_room,clinic_waiting_room,tag:daily_public,daily_public,1,0,0,0,traditional_japanese
geisha,community_center,community_center,tag:daily_public,daily_public,1,0,0,0,traditional_japanese
geisha,community_garden,community_garden,tag:nature,nature,1,0,0,0,traditional_japanese
geisha,cozy_bookstore,cozy_bookstore,tag:daily_public,daily_public,1,0,0,0,traditional_japanese
geisha,cozy_living_room,cozy_living_room,universal,,0,1,0,0,traditional_japanese
geisha,enchanted_lake,enchanted_lake,tag:nature,nature,1,0,0,0,traditional_japanese
geisha,fantasy_forest,fantasy_forest,tag:nature,nature,1,0,0,0,traditional_japanese
geisha,ferry_terminal,ferry_terminal,tag:daily_public,daily_public,1,0,0,0,traditional_japanese
geisha,fire_station,fire_station,tag:daily_public,daily_public,1,0,0,0,traditional_japanese
geisha,flower_market,flower_market,tag:nature,nature,1,0,0,0,traditional_japanese
geisha,forest_cabin,forest_cabin,tag:nature,nature,1,0,0,0,traditional_japanese
geisha,greenhouse_nursery,greenhouse_nursery,tag:nature,nature,1,0,0,0,traditional_japanese
geisha,illuminated_park,illuminated_park,tag:daily_public,daily_public,1,0,0,0,traditional_japanese
geisha,japanese_bath,japanese_bath,tag:japanese,japanese,1,0,0,0,traditional_japanese
geisha,japanese_garden,japanese_garden,tag:japanese,japanese,1,0,0,0,traditional_japanese
geisha,local_market_street,local_market_street,tag:daily_public,daily_public,1,0,0,0,traditional_japanese
geisha,museum_hall,museum_hall,tag:daily_public,daily_public,1,0,0,0,traditional_japanese
geisha,neighborhood_crosswalk,neighborhood_crosswalk,tag:daily_public,daily_public,1,0,0,0,traditional_japanese
geisha,neighborhood_playground,neighborhood_playground,tag:daily_public,daily_public,1,0,0,0,traditional_japanese
geisha,picnic_park,picnic_park,tag:daily_public,daily_public,1,0,0,0,traditional_japanese
geisha,postal_service_counter,postal_service_counter,tag:daily_public,daily_public,1,0,0,0,traditional_japanese
geisha,public_library_lobby,public_library_lobby,tag:daily_public,daily_public,1,0,0,0,traditional_japanese
geisha,public_plaza,public_plaza,tag:daily_public,daily_public,1,0,0,0,traditional_japanese
geisha,rainy_bus_stop,rainy_alley,tag:daily_public,daily_public,1,0,0,1,traditional_japanese
geisha,riverside_walk,riverside_walk,tag:daily_public,daily_public,1,0,0,0,traditional_japanese
geisha,rural_town_street,rural_town_street,tag:daily_public,daily_public,1,0,0,0,traditional_japanese
geisha,school_library,school_library,tag:daily_public,daily_public,1,0,0,0,traditional_japanese
geisha,shinto_shrine,shinto_shrine,tag:japanese,japanese,1,0,0,0,traditional_japanese
geisha,street_cafe,street_cafe,tag:daily_public,daily_public,1,0,0,0,traditional_japanese
geisha,suburban_neighborhood,suburban_neighborhood,tag:daily_public,daily_public,1,0,0,0,traditional_japanese
geisha,tea_room,tea_room,tag:japanese,japanese,1,0,0,0,traditional_japanese
geisha,tram_platform,tram_platform,tag:daily_public,daily_public,1,0,0,0,traditional_japanese
geisha,tropical_beach,tropical_beach,tag:nature,nature,1,0,0,0,traditional_japanese
geisha,wave_barrel,wave_barrel,tag:nature,nature,1,0,0,0,traditional_japanese
geisha,winter_street,winter_street,existing,,0,0,1,0,traditional_japanese
girl knight,abandoned_shrine,abandoned_shrine,tag:nature,nature,1,0,0,0,fantasy_battle
girl knight,alien_planet,alien_planet,tag:fantasy,fantasy,1,0,0,0,fantasy_battle
girl knight,aquarium,aquarium,universal,,0,1,0,0,fantasy_battle
girl knight,art_gallery,art_gallery,universal,,0,1,0,0,fantasy_battle
girl knight,bamboo_forest,bamboo_forest,tag:nature,nature,1,0,0,0,fantasy_battle
girl knight,bedroom_boudoir,bedroom_boudoir,universal,,0,1,0,0,fantasy_battle
girl knight,botanical_garden,botanical_garden,universal,,0,1,0,0,fantasy_battle
girl knight,burning_battlefield,burning_battlefield,existing,,0,0,1,0,fantasy_battle
girl knight,canal_walkway,canal_walkway,tag:nature,nature,1,0,0,0,fantasy_battle
girl knight,castle_hall,castle_hall,tag:fantasy,fantasy,1,0,0,0,fantasy_battle
girl knight,clean_modern_kitchen,clean_modern_kitchen,universal,,0,1,0,0,fantasy_battle
girl knight,community_garden,community_garden,tag:nature,nature,1,0,0,0,fantasy_battle
girl knight,commuter_transport,commuter_transport,universal,,0,1,0,0,fantasy_battle
girl knight,cozy_bookstore,cozy_bookstore,universal,,0,1,0,0,fantasy_battle
girl knight,cozy_living_room,cozy_living_room,universal,,0,1,0,0,fantasy_battle
girl knight,dragon_lair,dragon_lair,tag:fantasy,fantasy,1,0,0,0,fantasy_battle
girl knight,dungeon_crypt,dungeon_crypt,tag:fantasy,fantasy,1,0,0,0,fantasy_battle
girl knight,enchanted_lake,enchanted_lake,tag:nature,nature,1,0,0,0,fantasy_battle
girl knight,fantasy_forest,fantasy_forest,tag:nature,nature,1,0,0,0,fantasy_battle
girl knight,flower_market,flower_market,tag:nature,nature,1,0,0,0,fantasy_battle
girl knight,forest_cabin,forest_cabin,tag:nature,nature,1,0,0,0,fantasy_battle
girl knight,greenhouse_nursery,greenhouse_nursery,tag:nature,nature,1,0,0,0,fantasy_battle
girl knight,illuminated_park,illuminated_park,universal,,0,1,0,0,fantasy_battle
girl knight,japanese_garden,japanese_garden,tag:nature,nature,1,0,0,0,fantasy_battle
girl knight,magic_academy_library,magic_academy_library,tag:fantasy,fantasy,1,0,0,0,fantasy_battle
girl knight,museum_hall,museum_hall,universal,,0,1,0,0,fantasy_battle
girl knight,picnic_park,picnic_park,universal,,0,1,0,0,fantasy_battle
girl knight,rainy_bus_stop,rainy_alley,universal,,0,1,0,1,fantasy_battle
girl knight,rural_town_street,rural_town_street,universal,,0,1,0,0,fantasy_battle
girl knight,school_library,school_library,universal,,0,1,0,0,fantasy_battle
girl knight,shinto_shrine,shinto_shrine,tag:nature,nature,1,0,0,0,fantasy_battle
girl knight,shopping_mall_atrium,shopping_mall_atrium,universal,,0,1,0,0,fantasy_battle
girl knight,street_cafe,street_cafe,universal,,0,1,0,0,fantasy_battle
girl knight,suburban_neighborhood,suburban_neighborhood,universal,,0,1,0,0,fantasy_battle
girl knight,tropical_beach,tropical_beach,tag:nature,nature,1,0,0,0,fantasy_battle
girl knight,wave_barrel,wave_barrel,tag:nature,nature,1,0,0,0,fantasy_battle
girl knight,winter_street,winter_street,universal,,0,1,0,0,fantasy_battle
gothic doll,alien_planet,alien_planet,tag:fantasy,fantasy,1,0,0,0,gothic_lolita
gothic doll,antique_shop,antique_shop,tag:retail_service,retail_service,1,0,0,0,gothic_lolita
gothic doll,aquarium,aquarium,tag:leisure,leisure,1,0,0,0,gothic_lolita
gothic doll,art_gallery,art_gallery,tag:leisure,leisure,1,0,0,0,gothic_lolita
gothic doll,bakery_shop,bakery_shop,tag:retail_service,retail_service,1,0,0,0,gothic_lolita
gothic doll,bedroom_boudoir,bedroom_boudoir,universal,,0,1,0,0,gothic_lolita
gothic doll,bike_station,bike_station,tag:daily_public,daily_public,1,0,0,0,gothic_lolita
gothic doll,botanical_garden,botanical_garden,tag:leisure,leisure,1,0,0,0,gothic_lolita
gothic doll,burning_battlefield,burning_battlefield,tag:fantasy,fantasy,1,0,0,0,gothic_lolita
gothic doll,bus_terminal,bus_terminal,tag:daily_public,daily_public,1,0,0,0,gothic_lolita
gothic doll,canal_walkway,canal_walkway,tag:daily_public,daily_public,1,0,0,0,gothic_lolita
gothic doll,castle_hall,castle_hall,tag:fantasy,fantasy,1,0,0,0,gothic_lolita
gothic doll,cinema_lobby,cinema_lobby,tag:leisure,leisure,1,0,0,0,gothic_lolita
gothic doll,clean_modern_kitchen,clean_modern_kitchen,universal,,0,1,0,0,gothic_lolita
gothic doll,clinic_waiting_room,clinic_waiting_room,tag:daily_public,daily_public,1,0,0,0,gothic_lolita
gothic doll,community_center,community_center,tag:daily_public,daily_public,1,0,0,0,gothic_lolita
gothic doll,community_theater_backstage,community_theater_backstage,tag:leisure,leisure,1,0,0,0,gothic_lolita
gothic doll,commuter_transport,commuter_transport,tag:daily_public,daily_public,1,0,0,0,gothic_lolita
gothic doll,concert_stage,concert_stage,tag:leisure,leisure,1,0,0,0,gothic_lolita
gothic doll,convenience_store,convenience_store,tag:retail_service,retail_service,1,0,0,0,gothic_lolita
gothic doll,cozy_bookstore,cozy_bookstore,tag:retail_service,retail_service,1,0,0,0,gothic_lolita
gothic doll,cozy_living_room,cozy_living_room,universal,,0,1,0,0,gothic_lolita
gothic doll,neon_city_street,cyberpunk_street,tag:urban,urban,1,0,0,1,gothic_lolita
gothic doll,dragon_lair,dragon_lair,tag:fantasy,fantasy,1,0,0,0,gothic_lolita
gothic doll,drugstore_aisle,drugstore_aisle,tag:retail_service,retail_service,1,0,0,0,gothic_lolita
gothic doll,dungeon_crypt,dungeon_crypt,tag:fantasy,fantasy,1,0,0,0,gothic_lolita
gothic doll,enchanted_lake,enchanted_lake,tag:fantasy,fantasy,1,0,0,0,gothic_lolita
gothic doll,family_restaurant,family_restaurant,tag:retail_service,retail_service,1,0,0,0,gothic_lolita
gothic doll,fashion_boutique,fashion_boutique,tag:retail_service,retail_service,1,0,0,0,gothic_lolita
gothic doll,ferry_terminal,ferry_terminal,tag:daily_public,daily_public,1,0,0,0,gothic_lolita
gothic doll,fire_station,fire_station,tag:daily_public,daily_public,1,0,0,0,gothic_lolita
gothic doll,fitness_gym,fitness_gym,tag:leisure,leisure,1,0,0,0,gothic_lolita
gothic doll,flower_market,flower_market,tag:retail_service,retail_service,1,0,0,0,gothic_lolita
gothic doll,food_court,food_court,tag:leisure,leisure,1,0,0,0,gothic_lolita
gothic doll,game_arcade,game_arcade,tag:leisure,leisure,1,0,0,0,gothic_lolita
gothic doll,greenhouse_nursery,greenhouse_nursery,tag:retail_service,retail_service,1,0,0,0,gothic_lolita
gothic doll,illuminated_park,illuminated_park,tag:daily_public,daily_public,1,0,0,0,gothic_lolita
gothic doll,karaoke_bar,karaoke_bar,tag:leisure,leisure,1,0,0,0,gothic_lolita
gothic doll,local_market_street,local_market_street,tag:retail_service,retail_service,1,0,0,0,gothic_lolita
gothic doll,luxury_hotel_lobby,luxury_hotel_lobby,tag:leisure,leisure,1,0,0,0,gothic_lolita
gothic doll,luxury_hotel_room,luxury_hotel_room,tag:leisure,leisure,1,0,0,0,gothic_lolita
gothic doll,magic_academy_library,magic_academy_library,tag:fantasy,fantasy,1,0,0,0,gothic_lolita
gothic doll,messy_copy_room,messy_copy_room,existing,,0,0,1,0,gothic_lolita
gothic doll,mountain_resort,mountain_resort,tag:leisure,leisure,1,0,0,0,gothic_lolita
gothic doll,museum_hall,museum_hall,tag:leisure,leisure,1,0,0,0,gothic_lolita
gothic doll,neighborhood_crosswalk,neighborhood_crosswalk,tag:daily_public,daily_public,1,0,0,0,gothic_lolita
gothic doll,neighborhood_playground,neighborhood_playground,tag:daily_public,daily_public,1,0,0,0,gothic_lolita
gothic doll,observatory_dome,observatory_dome,tag:leisure,leisure,1,0,0,0,gothic_lolita
gothic doll,opera_house,opera_house,tag:leisure,leisure,1,0,0,0,gothic_lolita
gothic doll,picnic_park,picnic_park,tag:daily_public,daily_public,1,0,0,0,gothic_lolita
gothic doll,poolside_resort,poolside_resort,tag:leisure,leisure,1,0,0,0,gothic_lolita
gothic doll,postal_service_counter,postal_service_counter,tag:retail_service,retail_service,1,0,0,0,gothic_lolita
gothic doll,print_shop,print_shop,tag:retail_service,retail_service,1,0,0,0,gothic_lolita
gothic doll,public_library_lobby,public_library_lobby,tag:daily_public,daily_public,1,0,0,0,gothic_lolita
gothic doll,public_plaza,public_plaza,tag:leisure,leisure,1,0,0,0,gothic_lolita
gothic doll,rainy_bus_stop,rainy_alley,tag:daily_public,daily_public,1,0,0,1,gothic_lolita
gothic doll,recording_studio,recording_studio,tag:leisure,leisure,1,0,0,0,gothic_lolita
gothic doll,riverside_walk,riverside_walk,tag:daily_public,daily_public,1,0,0,0,gothic_lolita
gothic doll,rooftop_cafe,rooftop_cafe,tag:leisure,leisure,1,0,0,0,gothic_lolita
gothic doll,rural_town_street,rural_town_street,tag:daily_public,daily_public,1,0,0,0,gothic_lolita
gothic doll,school_library,school_library,tag:daily_public,daily_public,1,0,0,0,gothic_lolita
gothic doll,shopping_arcade,shopping_arcade,tag:retail_service,retail_service,1,0,0,0,gothic_lolita
gothic doll,shopping_mall_atrium,shopping_mall_atrium,tag:retail_service,retail_service,1,0,0,0,gothic_lolita
gothic doll,stadium_court,stadium_court,tag:leisure,leisure,1,0,0,0,gothic_lolita
gothic doll,street_cafe,street_cafe,tag:retail_service,retail_service,1,0,0,0,gothic_lolita
gothic doll,suburban_neighborhood,suburban_neighborhood,tag:daily_public,daily_public,1,0,0,0,gothic_lolita
gothic doll,subway_ticket_gate,subway_ticket_gate,tag:urban,urban,1,0,0,0,gothic_lolita
gothic doll,supermarket_aisle,supermarket_aisle,tag:retail_service,retail_service,1,0,0,0,gothic_lolita
gothic doll,train_station_platform,train_station_platform,tag:urban,urban,1,0,0,0,gothic_lolita
gothic doll,tram_platform,tram_platform,tag:daily_public,daily_public,1,0,0,0,gothic_lolita
gothic doll,tropical_beach,tropical_beach,tag:leisure,leisure,1,0,0,0,gothic_lolita
gothic doll,underground_bar,underground_bar,tag:leisure,leisure,1,0,0,0,gothic_lolita
gothic doll,vehicle_repair_garage,vehicle_repair_garage,tag:urban,urban,1,0,0,0,gothic_lolita
gothic doll,wave_barrel,wave_barrel,tag:leisure,leisure,1,0,0,0,gothic_lolita
gothic doll,winter_street,winter_street,tag:daily_public,daily_public,1,0,0,0,gothic_lolita
gothic doll,yoga_studio,yoga_studio,tag:leisure,leisure,1,0,0,0,gothic_lolita
gothic girl,alien_planet,alien_planet,tag:fantasy,fantasy,1,0,0,0,gothic_lolita
gothic girl,antique_shop,antique_shop,tag:retail_service,retail_service,1,0,0,0,gothic_lolita
gothic girl,aquarium,aquarium,tag:leisure,leisure,1,0,0,0,gothic_lolita
gothic girl,art_gallery,art_gallery,tag:leisure,leisure,1,0,0,0,gothic_lolita
gothic girl,bakery_shop,bakery_shop,tag:retail_service,retail_service,1,0,0,0,gothic_lolita
gothic girl,bedroom_boudoir,bedroom_boudoir,universal,,0,1,0,0,gothic_lolita
gothic girl,bike_station,bike_station,tag:daily_public,daily_public,1,0,0,0,gothic_lolita
gothic girl,botanical_garden,botanical_garden,tag:leisure,leisure,1,0,0,0,gothic_lolita
gothic girl,burning_battlefield,burning_battlefield,tag:fantasy,fantasy,1,0,0,0,gothic_lolita
gothic girl,bus_terminal,bus_terminal,tag:daily_public,daily_public,1,0,0,0,gothic_lolita
gothic girl,canal_walkway,canal_walkway,tag:daily_public,daily_public,1,0,0,0,gothic_lolita
gothic girl,castle_hall,castle_hall,tag:fantasy,fantasy,1,0,0,0,gothic_lolita
gothic girl,cinema_lobby,cinema_lobby,tag:leisure,leisure,1,0,0,0,gothic_lolita
gothic girl,clean_modern_kitchen,clean_modern_kitchen,universal,,0,1,0,0,gothic_lolita
gothic girl,clinic_waiting_room,clinic_waiting_room,tag:daily_public,daily_public,1,0,0,0,gothic_lolita
gothic girl,community_center,community_center,tag:daily_public,daily_public,1,0,0,0,gothic_lolita
gothic girl,community_theater_backstage,community_theater_backstage,tag:leisure,leisure,1,0,0,0,gothic_lolita
gothic girl,commuter_transport,commuter_transport,tag:daily_public,daily_public,1,0,0,0,gothic_lolita
gothic girl,concert_stage,concert_stage,tag:leisure,leisure,1,0,0,0,gothic_lolita
gothic girl,convenience_store,convenience_store,tag:retail_service,retail_service,1,0,0,0,gothic_lolita
gothic girl,cozy_bookstore,cozy_bookstore,tag:retail_service,retail_service,1,0,0,0,gothic_lolita
gothic girl,cozy_living_room,cozy_living_room,universal,,0,1,0,0,gothic_lolita
gothic girl,neon_city_street,cyberpunk_street,tag:urban,urban,1,0,0,1,gothic_lolita
gothic girl,dragon_lair,dragon_lair,tag:fantasy,fantasy,1,0,0,0,gothic_lolita
gothic girl,drugstore_aisle,drugstore_aisle,tag:retail_service,retail_service,1,0,0,0,gothic_lolita
gothic girl,dungeon_crypt,dungeon_crypt,existing,,0,0,1,0,gothic_lolita
gothic girl,enchanted_lake,enchanted_lake,tag:fantasy,fantasy,1,0,0,0,gothic_lolita
gothic girl,family_restaurant,family_restaurant,tag:retail_service,retail_service,1,0,0,0,gothic_lolita
gothic girl,fashion_boutique,fashion_boutique,tag:retail_service,retail_service,1,0,0,0,gothic_lolita
gothic girl,ferry_terminal,ferry_terminal,tag:daily_public,daily_public,1,0,0,0,gothic_lolita
gothic girl,fire_station,fire_station,tag:daily_public,daily_public,1,0,0,0,gothic_lolita
gothic girl,fitness_gym,fitness_gym,tag:leisure,leisure,1,0,0,0,gothic_lolita
gothic girl,flower_market,flower_market,tag:retail_service,retail_service,1,0,0,0,gothic_lolita
gothic girl,food_court,food_court,tag:leisure,leisure,1,0,0,0,gothic_lolita
gothic girl,game_arcade,game_arcade,tag:leisure,leisure,1,0,0,0,gothic_lolita
gothic girl,greenhouse_nursery,greenhouse_nursery,tag:retail_service,retail_service,1,0,0,0,gothic_lolita
gothic girl,illuminated_park,illuminated_park,tag:daily_public,daily_public,1,0,0,0,gothic_lolita
gothic girl,karaoke_bar,karaoke_bar,tag:leisure,leisure,1,0,0,0,gothic_lolita
gothic girl,local_market_street,local_market_street,tag:retail_service,retail_service,1,0,0,0,gothic_lolita
gothic girl,luxury_hotel_lobby,luxury_hotel_lobby,tag:leisure,leisure,1,0,0,0,gothic_lolita
gothic girl,luxury_hotel_room,luxury_hotel_room,tag:leisure,leisure,1,0,0,0,gothic_lolita
gothic girl,magic_academy_library,magic_academy_library,tag:fantasy,fantasy,1,0,0,0,gothic_lolita
gothic girl,mountain_resort,mountain_resort,tag:leisure,leisure,1,0,0,0,gothic_lolita
gothic girl,museum_hall,museum_hall,tag:leisure,leisure,1,0,0,0,gothic_lolita
gothic girl,neighborhood_crosswalk,neighborhood_crosswalk,tag:daily_public,daily_public,1,0,0,0,gothic_lolita
gothic girl,neighborhood_playground,neighborhood_playground,tag:daily_public,daily_public,1,0,0,0,gothic_lolita
gothic girl,observatory_dome,observatory_dome,tag:leisure,leisure,1,0,0,0,gothic_lolita
gothic girl,opera_house,opera_house,tag:leisure,leisure,1,0,0,0,gothic_lolita
gothic girl,picnic_park,picnic_park,tag:daily_public,daily_public,1,0,0,0,gothic_lolita
gothic girl,poolside_resort,poolside_resort,tag:leisure,leisure,1,0,0,0,gothic_lolita
gothic girl,postal_service_counter,postal_service_counter,tag:retail_service,retail_service,1,0,0,0,gothic_lolita
gothic girl,print_shop,print_shop,tag:retail_service,retail_service,1,0,0,0,gothic_lolita
gothic girl,public_library_lobby,public_library_lobby,tag:daily_public,daily_public,1,0,0,0,gothic_lolita
gothic girl,public_plaza,public_plaza,tag:leisure,leisure,1,0,0,0,gothic_lolita
gothic girl,rainy_bus_stop,rainy_alley,tag:daily_public,daily_public,1,0,0,1,gothic_lolita
gothic girl,recording_studio,recording_studio,tag:leisure,leisure,1,0,0,0,gothic_lolita
gothic girl,riverside_walk,riverside_walk,tag:daily_public,daily_public,1,0,0,0,gothic_lolita
gothic girl,rooftop_cafe,rooftop_cafe,tag:leisure,leisure,1,0,0,0,gothic_lolita
gothic girl,rural_town_street,rural_town_street,tag:daily_public,daily_public,1,0,0,0,gothic_lolita
gothic girl,school_library,school_library,tag:daily_public,daily_public,1,0,0,0,gothic_lolita
gothic girl,shopping_arcade,shopping_arcade,tag:retail_service,retail_service,1,0,0,0,gothic_lolita
gothic girl,shopping_mall_atrium,shopping_mall_atrium,tag:retail_service,retail_service,1,0,0,0,gothic_lolita
gothic girl,stadium_court,stadium_court,tag:leisure,leisure,1,0,0,0,gothic_lolita
gothic girl,street_cafe,street_cafe,tag:retail_service,retail_service,1,0,0,0,gothic_lolita
gothic girl,suburban_neighborhood,suburban_neighborhood,tag:daily_public,daily_public,1,0,0,0,gothic_lolita
gothic girl,subway_ticket_gate,subway_ticket_gate,tag:urban,urban,1,0,0,0,gothic_lolita
gothic girl,supermarket_aisle,supermarket_aisle,tag:retail_service,retail_service,1,0,0,0,gothic_lolita
gothic girl,train_station_platform,train_station_platform,tag:urban,urban,1,0,0,0,gothic_lolita
gothic girl,tram_platform,tram_platform,tag:daily_public,daily_public,1,0,0,0,gothic_lolita
gothic girl,tropical_beach,tropical_beach,tag:leisure,leisure,1,0,0,0,gothic_lolita
gothic girl,underground_bar,underground_bar,tag:leisure,leisure,1,0,0,0,gothic_lolita
gothic girl,vehicle_repair_garage,vehicle_repair_garage,tag:urban,urban,1,0,0,0,gothic_lolita
gothic girl,wave_barrel,wave_barrel,tag:leisure,leisure,1,0,0,0,gothic_lolita
gothic girl,winter_street,winter_street,tag:daily_public,daily_public,1,0,0,0,gothic_lolita
gothic girl,yoga_studio,yoga_studio,tag:leisure,leisure,1,0,0,0,gothic_lolita
guitarist,aquarium,aquarium,tag:leisure,leisure,1,0,0,0,rock_concert
guitarist,art_gallery,art_gallery,tag:leisure,leisure,1,0,0,0,rock_concert
guitarist,bedroom_boudoir,bedroom_boudoir,universal,,0,1,0,0,rock_concert
guitarist,bike_station,bike_station,tag:daily_public,daily_public,1,0,0,0,rock_concert
guitarist,botanical_garden,botanical_garden,tag:leisure,leisure,1,0,0,0,rock_concert
guitarist,bus_terminal,bus_terminal,tag:daily_public,daily_public,1,0,0,0,rock_concert
guitarist,canal_walkway,canal_walkway,tag:daily_public,daily_public,1,0,0,0,rock_concert
guitarist,cinema_lobby,cinema_lobby,tag:leisure,leisure,1,0,0,0,rock_concert
guitarist,clean_modern_kitchen,clean_modern_kitchen,universal,,0,1,0,0,rock_concert
guitarist,clinic_waiting_room,clinic_waiting_room,tag:daily_public,daily_public,1,0,0,0,rock_concert
guitarist,community_center,community_center,tag:daily_public,daily_public,1,0,0,0,rock_concert
guitarist,community_theater_backstage,community_theater_backstage,tag:leisure,leisure,1,0,0,0,rock_concert
guitarist,commuter_transport,commuter_transport,tag:daily_public,daily_public,1,0,0,0,rock_concert
guitarist,concert_stage,concert_stage,tag:leisure,leisure,1,0,0,0,rock_concert
guitarist,cozy_bookstore,cozy_bookstore,tag:daily_public,daily_public,1,0,0,0,rock_concert
guitarist,cozy_living_room,cozy_living_room,universal,,0,1,0,0,rock_concert
guitarist,ferry_terminal,ferry_terminal,tag:daily_public,daily_public,1,0,0,0,rock_concert
guitarist,fire_station,fire_station,tag:daily_public,daily_public,1,0,0,0,rock_concert
guitarist,fitness_gym,fitness_gym,tag:leisure,leisure,1,0,0,0,rock_concert
guitarist,food_court,food_court,tag:leisure,leisure,1,0,0,0,rock_concert
guitarist,game_arcade,game_arcade,tag:leisure,leisure,1,0,0,0,rock_concert
guitarist,illuminated_park,illuminated_park,tag:daily_public,daily_public,1,0,0,0,rock_concert
guitarist,karaoke_bar,karaoke_bar,tag:leisure,leisure,1,0,0,0,rock_concert
guitarist,local_market_street,local_market_street,tag:daily_public,daily_public,1,0,0,0,rock_concert
guitarist,luxury_hotel_lobby,luxury_hotel_lobby,tag:leisure,leisure,1,0,0,0,rock_concert
guitarist,luxury_hotel_room,luxury_hotel_room,tag:leisure,leisure,1,0,0,0,rock_concert
guitarist,mountain_resort,mountain_resort,tag:leisure,leisure,1,0,0,0,rock_concert
guitarist,museum_hall,museum_hall,tag:leisure,leisure,1,0,0,0,rock_concert
guitarist,neighborhood_crosswalk,neighborhood_crosswalk,tag:daily_public,daily_public,1,0,0,0,rock_concert
guitarist,neighborhood_playground,neighborhood_playground,tag:daily_public,daily_public,1,0,0,0,rock_concert
guitarist,observatory_dome,observatory_dome,tag:leisure,leisure,1,0,0,0,rock_concert
guitarist,opera_house,opera_house,tag:leisure,leisure,1,0,0,0,rock_concert
guitarist,picnic_park,picnic_park,tag:daily_public,daily_public,1,0,0,0,rock_concert
guitarist,poolside_resort,poolside_resort,tag:leisure,leisure,1,0,0,0,rock_concert
guitarist,postal_service_counter,postal_service_counter,tag:daily_public,daily_public,1,0,0,0,rock_concert
guitarist,public_library_lobby,public_library_lobby,tag:daily_public,daily_public,1,0,0,0,rock_concert
guitarist,public_plaza,public_plaza,tag:leisure,leisure,1,0,0,0,rock_concert
guitarist,rainy_bus_stop,rainy_alley,tag:daily_public,daily_public,1,0,0,1,rock_concert
guitarist,recording_studio,recording_studio,existing,,0,0,1,0,rock_concert
guitarist,riverside_walk,riverside_walk,tag:daily_public,daily_public,1,0,0,0,rock_concert
guitarist,rooftop_cafe,rooftop_cafe,tag:leisure,leisure,1,0,0,0,rock_concert
guitarist,rural_town_street,rural_town_street,tag:daily_public,daily_public,1,0,0,0,rock_concert
guitarist,school_library,school_library,tag:daily_public,daily_public,1,0,0,0,rock_concert
guitarist,shopping_mall_atrium,shopping_mall_atrium,tag:daily_public,daily_public,1,0,0,0,rock_concert
guitarist,stadium_court,stadium_court,tag:leisure,leisure,1,0,0,0,rock_concert
guitarist,street_cafe,street_cafe,tag:daily_public,daily_public,1,0,0,0,rock_concert
guitarist,suburban_neighborhood,suburban_neighborhood,tag:daily_public,daily_public,1,0,0,0,rock_concert
guitarist,tram_platform,tram_platform,tag:daily_public,daily_public,1,0,0,0,rock_concert
guitarist,tropical_beach,tropical_beach,tag:leisure,leisure,1,0,0,0,rock_concert
guitarist,underground_bar,underground_bar,tag:leisure,leisure,1,0,0,0,rock_concert
guitarist,wave_barrel,wave_barrel,tag:leisure,leisure,1,0,0,0,rock_concert
guitarist,winter_street,winter_street,tag:daily_public,daily_public,1,0,0,0,rock_concert
guitarist,yoga_studio,yoga_studio,tag:leisure,leisure,1,0,0,0,rock_concert
gym girl,aquarium,aquarium,tag:leisure,leisure,1,0,0,0,gym_workout
gym girl,art_gallery,art_gallery,tag:leisure,leisure,1,0,0,0,gym_workout
gym girl,bedroom_boudoir,bedroom_boudoir,universal,,0,1,0,0,gym_workout
gym girl,bike_station,bike_station,tag:daily_public,daily_public,1,0,0,0,gym_workout
gym girl,botanical_garden,botanical_garden,tag:leisure,leisure,1,0,0,0,gym_workout
gym girl,bus_terminal,bus_terminal,tag:daily_public,daily_public,1,0,0,0,gym_workout
gym girl,canal_walkway,canal_walkway,tag:daily_public,daily_public,1,0,0,0,gym_workout
gym girl,cinema_lobby,cinema_lobby,tag:leisure,leisure,1,0,0,0,gym_workout
gym girl,clean_modern_kitchen,clean_modern_kitchen,universal,,0,1,0,0,gym_workout
gym girl,clinic_waiting_room,clinic_waiting_room,tag:daily_public,daily_public,1,0,0,0,gym_workout
gym girl,community_center,community_center,tag:daily_public,daily_public,1,0,0,0,gym_workout
gym girl,community_theater_backstage,community_theater_backstage,tag:leisure,leisure,1,0,0,0,gym_workout
gym girl,commuter_transport,commuter_transport,tag:daily_public,daily_public,1,0,0,0,gym_workout
gym girl,concert_stage,concert_stage,tag:leisure,leisure,1,0,0,0,gym_workout
gym girl,cozy_bookstore,cozy_bookstore,tag:daily_public,daily_public,1,0,0,0,gym_workout
gym girl,cozy_living_room,cozy_living_room,universal,,0,1,0,0,gym_workout
gym girl,ferry_terminal,ferry_terminal,tag:daily_public,daily_public,1,0,0,0,gym_workout
gym girl,fire_station,fire_station,tag:daily_public,daily_public,1,0,0,0,gym_workout
gym girl,fitness_gym,fitness_gym,tag:leisure,leisure,1,0,0,0,gym_workout
gym girl,food_court,food_court,tag:leisure,leisure,1,0,0,0,gym_workout
gym girl,game_arcade,game_arcade,tag:leisure,leisure,1,0,0,0,gym_workout
gym girl,illuminated_park,illuminated_park,tag:daily_public,daily_public,1,0,0,0,gym_workout
gym girl,karaoke_bar,karaoke_bar,tag:leisure,leisure,1,0,0,0,gym_workout
gym girl,local_market_street,local_market_street,tag:daily_public,daily_public,1,0,0,0,gym_workout
gym girl,luxury_hotel_lobby,luxury_hotel_lobby,tag:leisure,leisure,1,0,0,0,gym_workout
gym girl,luxury_hotel_room,luxury_hotel_room,tag:leisure,leisure,1,0,0,0,gym_workout
gym girl,mountain_resort,mountain_resort,tag:leisure,leisure,1,0,0,0,gym_workout
gym girl,museum_hall,museum_hall,tag:leisure,leisure,1,0,0,0,gym_workout
gym girl,neighborhood_crosswalk,neighborhood_crosswalk,tag:daily_public,daily_public,1,0,0,0,gym_workout
gym girl,neighborhood_playground,neighborhood_playground,tag:daily_public,daily_public,1,0,0,0,gym_workout
gym girl,observatory_dome,observatory_dome,tag:leisure,leisure,1,0,0,0,gym_workout
gym girl,opera_house,opera_house,tag:leisure,leisure,1,0,0,0,gym_workout
gym girl,picnic_park,picnic_park,tag:daily_public,daily_public,1,0,0,0,gym_workout
gym girl,poolside_resort,poolside_resort,tag:leisure,leisure,1,0,0,0,gym_workout
gym girl,postal_service_counter,postal_service_counter,tag:daily_public,daily_public,1,0,0,0,gym_workout
gym girl,public_library_lobby,public_library_lobby,tag:daily_public,daily_public,1,0,0,0,gym_workout
gym girl,public_plaza,public_plaza,tag:leisure,leisure,1,0,0,0,gym_workout
gym girl,rainy_bus_stop,rainy_alley,tag:daily_public,daily_public,1,0,0,1,gym_workout
gym girl,recording_studio,recording_studio,tag:leisure,leisure,1,0,0,0,gym_workout
gym girl,riverside_walk,riverside_walk,tag:daily_public,daily_public,1,0,0,0,gym_workout
gym girl,rooftop_cafe,rooftop_cafe,tag:leisure,leisure,1,0,0,0,gym_workout
gym girl,rural_town_street,rural_town_street,tag:daily_public,daily_public,1,0,0,0,gym_workout
gym girl,school_library,school_library,tag:daily_public,daily_public,1,0,0,0,gym_workout
gym girl,shopping_mall_atrium,shopping_mall_atrium,tag:daily_public,daily_public,1,0,0,0,gym_workout
gym girl,stadium_court,stadium_court,existing,,0,0,1,0,gym_workout
gym girl,street_cafe,street_cafe,tag:daily_public,daily_public,1,0,0,0,gym_workout
gym girl,suburban_neighborhood,suburban_neighborhood,tag:daily_public,daily_public,1,0,0,0,gym_workout
gym girl,tram_platform,tram_platform,tag:daily_public,daily_public,1,0,0,0,gym_workout
gym girl,tropical_beach,tropical_beach,tag:leisure,leisure,1,0,0,0,gym_workout
gym girl,underground_bar,underground_bar,tag:leisure,leisure,1,0,0,0,gym_workout
gym girl,wave_barrel,wave_barrel,tag:leisure,leisure,1,0,0,0,gym_workout
gym girl,winter_street,winter_street,tag:daily_public,daily_public,1,0,0,0,gym_workout
gym girl,yoga_studio,yoga_studio,tag:leisure,leisure,1,0,0,0,gym_workout
home girl,antique_shop,antique_shop,tag:retail_service,retail_service,1,0,0,0,room_loungewear
home girl,apartment_balcony,apartment_balcony,tag:home_life,home_life,1,0,0,0,room_loungewear
home girl,apartment_entryway,apartment_entryway,tag:home_life,home_life,1,0,0,0,room_loungewear
home girl,aquarium,aquarium,tag:leisure,leisure,1,0,0,0,room_loungewear
home girl,art_gallery,art_gallery,tag:leisure,leisure,1,0,0,0,room_loungewear
home girl,bakery_shop,bakery_shop,tag:retail_service,retail_service,1,0,0,0,room_loungewear
home girl,luxury_bathroom,bedroom_boudoir,tag:home_life,home_life,1,0,0,1,room_loungewear
home girl,bike_station,bike_station,tag:daily_public,daily_public,1,0,0,0,room_loungewear
home girl,botanical_garden,botanical_garden,tag:leisure,leisure,1,0,0,0,room_loungewear
home girl,bus_terminal,bus_terminal,tag:daily_public,daily_public,1,0,0,0,room_loungewear
home girl,canal_walkway,canal_walkway,tag:daily_public,daily_public,1,0,0,0,room_loungewear
home girl,cinema_lobby,cinema_lobby,tag:leisure,leisure,1,0,0,0,room_loungewear
home girl,clean_modern_kitchen,clean_modern_kitchen,tag:home_life,home_life,1,0,0,0,room_loungewear
home girl,clinic_waiting_room,clinic_waiting_room,tag:daily_public,daily_public,1,0,0,0,room_loungewear
home girl,community_center,community_center,tag:daily_public,daily_public,1,0,0,0,room_loungewear
home girl,community_garden,community_garden,tag:suburban,suburban,1,0,0,0,room_loungewear
home girl,community_theater_backstage,community_theater_backstage,tag:leisure,leisure,1,0,0,0,room_loungewear
home girl,commuter_transport,commuter_transport,tag:daily_public,daily_public,1,0,0,0,room_loungewear
home girl,concert_stage,concert_stage,tag:leisure,leisure,1,0,0,0,room_loungewear
home girl,convenience_store,convenience_store,tag:retail_service,retail_service,1,0,0,0,room_loungewear
home girl,cozy_bookstore,cozy_bookstore,tag:retail_service,retail_service,1,0,0,0,room_loungewear
home girl,cozy_living_room,cozy_living_room,tag:home_life,home_life,1,0,0,0,room_loungewear
home girl,drugstore_aisle,drugstore_aisle,tag:retail_service,retail_service,1,0,0,0,room_loungewear
home girl,family_restaurant,family_restaurant,tag:retail_service,retail_service,1,0,0,0,room_loungewear
home girl,fashion_boutique,fashion_boutique,tag:retail_service,retail_service,1,0,0,0,room_loungewear
home girl,ferry_terminal,ferry_terminal,tag:daily_public,daily_public,1,0,0,0,room_loungewear
home girl,fire_station,fire_station,tag:daily_public,daily_public,1,0,0,0,room_loungewear
home girl,fitness_gym,fitness_gym,tag:leisure,leisure,1,0,0,0,room_loungewear
home girl,flower_market,flower_market,tag:retail_service,retail_service,1,0,0,0,room_loungewear
home girl,food_court,food_court,tag:leisure,leisure,1,0,0,0,room_loungewear
home girl,forest_cabin,forest_cabin,tag:domestic,domestic,1,0,0,0,room_loungewear
home girl,game_arcade,game_arcade,tag:leisure,leisure,1,0,0,0,room_loungewear
home girl,greenhouse_nursery,greenhouse_nursery,tag:retail_service,retail_service,1,0,0,0,room_loungewear
home girl,illuminated_park,illuminated_park,tag:daily_public,daily_public,1,0,0,0,room_loungewear
home girl,karaoke_bar,karaoke_bar,tag:leisure,leisure,1,0,0,0,room_loungewear
home girl,laundromat,laundromat,tag:home_life,home_life,1,0,0,0,room_loungewear
home girl,local_market_street,local_market_street,tag:retail_service,retail_service,1,0,0,0,room_loungewear
home girl,luxury_hotel_lobby,luxury_hotel_lobby,tag:leisure,leisure,1,0,0,0,room_loungewear
home girl,luxury_hotel_room,luxury_hotel_room,tag:leisure,leisure,1,0,0,0,room_loungewear
home girl,mountain_resort,mountain_resort,tag:leisure,leisure,1,0,0,0,room_loungewear
home girl,museum_hall,museum_hall,tag:leisure,leisure,1,0,0,0,room_loungewear
home girl,neighborhood_crosswalk,neighborhood_crosswalk,tag:daily_public,daily_public,1,0,0,0,room_loungewear
home girl,neighborhood_playground,neighborhood_playground,tag:daily_public,daily_public,1,0,0,0,room_loungewear
home girl,observatory_dome,observatory_dome,tag:leisure,leisure,1,0,0,0,room_loungewear
home girl,opera_house,opera_house,tag:leisure,leisure,1,0,0,0,room_loungewear
home girl,picnic_park,picnic_park,tag:daily_public,daily_public,1,0,0,0,room_loungewear
home girl,poolside_resort,poolside_resort,tag:leisure,leisure,1,0,0,0,room_loungewear
home girl,postal_service_counter,postal_service_counter,tag:retail_service,retail_service,1,0,0,0,room_loungewear
home girl,print_shop,print_shop,tag:retail_service,retail_service,1,0,0,0,room_loungewear
home girl,public_library_lobby,public_library_lobby,tag:daily_public,daily_public,1,0,0,0,room_loungewear
home girl,public_plaza,public_plaza,tag:leisure,leisure,1,0,0,0,room_loungewear
home girl,rainy_bus_stop,rainy_alley,tag:daily_public,daily_public,1,0,0,1,room_loungewear
home girl,recording_studio,recording_studio,tag:leisure,leisure,1,0,0,0,room_loungewear
home girl,riverside_walk,riverside_walk,tag:daily_public,daily_public,1,0,0,0,room_loungewear
home girl,rooftop_cafe,rooftop_cafe,tag:leisure,leisure,1,0,0,0,room_loungewear
home girl,rooftop_laundry_area,rooftop_laundry_area,tag:home_life,home_life,1,0,0,0,room_loungewear
home girl,rural_town_street,rural_town_street,tag:daily_public,daily_public,1,0,0,0,room_loungewear
home girl,school_library,school_library,tag:daily_public,daily_public,1,0,0,0,room_loungewear
home girl,shopping_arcade,shopping_arcade,tag:retail_service,retail_service,1,0,0,0,room_loungewear
home girl,shopping_mall_atrium,shopping_mall_atrium,tag:retail_service,retail_service,1,0,0,0,room_loungewear
home girl,stadium_court,stadium_court,tag:leisure,leisure,1,0,0,0,room_loungewear
home girl,street_cafe,street_cafe,tag:retail_service,retail_service,1,0,0,0,room_loungewear
home girl,suburban_neighborhood,suburban_neighborhood,tag:daily_public,daily_public,1,0,0,0,room_loungewear
home girl,supermarket_aisle,supermarket_aisle,tag:retail_service,retail_service,1,0,0,0,room_loungewear
home girl,tram_platform,tram_platform,tag:daily_public,daily_public,1,0,0,0,room_loungewear
home girl,tropical_beach,tropical_beach,tag:leisure,leisure,1,0,0,0,room_loungewear
home girl,underground_bar,underground_bar,tag:leisure,leisure,1,0,0,0,room_loungewear
home girl,wave_barrel,wave_barrel,tag:leisure,leisure,1,0,0,0,room_loungewear
home girl,winter_street,winter_street,tag:daily_public,daily_public,1,0,0,0,room_loungewear
home girl,yoga_studio,yoga_studio,tag:leisure,leisure,1,0,0,0,room_loungewear
idol performer,antique_shop,antique_shop,tag:retail_service,retail_service,1,0,0,0,idols_stage
idol performer,aquarium,aquarium,tag:leisure,leisure,1,0,0,0,idols_stage
idol performer,art_gallery,art_gallery,tag:leisure,leisure,1,0,0,0,idols_stage
idol performer,bakery_shop,bakery_shop,tag:retail_service,retail_service,1,0,0,0,idols_stage
idol performer,bedroom_boudoir,bedroom_boudoir,universal,,0,1,0,0,idols_stage
idol performer,bike_station,bike_station,tag:daily_public,daily_public,1,0,0,0,idols_stage
idol performer,botanical_garden,botanical_garden,tag:leisure,leisure,1,0,0,0,idols_stage
idol performer,bus_terminal,bus_terminal,tag:daily_public,daily_public,1,0,0,0,idols_stage
idol performer,canal_walkway,canal_walkway,tag:daily_public,daily_public,1,0,0,0,idols_stage
idol performer,cinema_lobby,cinema_lobby,tag:leisure,leisure,1,0,0,0,idols_stage
idol performer,clean_modern_kitchen,clean_modern_kitchen,universal,,0,1,0,0,idols_stage
idol performer,clinic_waiting_room,clinic_waiting_room,tag:daily_public,daily_public,1,0,0,0,idols_stage
idol performer,community_center,community_center,tag:daily_public,daily_public,1,0,0,0,idols_stage
idol performer,community_theater_backstage,community_theater_backstage,tag:leisure,leisure,1,0,0,0,idols_stage
idol performer,commuter_transport,commuter_transport,tag:daily_public,daily_public,1,0,0,0,idols_stage
idol performer,concert_stage,concert_stage,tag:leisure,leisure,1,0,0,0,idols_stage
idol performer,convenience_store,convenience_store,tag:retail_service,retail_service,1,0,0,0,idols_stage
idol performer,cozy_bookstore,cozy_bookstore,tag:retail_service,retail_service,1,0,0,0,idols_stage
idol performer,cozy_living_room,cozy_living_room,universal,,0,1,0,0,idols_stage
idol performer,neon_city_street,cyberpunk_street,tag:urban,urban,1,0,0,1,idols_stage
idol performer,drugstore_aisle,drugstore_aisle,tag:retail_service,retail_service,1,0,0,0,idols_stage
idol performer,family_restaurant,family_restaurant,tag:retail_service,retail_service,1,0,0,0,idols_stage
idol performer,fashion_boutique,fashion_boutique,tag:retail_service,retail_service,1,0,0,0,idols_stage
idol performer,ferry_terminal,ferry_terminal,tag:daily_public,daily_public,1,0,0,0,idols_stage
idol performer,fire_station,fire_station,tag:daily_public,daily_public,1,0,0,0,idols_stage
idol performer,fitness_gym,fitness_gym,tag:leisure,leisure,1,0,0,0,idols_stage
idol performer,flower_market,flower_market,tag:retail_service,retail_service,1,0,0,0,idols_stage
idol performer,food_court,food_court,tag:leisure,leisure,1,0,0,0,idols_stage
idol performer,game_arcade,game_arcade,tag:leisure,leisure,1,0,0,0,idols_stage
idol performer,greenhouse_nursery,greenhouse_nursery,tag:retail_service,retail_service,1,0,0,0,idols_stage
idol performer,illuminated_park,illuminated_park,tag:daily_public,daily_public,1,0,0,0,idols_stage
idol performer,karaoke_bar,karaoke_bar,tag:leisure,leisure,1,0,0,0,idols_stage
idol performer,local_market_street,local_market_street,tag:retail_service,retail_service,1,0,0,0,idols_stage
idol performer,luxury_hotel_lobby,luxury_hotel_lobby,tag:leisure,leisure,1,0,0,0,idols_stage
idol performer,luxury_hotel_room,luxury_hotel_room,tag:leisure,leisure,1,0,0,0,idols_stage
idol performer,mountain_resort,mountain_resort,tag:leisure,leisure,1,0,0,0,idols_stage
idol performer,museum_hall,museum_hall,tag:leisure,leisure,1,0,0,0,idols_stage
idol performer,neighborhood_crosswalk,neighborhood_crosswalk,tag:daily_public,daily_public,1,0,0,0,idols_stage
idol performer,neighborhood_playground,neighborhood_playground,tag:daily_public,daily_public,1,0,0,0,idols_stage
idol performer,observatory_dome,observatory_dome,tag:leisure,leisure,1,0,0,0,idols_stage
idol performer,opera_house,opera_house,tag:leisure,leisure,1,0,0,0,idols_stage
idol performer,picnic_park,picnic_park,tag:daily_public,daily_public,1,0,0,0,idols_stage
idol performer,poolside_resort,poolside_resort,tag:leisure,leisure,1,0,0,0,idols_stage
idol performer,postal_service_counter,postal_service_counter,tag:retail_service,retail_service,1,0,0,0,idols_stage
idol performer,print_shop,print_shop,tag:retail_service,retail_service,1,0,0,0,idols_stage
idol performer,public_library_lobby,public_library_lobby,tag:daily_public,daily_public,1,0,0,0,idols_stage
idol performer,public_plaza,public_plaza,tag:leisure,leisure,1,0,0,0,idols_stage
idol performer,rainy_bus_stop,rainy_alley,tag:daily_public,daily_public,1,0,0,1,idols_stage
idol performer,recording_studio,recording_studio,tag:leisure,leisure,1,0,0,0,idols_stage
idol performer,riverside_walk,riverside_walk,tag:daily_public,daily_public,1,0,0,0,idols_stage
idol performer,rooftop_cafe,rooftop_cafe,tag:leisure,leisure,1,0,0,0,idols_stage
idol performer,rural_town_street,rural_town_street,tag:daily_public,daily_public,1,0,0,0,idols_stage
idol performer,school_library,school_library,tag:daily_public,daily_public,1,0,0,0,idols_stage
idol performer,shopping_arcade,shopping_arcade,tag:retail_service,retail_service,1,0,0,0,idols_stage
idol performer,shopping_mall_atrium,shopping_mall_atrium,tag:retail_service,retail_service,1,0,0,0,idols_stage
idol performer,stadium_court,stadium_court,tag:leisure,leisure,1,0,0,0,idols_stage
idol performer,street_cafe,street_cafe,tag:retail_service,retail_service,1,0,0,0,idols_stage
idol performer,suburban_neighborhood,suburban_neighborhood,tag:daily_public,daily_public,1,0,0,0,idols_stage
idol performer,subway_ticket_gate,subway_ticket_gate,tag:urban,urban,1,0,0,0,idols_stage
idol performer,supermarket_aisle,supermarket_aisle,tag:retail_service,retail_service,1,0,0,0,idols_stage
idol performer,train_station_platform,train_station_platform,tag:urban,urban,1,0,0,0,idols_stage
idol performer,tram_platform,tram_platform,tag:daily_public,daily_public,1,0,0,0,idols_stage
idol performer,tropical_beach,tropical_beach,tag:leisure,leisure,1,0,0,0,idols_stage
idol performer,underground_bar,underground_bar,tag:leisure,leisure,1,0,0,0,idols_stage
idol performer,vehicle_repair_garage,vehicle_repair_garage,tag:urban,urban,1,0,0,0,idols_stage
idol performer,wave_barrel,wave_barrel,tag:leisure,leisure,1,0,0,0,idols_stage
idol performer,winter_street,winter_street,tag:daily_public,daily_public,1,0,0,0,idols_stage
idol performer,yoga_studio,yoga_studio,tag:leisure,leisure,1,0,0,0,idols_stage
injured knight,abandoned_shrine,abandoned_shrine,tag:nature,nature,1,0,0,0,fantasy_battle
injured knight,alien_planet,alien_planet,tag:fantasy,fantasy,1,0,0,0,fantasy_battle
injured knight,aquarium,aquarium,universal,,0,1,0,0,fantasy_battle
injured knight,art_gallery,art_gallery,universal,,0,1,0,0,fantasy_battle
injured knight,bamboo_forest,bamboo_forest,tag:nature,nature,1,0,0,0,fantasy_battle
injured knight,bedroom_boudoir,bedroom_boudoir,universal,,0,1,0,0,fantasy_battle
injured knight,botanical_garden,botanical_garden,universal,,0,1,0,0,fantasy_battle
injured knight,burning_battlefield,burning_battlefield,tag:fantasy,fantasy,1,0,0,0,fantasy_battle
injured knight,canal_walkway,canal_walkway,tag:nature,nature,1,0,0,0,fantasy_battle
injured knight,castle_hall,castle_hall,tag:fantasy,fantasy,1,0,0,0,fantasy_battle
injured knight,clean_modern_kitchen,clean_modern_kitchen,universal,,0,1,0,0,fantasy_battle
injured knight,community_garden,community_garden,tag:nature,nature,1,0,0,0,fantasy_battle
injured knight,cozy_living_room,cozy_living_room,universal,,0,1,0,0,fantasy_battle
injured knight,dragon_lair,dragon_lair,tag:fantasy,fantasy,1,0,0,0,fantasy_battle
injured knight,dungeon_crypt,dungeon_crypt,existing,,0,0,1,0,fantasy_battle
injured knight,enchanted_lake,enchanted_lake,tag:nature,nature,1,0,0,0,fantasy_battle
injured knight,fantasy_forest,fantasy_forest,tag:nature,nature,1,0,0,0,fantasy_battle
injured knight,flower_market,flower_market,tag:nature,nature,1,0,0,0,fantasy_battle
injured knight,forest_cabin,forest_cabin,tag:nature,nature,1,0,0,0,fantasy_battle
injured knight,greenhouse_nursery,greenhouse_nursery,tag:nature,nature,1,0,0,0,fantasy_battle
injured knight,illuminated_park,illuminated_park,universal,,0,1,0,0,fantasy_battle
injured knight,japanese_garden,japanese_garden,tag:nature,nature,1,0,0,0,fantasy_battle
injured knight,magic_academy_library,magic_academy_library,tag:fantasy,fantasy,1,0,0,0,fantasy_battle
injured knight,museum_hall,museum_hall,universal,,0,1,0,0,fantasy_battle
injured knight,picnic_park,picnic_park,universal,,0,1,0,0,fantasy_battle
injured knight,rainy_bus_stop,rainy_alley,universal,,0,1,0,1,fantasy_battle
injured knight,rural_town_street,rural_town_street,universal,,0,1,0,0,fantasy_battle
injured knight,school_library,school_library,universal,,0,1,0,0,fantasy_battle
injured knight,shinto_shrine,shinto_shrine,tag:nature,nature,1,0,0,0,fantasy_battle
injured knight,suburban_neighborhood,suburban_neighborhood,universal,,0,1,0,0,fantasy_battle
injured knight,tropical_beach,tropical_beach,tag:nature,nature,1,0,0,0,fantasy_battle
injured knight,wave_barrel,wave_barrel,tag:nature,nature,1,0,0,0,fantasy_battle
injured knight,winter_street,winter_street,universal,,0,1,0,0,fantasy_battle
inventor girl,steampunk_airship,airship_deck,tag:steampunk,steampunk,1,0,0,1,steampunk
inventor girl,alien_planet,alien_planet,tag:scifi,scifi,1,0,0,0,steampunk
inventor girl,antique_shop,antique_shop,tag:craft,craft,1,0,0,0,steampunk
inventor girl,aquarium,aquarium,universal,,0,1,0,0,steampunk
inventor girl,art_gallery,art_gallery,universal,,0,1,0,0,steampunk
inventor girl,bedroom_boudoir,bedroom_boudoir,universal,,0,1,0,0,steampunk
inventor girl,botanical_garden,botanical_garden,universal,,0,1,0,0,steampunk
inventor girl,clean_modern_kitchen,clean_modern_kitchen,universal,,0,1,0,0,steampunk
inventor girl,workshop,clockwork_workshop,existing,,0,0,1,1,steampunk
inventor girl,commuter_transport,commuter_transport,universal,,0,1,0,0,steampunk
inventor girl,cozy_bookstore,cozy_bookstore,universal,,0,1,0,0,steampunk
inventor girl,cozy_living_room,cozy_living_room,universal,,0,1,0,0,steampunk
inventor girl,cyber_lab,cyber_lab,tag:scifi,scifi,1,0,0,0,steampunk
inventor girl,neon_city_street,cyberpunk_street,tag:scifi,scifi,1,0,0,1,steampunk
inventor girl,design_studio,design_studio,tag:craft,craft,1,0,0,0,steampunk
inventor girl,high_tech_medbay,high_tech_medbay,tag:scifi,scifi,1,0,0,0,steampunk
inventor girl,illuminated_park,illuminated_park,universal,,0,1,0,0,steampunk
inventor girl,maker_space,maker_space,tag:scifi,scifi,1,0,0,0,steampunk
inventor girl,messy_copy_room,messy_copy_room,tag:craft,craft,1,0,0,0,steampunk
inventor girl,museum_hall,museum_hall,universal,,0,1,0,0,steampunk
inventor girl,observatory_dome,observatory_dome,tag:scifi,scifi,1,0,0,0,steampunk
inventor girl,picnic_park,picnic_park,universal,,0,1,0,0,steampunk
inventor girl,rainy_bus_stop,rainy_alley,universal,,0,1,0,1,steampunk
inventor girl,rural_town_street,rural_town_street,universal,,0,1,0,0,steampunk
inventor girl,school_library,school_library,universal,,0,1,0,0,steampunk
inventor girl,shopping_mall_atrium,shopping_mall_atrium,universal,,0,1,0,0,steampunk
inventor girl,spaceship_bridge,spaceship_bridge,tag:scifi,scifi,1,0,0,0,steampunk
inventor girl,starship_quarters,starship_quarters,tag:scifi,scifi,1,0,0,0,steampunk
inventor girl,street_cafe,street_cafe,universal,,0,1,0,0,steampunk
inventor girl,suburban_neighborhood,suburban_neighborhood,universal,,0,1,0,0,steampunk
inventor girl,vehicle_repair_garage,vehicle_repair_garage,tag:craft,craft,1,0,0,0,steampunk
inventor girl,winter_street,winter_street,universal,,0,1,0,0,steampunk
journalist,aquarium,aquarium,tag:daily_public,daily_public,1,0,0,0,office_lady
journalist,art_gallery,art_gallery,tag:daily_public,daily_public,1,0,0,0,office_lady
journalist,bakery_shop,bakery_shop,tag:urban,urban,1,0,0,0,office_lady
journalist,bedroom_boudoir,bedroom_boudoir,universal,,0,1,0,0,office_lady
journalist,bike_station,bike_station,tag:daily_public,daily_public,1,0,0,0,office_lady
journalist,boardroom,boardroom,tag:workplace,workplace,1,0,0,0,office_lady
journalist,botanical_garden,botanical_garden,tag:daily_public,daily_public,1,0,0,0,office_lady
journalist,bus_terminal,bus_terminal,tag:daily_public,daily_public,1,0,0,0,office_lady
journalist,canal_walkway,canal_walkway,tag:daily_public,daily_public,1,0,0,0,office_lady
journalist,cinema_lobby,cinema_lobby,tag:urban,urban,1,0,0,0,office_lady
journalist,clean_modern_kitchen,clean_modern_kitchen,universal,,0,1,0,0,office_lady
journalist,clinic_waiting_room,clinic_waiting_room,tag:daily_public,daily_public,1,0,0,0,office_lady
journalist,community_center,community_center,tag:daily_public,daily_public,1,0,0,0,office_lady
journalist,community_theater_backstage,community_theater_backstage,tag:workplace,workplace,1,0,0,0,office_lady
journalist,commuter_transport,commuter_transport,tag:daily_public,daily_public,1,0,0,0,office_lady
journalist,convenience_store,convenience_store,tag:urban,urban,1,0,0,0,office_lady
journalist,coworking_space,coworking_space,tag:workplace,workplace,1,0,0,0,office_lady
journalist,cozy_bookstore,cozy_bookstore,tag:daily_public,daily_public,1,0,0,0,office_lady
journalist,cozy_living_room,cozy_living_room,universal,,0,1,0,0,office_lady
journalist,neon_city_street,cyberpunk_street,tag:urban,urban,1,0,0,1,office_lady
journalist,design_studio,design_studio,tag:workplace,workplace,1,0,0,0,office_lady
journalist,drugstore_aisle,drugstore_aisle,tag:urban,urban,1,0,0,0,office_lady
journalist,family_restaurant,family_restaurant,tag:urban,urban,1,0,0,0,office_lady
journalist,fashion_boutique,fashion_boutique,tag:urban,urban,1,0,0,0,office_lady
journalist,ferry_terminal,ferry_terminal,tag:daily_public,daily_public,1,0,0,0,office_lady
journalist,fire_station,fire_station,tag:daily_public,daily_public,1,0,0,0,office_lady
journalist,flower_market,flower_market,existing,,0,0,1,0,office_lady
journalist,food_court,food_court,tag:urban,urban,1,0,0,0,office_lady
journalist,game_arcade,game_arcade,tag:urban,urban,1,0,0,0,office_lady
journalist,greenhouse_nursery,greenhouse_nursery,tag:workplace,workplace,1,0,0,0,office_lady
journalist,illuminated_park,illuminated_park,tag:daily_public,daily_public,1,0,0,0,office_lady
journalist,karaoke_bar,karaoke_bar,tag:urban,urban,1,0,0,0,office_lady
journalist,local_market_street,local_market_street,tag:daily_public,daily_public,1,0,0,0,office_lady
journalist,maker_space,maker_space,tag:workplace,workplace,1,0,0,0,office_lady
journalist,messy_copy_room,messy_copy_room,tag:workplace,workplace,1,0,0,0,office_lady
journalist,modern_office,modern_office,tag:workplace,workplace,1,0,0,0,office_lady
journalist,museum_hall,museum_hall,tag:daily_public,daily_public,1,0,0,0,office_lady
journalist,neighborhood_crosswalk,neighborhood_crosswalk,tag:daily_public,daily_public,1,0,0,0,office_lady
journalist,neighborhood_playground,neighborhood_playground,tag:daily_public,daily_public,1,0,0,0,office_lady
journalist,office_elevator,office_elevator,tag:workplace,workplace,1,0,0,0,office_lady
journalist,picnic_park,picnic_park,tag:daily_public,daily_public,1,0,0,0,office_lady
journalist,postal_service_counter,postal_service_counter,tag:daily_public,daily_public,1,0,0,0,office_lady
journalist,print_shop,print_shop,tag:workplace,workplace,1,0,0,0,office_lady
journalist,public_library_lobby,public_library_lobby,tag:daily_public,daily_public,1,0,0,0,office_lady
journalist,public_plaza,public_plaza,tag:daily_public,daily_public,1,0,0,0,office_lady
journalist,rainy_bus_stop,rainy_alley,tag:daily_public,daily_public,1,0,0,1,office_lady
journalist,riverside_walk,riverside_walk,tag:daily_public,daily_public,1,0,0,0,office_lady
journalist,rooftop_cafe,rooftop_cafe,tag:urban,urban,1,0,0,0,office_lady
journalist,rural_town_street,rural_town_street,tag:daily_public,daily_public,1,0,0,0,office_lady
journalist,school_library,school_library,tag:daily_public,daily_public,1,0,0,0,office_lady
journalist,shopping_arcade,shopping_arcade,tag:urban,urban,1,0,0,0,office_lady
journalist,shopping_mall_atrium,shopping_mall_atrium,tag:daily_public,daily_public,1,0,0,0,office_lady
journalist,street_cafe,street_cafe,tag:daily_public,daily_public,1,0,0,0,office_lady
journalist,suburban_neighborhood,suburban_neighborhood,tag:daily_public,daily_public,1,0,0,0,office_lady
journalist,subway_ticket_gate,subway_ticket_gate,tag:urban,urban,1,0,0,0,office_lady
journalist,supermarket_aisle,supermarket_aisle,tag:urban,urban,1,0,0,0,office_lady
journalist,surveillance_room,surveillance_room,tag:workplace,workplace,1,0,0,0,office_lady
journalist,train_station_platform,train_station_platform,tag:workplace,workplace,1,0,0,0,office_lady
journalist,tram_platform,tram_platform,tag:daily_public,daily_public,1,0,0,0,office_lady
journalist,underground_bar,underground_bar,tag:urban,urban,1,0,0,0,office_lady
journalist,vehicle_repair_garage,vehicle_repair_garage,tag:workplace,workplace,1,0,0,0,office_lady
journalist,winter_street,winter_street,tag:daily_public,daily_public,1,0,0,0,office_lady
kendo girl,abandoned_shrine,abandoned_shrine,tag:nature,nature,1,0,0,0,traditional_japanese
kendo girl,antique_shop,antique_shop,tag:quiet_indoor,quiet_indoor,1,0,0,0,traditional_japanese
kendo girl,aquarium,aquarium,tag:quiet_indoor,quiet_indoor,1,0,0,0,traditional_japanese
kendo girl,art_gallery,art_gallery,tag:quiet_indoor,quiet_indoor,1,0,0,0,traditional_japanese
kendo girl,bamboo_forest,bamboo_forest,tag:nature,nature,1,0,0,0,traditional_japanese
kendo girl,bedroom_boudoir,bedroom_boudoir,universal,,0,1,0,0,traditional_japanese
kendo girl,bike_station,bike_station,tag:transit,transit,1,0,0,0,traditional_japanese
kendo girl,botanical_garden,botanical_garden,tag:daily_public,daily_public,1,0,0,0,traditional_japanese
kendo girl,bus_terminal,bus_terminal,tag:transit,transit,1,0,0,0,traditional_japanese
kendo girl,campus_cafeteria,campus_cafeteria,tag:school,school,1,0,0,0,traditional_japanese
kendo girl,campus_hallway,campus_hallway,tag:school,school,1,0,0,0,traditional_japanese
kendo girl,canal_walkway,canal_walkway,tag:daily_public,daily_public,1,0,0,0,traditional_japanese
kendo girl,clean_modern_kitchen,clean_modern_kitchen,universal,,0,1,0,0,traditional_japanese
kendo girl,clinic_waiting_room,clinic_waiting_room,tag:quiet_indoor,quiet_indoor,1,0,0,0,traditional_japanese
kendo girl,community_center,community_center,tag:daily_public,daily_public,1,0,0,0,traditional_japanese
kendo girl,community_garden,community_garden,tag:nature,nature,1,0,0,0,traditional_japanese
kendo girl,commuter_transport,commuter_transport,tag:transit,transit,1,0,0,0,traditional_japanese
kendo girl,cozy_bookstore,cozy_bookstore,tag:quiet_indoor,quiet_indoor,1,0,0,0,traditional_japanese
kendo girl,cozy_living_room,cozy_living_room,universal,,0,1,0,0,traditional_japanese
kendo girl,design_studio,design_studio,tag:quiet_indoor,quiet_indoor,1,0,0,0,traditional_japanese
kendo girl,enchanted_lake,enchanted_lake,tag:nature,nature,1,0,0,0,traditional_japanese
kendo girl,fantasy_forest,fantasy_forest,tag:nature,nature,1,0,0,0,traditional_japanese
kendo girl,ferry_terminal,ferry_terminal,tag:transit,transit,1,0,0,0,traditional_japanese
kendo girl,fire_station,fire_station,tag:daily_public,daily_public,1,0,0,0,traditional_japanese
kendo girl,flower_market,flower_market,tag:nature,nature,1,0,0,0,traditional_japanese
kendo girl,forest_cabin,forest_cabin,tag:nature,nature,1,0,0,0,traditional_japanese
kendo girl,greenhouse_nursery,greenhouse_nursery,tag:nature,nature,1,0,0,0,traditional_japanese
kendo girl,illuminated_park,illuminated_park,tag:daily_public,daily_public,1,0,0,0,traditional_japanese
kendo girl,japanese_garden,japanese_garden,tag:nature,nature,1,0,0,0,traditional_japanese
kendo girl,local_market_street,local_market_street,tag:daily_public,daily_public,1,0,0,0,traditional_japanese
kendo girl,museum_hall,museum_hall,tag:quiet_indoor,quiet_indoor,1,0,0,0,traditional_japanese
kendo girl,neighborhood_crosswalk,neighborhood_crosswalk,tag:transit,transit,1,0,0,0,traditional_japanese
kendo girl,neighborhood_playground,neighborhood_playground,tag:daily_public,daily_public,1,0,0,0,traditional_japanese
kendo girl,observatory_dome,observatory_dome,tag:quiet_indoor,quiet_indoor,1,0,0,0,traditional_japanese
kendo girl,picnic_park,picnic_park,tag:daily_public,daily_public,1,0,0,0,traditional_japanese
kendo girl,postal_service_counter,postal_service_counter,tag:daily_public,daily_public,1,0,0,0,traditional_japanese
kendo girl,public_library_lobby,public_library_lobby,tag:quiet_indoor,quiet_indoor,1,0,0,0,traditional_japanese
kendo girl,public_plaza,public_plaza,tag:daily_public,daily_public,1,0,0,0,traditional_japanese
kendo girl,rainy_bus_stop,rainy_alley,tag:transit,transit,1,0,0,1,traditional_japanese
kendo girl,riverside_walk,riverside_walk,tag:daily_public,daily_public,1,0,0,0,traditional_japanese
kendo girl,rural_town_street,rural_town_street,tag:daily_public,daily_public,1,0,0,0,traditional_japanese
kendo girl,school_classroom,school_classroom,tag:school,school,1,0,0,0,traditional_japanese
kendo girl,school_clubroom,school_clubroom,tag:quiet_indoor,quiet_indoor,1,0,0,0,traditional_japanese
kendo girl,school_gym_hall,school_gym_hall,existing,,0,0,1,0,traditional_japanese
kendo girl,school_library,school_library,tag:quiet_indoor,quiet_indoor,1,0,0,0,traditional_japanese
kendo girl,school_rooftop,school_rooftop,tag:school,school,1,0,0,0,traditional_japanese
kendo girl,shinto_shrine,shinto_shrine,tag:nature,nature,1,0,0,0,traditional_japanese
kendo girl,shopping_mall_atrium,shopping_mall_atrium,tag:daily_public,daily_public,1,0,0,0,traditional_japanese
kendo girl,street_cafe,street_cafe,tag:daily_public,daily_public,1,0,0,0,traditional_japanese
kendo girl,suburban_neighborhood,suburban_neighborhood,tag:daily_public,daily_public,1,0,0,0,traditional_japanese
kendo girl,subway_ticket_gate,subway_ticket_gate,tag:transit,transit,1,0,0,0,traditional_japanese
kendo girl,tea_room,tea_room,tag:quiet_indoor,quiet_indoor,1,0,0,0,traditional_japanese
kendo girl,train_station_platform,train_station_platform,tag:transit,transit,1,0,0,0,traditional_japanese
kendo girl,tram_platform,tram_platform,tag:transit,transit,1,0,0,0,traditional_japanese
kendo girl,tropical_beach,tropical_beach,tag:nature,nature,1,0,0,0,traditional_japanese
kendo girl,university_campus_courtyard,university_campus_courtyard,tag:school,school,1,0,0,0,traditional_japanese
kendo girl,wave_barrel,wave_barrel,tag:nature,nature,1,0,0,0,traditional_japanese
kendo girl,winter_street,winter_street,tag:daily_public,daily_public,1,0,0,0,traditional_japanese
late shopper,antique_shop,antique_shop,tag:retail_service,retail_service,1,0,0,0,urban_shopping
late shopper,aquarium,aquarium,tag:leisure,leisure,1,0,0,0,urban_shopping
late shopper,art_gallery,art_gallery,tag:leisure,leisure,1,0,0,0,urban_shopping
late shopper,bakery_shop,bakery_shop,tag:retail_service,retail_service,1,0,0,0,urban_shopping
late shopper,bedroom_boudoir,bedroom_boudoir,universal,,0,1,0,0,urban_shopping
late shopper,bike_station,bike_station,tag:daily_public,daily_public,1,0,0,0,urban_shopping
late shopper,botanical_garden,botanical_garden,tag:leisure,leisure,1,0,0,0,urban_shopping
late shopper,bus_terminal,bus_terminal,tag:daily_public,daily_public,1,0,0,0,urban_shopping
late shopper,canal_walkway,canal_walkway,tag:daily_public,daily_public,1,0,0,0,urban_shopping
late shopper,cinema_lobby,cinema_lobby,tag:leisure,leisure,1,0,0,0,urban_shopping
late shopper,clean_modern_kitchen,clean_modern_kitchen,universal,,0,1,0,0,urban_shopping
late shopper,clinic_waiting_room,clinic_waiting_room,tag:daily_public,daily_public,1,0,0,0,urban_shopping
late shopper,community_center,community_center,tag:daily_public,daily_public,1,0,0,0,urban_shopping
late shopper,community_garden,community_garden,tag:suburban,suburban,1,0,0,0,urban_shopping
late shopper,community_theater_backstage,community_theater_backstage,tag:leisure,leisure,1,0,0,0,urban_shopping
late shopper,commuter_transport,commuter_transport,tag:daily_public,daily_public,1,0,0,0,urban_shopping
late shopper,concert_stage,concert_stage,tag:leisure,leisure,1,0,0,0,urban_shopping
late shopper,convenience_store,convenience_store,tag:retail_service,retail_service,1,0,0,0,urban_shopping
late shopper,cozy_bookstore,cozy_bookstore,tag:retail_service,retail_service,1,0,0,0,urban_shopping
late shopper,cozy_living_room,cozy_living_room,universal,,0,1,0,0,urban_shopping
late shopper,neon_city_street,cyberpunk_street,tag:urban,urban,1,0,0,1,urban_shopping
late shopper,drugstore_aisle,drugstore_aisle,tag:retail_service,retail_service,1,0,0,0,urban_shopping
late shopper,family_restaurant,family_restaurant,tag:retail_service,retail_service,1,0,0,0,urban_shopping
late shopper,fashion_boutique,fashion_boutique,tag:retail_service,retail_service,1,0,0,0,urban_shopping
late shopper,ferry_terminal,ferry_terminal,tag:daily_public,daily_public,1,0,0,0,urban_shopping
late shopper,fire_station,fire_station,tag:daily_public,daily_public,1,0,0,0,urban_shopping
late shopper,fitness_gym,fitness_gym,tag:leisure,leisure,1,0,0,0,urban_shopping
late shopper,flower_market,flower_market,tag:retail_service,retail_service,1,0,0,0,urban_shopping
late shopper,food_court,food_court,tag:leisure,leisure,1,0,0,0,urban_shopping
late shopper,game_arcade,game_arcade,tag:leisure,leisure,1,0,0,0,urban_shopping
late shopper,greenhouse_nursery,greenhouse_nursery,tag:retail_service,retail_service,1,0,0,0,urban_shopping
late shopper,illuminated_park,illuminated_park,tag:daily_public,daily_public,1,0,0,0,urban_shopping
late shopper,karaoke_bar,karaoke_bar,tag:leisure,leisure,1,0,0,0,urban_shopping
late shopper,local_market_street,local_market_street,tag:retail_service,retail_service,1,0,0,0,urban_shopping
late shopper,luxury_hotel_lobby,luxury_hotel_lobby,tag:leisure,leisure,1,0,0,0,urban_shopping
late shopper,luxury_hotel_room,luxury_hotel_room,tag:leisure,leisure,1,0,0,0,urban_shopping
late shopper,mountain_resort,mountain_resort,tag:leisure,leisure,1,0,0,0,urban_shopping
late shopper,museum_hall,museum_hall,tag:leisure,leisure,1,0,0,0,urban_shopping
late shopper,neighborhood_crosswalk,neighborhood_crosswalk,tag:daily_public,daily_public,1,0,0,0,urban_shopping
late shopper,neighborhood_playground,neighborhood_playground,tag:daily_public,daily_public,1,0,0,0,urban_shopping
late shopper,observatory_dome,observatory_dome,tag:leisure,leisure,1,0,0,0,urban_shopping
late shopper,opera_house,opera_house,tag:leisure,leisure,1,0,0,0,urban_shopping
late shopper,picnic_park,picnic_park,tag:daily_public,daily_public,1,0,0,0,urban_shopping
late shopper,poolside_resort,poolside_resort,tag:leisure,leisure,1,0,0,0,urban_shopping
late shopper,postal_service_counter,postal_service_counter,tag:retail_service,retail_service,1,0,0,0,urban_shopping
late shopper,print_shop,print_shop,tag:retail_service,retail_service,1,0,0,0,urban_shopping
late shopper,public_library_lobby,public_library_lobby,tag:daily_public,daily_public,1,0,0,0,urban_shopping
late shopper,public_plaza,public_plaza,tag:leisure,leisure,1,0,0,0,urban_shopping
late shopper,rainy_bus_stop,rainy_alley,tag:daily_public,daily_public,1,0,0,1,urban_shopping
late shopper,recording_studio,recording_studio,tag:leisure,leisure,1,0,0,0,urban_shopping
late shopper,riverside_walk,riverside_walk,tag:daily_public,daily_public,1,0,0,0,urban_shopping
late shopper,rooftop_cafe,rooftop_cafe,tag:leisure,leisure,1,0,0,0,urban_shopping
late shopper,rural_town_street,rural_town_street,tag:daily_public,daily_public,1,0,0,0,urban_shopping
late shopper,school_library,school_library,tag:daily_public,daily_public,1,0,0,0,urban_shopping
late shopper,shopping_arcade,shopping_arcade,tag:retail_service,retail_service,1,0,0,0,urban_shopping
late shopper,shopping_mall_atrium,shopping_mall_atrium,tag:retail_service,retail_service,1,0,0,0,urban_shopping
late shopper,stadium_court,stadium_court,tag:leisure,leisure,1,0,0,0,urban_shopping
late shopper,street_cafe,street_cafe,tag:retail_service,retail_service,1,0,0,0,urban_shopping
late shopper,suburban_neighborhood,suburban_neighborhood,tag:daily_public,daily_public,1,0,0,0,urban_shopping
late shopper,subway_ticket_gate,subway_ticket_gate,tag:urban,urban,1,0,0,0,urban_shopping
late shopper,supermarket_aisle,supermarket_aisle,tag:retail_service,retail_service,1,0,0,0,urban_shopping
late shopper,train_station_platform,train_station_platform,tag:urban,urban,1,0,0,0,urban_shopping
late shopper,tram_platform,tram_platform,tag:daily_public,daily_public,1,0,0,0,urban_shopping
late shopper,tropical_beach,tropical_beach,tag:leisure,leisure,1,0,0,0,urban_shopping
late shopper,underground_bar,underground_bar,tag:leisure,leisure,1,0,0,0,urban_shopping
late shopper,vehicle_repair_garage,vehicle_repair_garage,tag:urban,urban,1,0,0,0,urban_shopping
late shopper,wave_barrel,wave_barrel,tag:leisure,leisure,1,0,0,0,urban_shopping
late shopper,winter_street,winter_street,tag:daily_public,daily_public,1,0,0,0,urban_shopping
late shopper,yoga_studio,yoga_studio,tag:leisure,leisure,1,0,0,0,urban_shopping
laundry day girl,apartment_balcony,apartment_balcony,tag:domestic,domestic,1,0,0,0,room_loungewear
laundry day girl,apartment_entryway,apartment_entryway,tag:domestic,domestic,1,0,0,0,room_loungewear
laundry day girl,aquarium,aquarium,tag:daily_public,daily_public,1,0,0,0,room_loungewear
laundry day girl,art_gallery,art_gallery,tag:daily_public,daily_public,1,0,0,0,room_loungewear
laundry day girl,bedroom_boudoir,bedroom_boudoir,tag:domestic,domestic,1,0,0,0,room_loungewear
laundry day girl,bike_station,bike_station,tag:daily_public,daily_public,1,0,0,0,room_loungewear
laundry day girl,botanical_garden,botanical_garden,tag:daily_public,daily_public,1,0,0,0,room_loungewear
laundry day girl,bus_terminal,bus_terminal,tag:daily_public,daily_public,1,0,0,0,room_loungewear
laundry day girl,canal_walkway,canal_walkway,tag:daily_public,daily_public,1,0,0,0,room_loungewear
laundry day girl,clean_modern_kitchen,clean_modern_kitchen,tag:domestic,domestic,1,0,0,0,room_loungewear
laundry day girl,clinic_waiting_room,clinic_waiting_room,tag:daily_public,daily_public,1,0,0,0,room_loungewear
laundry day girl,community_center,community_center,tag:daily_public,daily_public,1,0,0,0,room_loungewear
laundry day girl,community_garden,community_garden,tag:domestic,domestic,1,0,0,0,room_loungewear
laundry day girl,commuter_transport,commuter_transport,tag:daily_public,daily_public,1,0,0,0,room_loungewear
laundry day girl,cozy_bookstore,cozy_bookstore,tag:daily_public,daily_public,1,0,0,0,room_loungewear
laundry day girl,cozy_living_room,cozy_living_room,tag:domestic,domestic,1,0,0,0,room_loungewear
laundry day girl,ferry_terminal,ferry_terminal,tag:daily_public,daily_public,1,0,0,0,room_loungewear
laundry day girl,fire_station,fire_station,tag:daily_public,daily_public,1,0,0,0,room_loungewear
laundry day girl,forest_cabin,forest_cabin,tag:domestic,domestic,1,0,0,0,room_loungewear
laundry day girl,illuminated_park,illuminated_park,tag:daily_public,daily_public,1,0,0,0,room_loungewear
laundry day girl,laundromat,laundromat,tag:domestic,domestic,1,0,0,0,room_loungewear
laundry day girl,local_market_street,local_market_street,tag:daily_public,daily_public,1,0,0,0,room_loungewear
laundry day girl,museum_hall,museum_hall,tag:daily_public,daily_public,1,0,0,0,room_loungewear
laundry day girl,neighborhood_crosswalk,neighborhood_crosswalk,tag:daily_public,daily_public,1,0,0,0,room_loungewear
laundry day girl,neighborhood_playground,neighborhood_playground,tag:daily_public,daily_public,1,0,0,0,room_loungewear
laundry day girl,picnic_park,picnic_park,tag:daily_public,daily_public,1,0,0,0,room_loungewear
laundry day girl,postal_service_counter,postal_service_counter,tag:daily_public,daily_public,1,0,0,0,room_loungewear
laundry day girl,public_library_lobby,public_library_lobby,tag:daily_public,daily_public,1,0,0,0,room_loungewear
laundry day girl,public_plaza,public_plaza,tag:daily_public,daily_public,1,0,0,0,room_loungewear
laundry day girl,rainy_bus_stop,rainy_alley,tag:daily_public,daily_public,1,0,0,1,room_loungewear
laundry day girl,riverside_walk,riverside_walk,tag:daily_public,daily_public,1,0,0,0,room_loungewear
laundry day girl,rooftop_laundry_area,rooftop_laundry_area,tag:domestic,domestic,1,0,0,0,room_loungewear
laundry day girl,rural_town_street,rural_town_street,tag:daily_public,daily_public,1,0,0,0,room_loungewear
laundry day girl,school_library,school_library,tag:daily_public,daily_public,1,0,0,0,room_loungewear
laundry day girl,shopping_mall_atrium,shopping_mall_atrium,tag:daily_public,daily_public,1,0,0,0,room_loungewear
laundry day girl,street_cafe,street_cafe,tag:daily_public,daily_public,1,0,0,0,room_loungewear
laundry day girl,suburban_neighborhood,suburban_neighborhood,tag:daily_public,daily_public,1,0,0,0,room_loungewear
laundry day girl,tram_platform,tram_platform,tag:daily_public,daily_public,1,0,0,0,room_loungewear
laundry day girl,winter_street,winter_street,tag:daily_public,daily_public,1,0,0,0,room_loungewear
library girl,antique_shop,antique_shop,tag:retail_service,retail_service,1,0,0,0,school_uniform
library girl,aquarium,aquarium,tag:leisure,leisure,1,0,0,0,school_uniform
library girl,art_gallery,art_gallery,tag:leisure,leisure,1,0,0,0,school_uniform
library girl,bakery_shop,bakery_shop,tag:retail_service,retail_service,1,0,0,0,school_uniform
library girl,bedroom_boudoir,bedroom_boudoir,universal,,0,1,0,0,school_uniform
library girl,bike_station,bike_station,tag:transit,transit,1,0,0,0,school_uniform
library girl,botanical_garden,botanical_garden,tag:leisure,leisure,1,0,0,0,school_uniform
library girl,bus_terminal,bus_terminal,tag:transit,transit,1,0,0,0,school_uniform
library girl,campus_cafeteria,campus_cafeteria,tag:school,school,1,0,0,0,school_uniform
library girl,campus_hallway,campus_hallway,tag:school,school,1,0,0,0,school_uniform
library girl,canal_walkway,canal_walkway,tag:daily_public,daily_public,1,0,0,0,school_uniform
library girl,cinema_lobby,cinema_lobby,tag:leisure,leisure,1,0,0,0,school_uniform
library girl,clean_modern_kitchen,clean_modern_kitchen,universal,,0,1,0,0,school_uniform
library girl,clinic_waiting_room,clinic_waiting_room,tag:quiet_indoor,quiet_indoor,1,0,0,0,school_uniform
library girl,community_center,community_center,tag:daily_public,daily_public,1,0,0,0,school_uniform
library girl,community_garden,community_garden,tag:suburban,suburban,1,0,0,0,school_uniform
library girl,community_theater_backstage,community_theater_backstage,tag:leisure,leisure,1,0,0,0,school_uniform
library girl,commuter_transport,commuter_transport,tag:transit,transit,1,0,0,0,school_uniform
library girl,concert_stage,concert_stage,tag:leisure,leisure,1,0,0,0,school_uniform
library girl,convenience_store,convenience_store,tag:retail_service,retail_service,1,0,0,0,school_uniform
library girl,cozy_bookstore,cozy_bookstore,tag:retail_service,retail_service,1,0,0,0,school_uniform
library girl,cozy_living_room,cozy_living_room,universal,,0,1,0,0,school_uniform
library girl,design_studio,design_studio,tag:quiet_indoor,quiet_indoor,1,0,0,0,school_uniform
library girl,drugstore_aisle,drugstore_aisle,tag:retail_service,retail_service,1,0,0,0,school_uniform
library girl,family_restaurant,family_restaurant,tag:retail_service,retail_service,1,0,0,0,school_uniform
library girl,fashion_boutique,fashion_boutique,tag:retail_service,retail_service,1,0,0,0,school_uniform
library girl,ferry_terminal,ferry_terminal,tag:transit,transit,1,0,0,0,school_uniform
library girl,fire_station,fire_station,tag:daily_public,daily_public,1,0,0,0,school_uniform
library girl,fitness_gym,fitness_gym,tag:leisure,leisure,1,0,0,0,school_uniform
library girl,flower_market,flower_market,tag:retail_service,retail_service,1,0,0,0,school_uniform
library girl,food_court,food_court,tag:leisure,leisure,1,0,0,0,school_uniform
library girl,game_arcade,game_arcade,tag:leisure,leisure,1,0,0,0,school_uniform
library girl,greenhouse_nursery,greenhouse_nursery,tag:retail_service,retail_service,1,0,0,0,school_uniform
library girl,illuminated_park,illuminated_park,tag:daily_public,daily_public,1,0,0,0,school_uniform
library girl,karaoke_bar,karaoke_bar,tag:leisure,leisure,1,0,0,0,school_uniform
library girl,local_market_street,local_market_street,tag:retail_service,retail_service,1,0,0,0,school_uniform
library girl,luxury_hotel_lobby,luxury_hotel_lobby,tag:leisure,leisure,1,0,0,0,school_uniform
library girl,luxury_hotel_room,luxury_hotel_room,tag:leisure,leisure,1,0,0,0,school_uniform
library girl,mountain_resort,mountain_resort,tag:leisure,leisure,1,0,0,0,school_uniform
library girl,museum_hall,museum_hall,tag:leisure,leisure,1,0,0,0,school_uniform
library girl,neighborhood_crosswalk,neighborhood_crosswalk,tag:transit,transit,1,0,0,0,school_uniform
library girl,neighborhood_playground,neighborhood_playground,tag:daily_public,daily_public,1,0,0,0,school_uniform
library girl,observatory_dome,observatory_dome,tag:leisure,leisure,1,0,0,0,school_uniform
library girl,opera_house,opera_house,tag:leisure,leisure,1,0,0,0,school_uniform
library girl,picnic_park,picnic_park,tag:daily_public,daily_public,1,0,0,0,school_uniform
library girl,poolside_resort,poolside_resort,tag:leisure,leisure,1,0,0,0,school_uniform
library girl,postal_service_counter,postal_service_counter,tag:retail_service,retail_service,1,0,0,0,school_uniform
library girl,print_shop,print_shop,tag:retail_service,retail_service,1,0,0,0,school_uniform
library girl,public_library_lobby,public_library_lobby,tag:quiet_indoor,quiet_indoor,1,0,0,0,school_uniform
library girl,public_plaza,public_plaza,tag:leisure,leisure,1,0,0,0,school_uniform
library girl,rainy_bus_stop,rainy_alley,tag:transit,transit,1,0,0,1,school_uniform
library girl,recording_studio,recording_studio,tag:leisure,leisure,1,0,0,0,school_uniform
library girl,riverside_walk,riverside_walk,tag:daily_public,daily_public,1,0,0,0,school_uniform
library girl,rooftop_cafe,rooftop_cafe,tag:leisure,leisure,1,0,0,0,school_uniform
library girl,rural_town_street,rural_town_street,tag:daily_public,daily_public,1,0,0,0,school_uniform
library girl,school_classroom,school_classroom,tag:school,school,1,0,0,0,school_uniform
library girl,school_clubroom,school_clubroom,tag:quiet_indoor,quiet_indoor,1,0,0,0,school_uniform
library girl,school_gym_hall,school_gym_hall,tag:school,school,1,0,0,0,school_uniform
library girl,school_library,school_library,existing,,0,0,1,0,school_uniform
library girl,school_rooftop,school_rooftop,tag:school,school,1,0,0,0,school_uniform
library girl,shopping_arcade,shopping_arcade,tag:retail_service,retail_service,1,0,0,0,school_uniform
library girl,shopping_mall_atrium,shopping_mall_atrium,tag:retail_service,retail_service,1,0,0,0,school_uniform
library girl,stadium_court,stadium_court,tag:leisure,leisure,1,0,0,0,school_uniform
library girl,street_cafe,street_cafe,tag:retail_service,retail_service,1,0,0,0,school_uniform
library girl,suburban_neighborhood,suburban_neighborhood,tag:daily_public,daily_public,1,0,0,0,school_uniform
library girl,subway_ticket_gate,subway_ticket_gate,tag:transit,transit,1,0,0,0,school_uniform
library girl,supermarket_aisle,supermarket_aisle,tag:retail_service,retail_service,1,0,0,0,school_uniform
library girl,tea_room,tea_room,tag:quiet_indoor,quiet_indoor,1,0,0,0,school_uniform
library girl,train_station_platform,train_station_platform,tag:transit,transit,1,0,0,0,school_uniform
library girl,tram_platform,tram_platform,tag:transit,transit,1,0,0,0,school_uniform
library girl,tropical_beach,tropical_beach,tag:leisure,leisure,1,0,0,0,school_uniform
library girl,underground_bar,underground_bar,tag:leisure,leisure,1,0,0,0,school_uniform
library girl,university_campus_courtyard,university_campus_courtyard,tag:school,school,1,0,0,0,school_uniform
library girl,wave_barrel,wave_barrel,tag:leisure,leisure,1,0,0,0,school_uniform
library girl,winter_street,winter_street,tag:daily_public,daily_public,1,0,0,0,school_uniform
library girl,yoga_studio,yoga_studio,tag:leisure,leisure,1,0,0,0,school_uniform
library visitor,antique_shop,antique_shop,tag:retail_service,retail_service,1,0,0,0,cozy_cafe
library visitor,aquarium,aquarium,tag:leisure,leisure,1,0,0,0,cozy_cafe
library visitor,art_gallery,art_gallery,tag:leisure,leisure,1,0,0,0,cozy_cafe
library visitor,bakery_shop,bakery_shop,tag:retail_service,retail_service,1,0,0,0,cozy_cafe
library visitor,bedroom_boudoir,bedroom_boudoir,universal,,0,1,0,0,cozy_cafe
library visitor,bike_station,bike_station,tag:transit,transit,1,0,0,0,cozy_cafe
library visitor,botanical_garden,botanical_garden,tag:leisure,leisure,1,0,0,0,cozy_cafe
library visitor,bus_terminal,bus_terminal,tag:transit,transit,1,0,0,0,cozy_cafe
library visitor,campus_cafeteria,campus_cafeteria,tag:school,school,1,0,0,0,cozy_cafe
library visitor,campus_hallway,campus_hallway,tag:school,school,1,0,0,0,cozy_cafe
library visitor,canal_walkway,canal_walkway,tag:daily_public,daily_public,1,0,0,0,cozy_cafe
library visitor,cinema_lobby,cinema_lobby,tag:leisure,leisure,1,0,0,0,cozy_cafe
library visitor,clean_modern_kitchen,clean_modern_kitchen,universal,,0,1,0,0,cozy_cafe
library visitor,clinic_waiting_room,clinic_waiting_room,tag:quiet_indoor,quiet_indoor,1,0,0,0,cozy_cafe
library visitor,community_center,community_center,tag:daily_public,daily_public,1,0,0,0,cozy_cafe
library visitor,community_garden,community_garden,tag:suburban,suburban,1,0,0,0,cozy_cafe
library visitor,community_theater_backstage,community_theater_backstage,tag:leisure,leisure,1,0,0,0,cozy_cafe
library visitor,commuter_transport,commuter_transport,tag:transit,transit,1,0,0,0,cozy_cafe
library visitor,concert_stage,concert_stage,tag:leisure,leisure,1,0,0,0,cozy_cafe
library visitor,convenience_store,convenience_store,tag:retail_service,retail_service,1,0,0,0,cozy_cafe
library visitor,cozy_bookstore,cozy_bookstore,tag:retail_service,retail_service,1,0,0,0,cozy_cafe
library visitor,cozy_living_room,cozy_living_room,universal,,0,1,0,0,cozy_cafe
library visitor,neon_city_street,cyberpunk_street,tag:urban,urban,1,0,0,1,cozy_cafe
library visitor,design_studio,design_studio,tag:quiet_indoor,quiet_indoor,1,0,0,0,cozy_cafe
library visitor,drugstore_aisle,drugstore_aisle,tag:retail_service,retail_service,1,0,0,0,cozy_cafe
library visitor,family_restaurant,family_restaurant,tag:retail_service,retail_service,1,0,0,0,cozy_cafe
library visitor,fashion_boutique,fashion_boutique,tag:retail_service,retail_service,1,0,0,0,cozy_cafe
library visitor,ferry_terminal,ferry_terminal,tag:transit,transit,1,0,0,0,cozy_cafe
library visitor,fire_station,fire_station,tag:daily_public,daily_public,1,0,0,0,cozy_cafe
library visitor,fitness_gym,fitness_gym,tag:leisure,leisure,1,0,0,0,cozy_cafe
library visitor,flower_market,flower_market,tag:retail_service,retail_service,1,0,0,0,cozy_cafe
library visitor,food_court,food_court,tag:leisure,leisure,1,0,0,0,cozy_cafe
library visitor,game_arcade,game_arcade,tag:leisure,leisure,1,0,0,0,cozy_cafe
library visitor,greenhouse_nursery,greenhouse_nursery,tag:retail_service,retail_service,1,0,0,0,cozy_cafe
library visitor,illuminated_park,illuminated_park,tag:daily_public,daily_public,1,0,0,0,cozy_cafe
library visitor,karaoke_bar,karaoke_bar,tag:leisure,leisure,1,0,0,0,cozy_cafe
library visitor,local_market_street,local_market_street,tag:retail_service,retail_service,1,0,0,0,cozy_cafe
library visitor,luxury_hotel_lobby,luxury_hotel_lobby,tag:leisure,leisure,1,0,0,0,cozy_cafe
library visitor,luxury_hotel_room,luxury_hotel_room,tag:leisure,leisure,1,0,0,0,cozy_cafe
library visitor,mountain_resort,mountain_resort,tag:leisure,leisure,1,0,0,0,cozy_cafe
library visitor,museum_hall,museum_hall,tag:leisure,leisure,1,0,0,0,cozy_cafe
library visitor,neighborhood_crosswalk,neighborhood_crosswalk,tag:transit,transit,1,0,0,0,cozy_cafe
library visitor,neighborhood_playground,neighborhood_playground,tag:daily_public,daily_public,1,0,0,0,cozy_cafe
library visitor,observatory_dome,observatory_dome,tag:leisure,leisure,1,0,0,0,cozy_cafe
library visitor,opera_house,opera_house,tag:leisure,leisure,1,0,0,0,cozy_cafe
library visitor,picnic_park,picnic_park,tag:daily_public,daily_public,1,0,0,0,cozy_cafe
library visitor,poolside_resort,poolside_resort,tag:leisure,leisure,1,0,0,0,cozy_cafe
library visitor,postal_service_counter,postal_service_counter,tag:retail_service,retail_service,1,0,0,0,cozy_cafe
library visitor,print_shop,print_shop,tag:retail_service,retail_service,1,0,0,0,cozy_cafe
library visitor,public_library_lobby,public_library_lobby,tag:quiet_indoor,quiet_indoor,1,0,0,0,cozy_cafe
library visitor,public_plaza,public_plaza,tag:leisure,leisure,1,0,0,0,cozy_cafe
library visitor,rainy_bus_stop,rainy_alley,tag:transit,transit,1,0,0,1,cozy_cafe
library visitor,recording_studio,recording_studio,tag:leisure,leisure,1,0,0,0,cozy_cafe
library visitor,riverside_walk,riverside_walk,tag:daily_public,daily_public,1,0,0,0,cozy_cafe
library visitor,rooftop_cafe,rooftop_cafe,tag:leisure,leisure,1,0,0,0,cozy_cafe
library visitor,rural_town_street,rural_town_street,tag:daily_public,daily_public,1,0,0,0,cozy_cafe
library visitor,school_classroom,school_classroom,tag:school,school,1,0,0,0,cozy_cafe
library visitor,school_clubroom,school_clubroom,tag:quiet_indoor,quiet_indoor,1,0,0,0,cozy_cafe
library visitor,school_gym_hall,school_gym_hall,tag:school,school,1,0,0,0,cozy_cafe
library visitor,school_library,school_library,tag:quiet_indoor,quiet_indoor,1,0,0,0,cozy_cafe
library visitor,school_rooftop,school_rooftop,tag:school,school,1,0,0,0,cozy_cafe
library visitor,shopping_arcade,shopping_arcade,tag:retail_service,retail_service,1,0,0,0,cozy_cafe
library visitor,shopping_mall_atrium,shopping_mall_atrium,tag:retail_service,retail_service,1,0,0,0,cozy_cafe
library visitor,stadium_court,stadium_court,tag:leisure,leisure,1,0,0,0,cozy_cafe
library visitor,street_cafe,street_cafe,tag:retail_service,retail_service,1,0,0,0,cozy_cafe
library visitor,suburban_neighborhood,suburban_neighborhood,tag:daily_public,daily_public,1,0,0,0,cozy_cafe
library visitor,subway_ticket_gate,subway_ticket_gate,tag:transit,transit,1,0,0,0,cozy_cafe
library visitor,supermarket_aisle,supermarket_aisle,tag:retail_service,retail_service,1,0,0,0,cozy_cafe
library visitor,tea_room,tea_room,tag:quiet_indoor,quiet_indoor,1,0,0,0,cozy_cafe
library visitor,train_station_platform,train_station_platform,tag:transit,transit,1,0,0,0,cozy_cafe
library visitor,tram_platform,tram_platform,tag:transit,transit,1,0,0,0,cozy_cafe
library visitor,tropical_beach,tropical_beach,tag:leisure,leisure,1,0,0,0,cozy_cafe
library visitor,underground_bar,underground_bar,tag:leisure,leisure,1,0,0,0,cozy_cafe
library visitor,university_campus_courtyard,university_campus_courtyard,tag:school,school,1,0,0,0,cozy_cafe
library visitor,vehicle_repair_garage,vehicle_repair_garage,tag:urban,urban,1,0,0,0,cozy_cafe
library visitor,wave_barrel,wave_barrel,tag:leisure,leisure,1,0,0,0,cozy_cafe
library visitor,winter_street,winter_street,tag:daily_public,daily_public,1,0,0,0,cozy_cafe
library visitor,yoga_studio,yoga_studio,tag:leisure,leisure,1,0,0,0,cozy_cafe
local market vendor,antique_shop,antique_shop,tag:retail_service,retail_service,1,0,0,0,cozy_cafe
local market vendor,aquarium,aquarium,tag:leisure,leisure,1,0,0,0,cozy_cafe
local market vendor,art_gallery,art_gallery,tag:leisure,leisure,1,0,0,0,cozy_cafe
local market vendor,bakery_shop,bakery_shop,tag:urban,urban,1,0,0,0,cozy_cafe
local market vendor,bedroom_boudoir,bedroom_boudoir,universal,,0,1,0,0,cozy_cafe
local market vendor,bike_station,bike_station,tag:urban,urban,1,0,0,0,cozy_cafe
local market vendor,botanical_garden,botanical_garden,tag:leisure,leisure,1,0,0,0,cozy_cafe
local market vendor,bus_terminal,bus_terminal,tag:daily_public,daily_public,1,0,0,0,cozy_cafe
local market vendor,canal_walkway,canal_walkway,tag:urban,urban,1,0,0,0,cozy_cafe
local market vendor,cinema_lobby,cinema_lobby,tag:leisure,leisure,1,0,0,0,cozy_cafe
local market vendor,clean_modern_kitchen,clean_modern_kitchen,universal,,0,1,0,0,cozy_cafe
local market vendor,clinic_waiting_room,clinic_waiting_room,tag:daily_public,daily_public,1,0,0,0,cozy_cafe
local market vendor,community_center,community_center,tag:daily_public,daily_public,1,0,0,0,cozy_cafe
local market vendor,community_theater_backstage,community_theater_backstage,tag:leisure,leisure,1,0,0,0,cozy_cafe
local market vendor,commuter_transport,commuter_transport,tag:daily_public,daily_public,1,0,0,0,cozy_cafe
local market vendor,concert_stage,concert_stage,tag:leisure,leisure,1,0,0,0,cozy_cafe
local market vendor,convenience_store,convenience_store,tag:urban,urban,1,0,0,0,cozy_cafe
local market vendor,cozy_bookstore,cozy_bookstore,tag:urban,urban,1,0,0,0,cozy_cafe
local market vendor,cozy_living_room,cozy_living_room,universal,,0,1,0,0,cozy_cafe
local market vendor,neon_city_street,cyberpunk_street,tag:urban,urban,1,0,0,1,cozy_cafe
local market vendor,drugstore_aisle,drugstore_aisle,tag:urban,urban,1,0,0,0,cozy_cafe
local market vendor,family_restaurant,family_restaurant,tag:urban,urban,1,0,0,0,cozy_cafe
local market vendor,fashion_boutique,fashion_boutique,tag:urban,urban,1,0,0,0,cozy_cafe
local market vendor,ferry_terminal,ferry_terminal,tag:daily_public,daily_public,1,0,0,0,cozy_cafe
local market vendor,fire_station,fire_station,tag:daily_public,daily_public,1,0,0,0,cozy_cafe
local market vendor,fitness_gym,fitness_gym,tag:leisure,leisure,1,0,0,0,cozy_cafe
local market vendor,flower_market,flower_market,tag:urban,urban,1,0,0,0,cozy_cafe
local market vendor,food_court,food_court,tag:leisure,leisure,1,0,0,0,cozy_cafe
local market vendor,game_arcade,game_arcade,tag:leisure,leisure,1,0,0,0,cozy_cafe
local market vendor,greenhouse_nursery,greenhouse_nursery,tag:retail_service,retail_service,1,0,0,0,cozy_cafe
local market vendor,illuminated_park,illuminated_park,tag:urban,urban,1,0,0,0,cozy_cafe
local market vendor,karaoke_bar,karaoke_bar,tag:leisure,leisure,1,0,0,0,cozy_cafe
local market vendor,local_market_street,local_market_street,tag:urban,urban,1,0,0,0,cozy_cafe
local market vendor,luxury_hotel_lobby,luxury_hotel_lobby,tag:leisure,leisure,1,0,0,0,cozy_cafe
local market vendor,luxury_hotel_room,luxury_hotel_room,tag:leisure,leisure,1,0,0,0,cozy_cafe
local market vendor,mountain_resort,mountain_resort,tag:leisure,leisure,1,0,0,0,cozy_cafe
local market vendor,museum_hall,museum_hall,tag:leisure,leisure,1,0,0,0,cozy_cafe
local market vendor,neighborhood_crosswalk,neighborhood_crosswalk,tag:daily_public,daily_public,1,0,0,0,cozy_cafe
local market vendor,neighborhood_playground,neighborhood_playground,tag:daily_public,daily_public,1,0,0,0,cozy_cafe
local market vendor,observatory_dome,observatory_dome,tag:leisure,leisure,1,0,0,0,cozy_cafe
local market vendor,opera_house,opera_house,tag:leisure,leisure,1,0,0,0,cozy_cafe
local market vendor,picnic_park,picnic_park,tag:daily_public,daily_public,1,0,0,0,cozy_cafe
local market vendor,poolside_resort,poolside_resort,tag:leisure,leisure,1,0,0,0,cozy_cafe
local market vendor,postal_service_counter,postal_service_counter,tag:daily_public,daily_public,1,0,0,0,cozy_cafe
local market vendor,print_shop,print_shop,tag:urban,urban,1,0,0,0,cozy_cafe
local market vendor,public_library_lobby,public_library_lobby,tag:daily_public,daily_public,1,0,0,0,cozy_cafe
local market vendor,public_plaza,public_plaza,tag:leisure,leisure,1,0,0,0,cozy_cafe
local market vendor,rainy_alley,rainy_alley,tag:urban,urban,1,0,0,0,cozy_cafe
local market vendor,recording_studio,recording_studio,tag:leisure,leisure,1,0,0,0,cozy_cafe
local market vendor,riverside_walk,riverside_walk,tag:daily_public,daily_public,1,0,0,0,cozy_cafe
local market vendor,rooftop_cafe,rooftop_cafe,tag:leisure,leisure,1,0,0,0,cozy_cafe
local market vendor,rural_town_street,rural_town_street,tag:daily_public,daily_public,1,0,0,0,cozy_cafe
local market vendor,school_library,school_library,tag:daily_public,daily_public,1,0,0,0,cozy_cafe
local market vendor,shopping_arcade,shopping_arcade,tag:urban,urban,1,0,0,0,cozy_cafe
local market vendor,shopping_mall_atrium,shopping_mall_atrium,tag:urban,urban,1,0,0,0,cozy_cafe
local market vendor,stadium_court,stadium_court,tag:leisure,leisure,1,0,0,0,cozy_cafe
local market vendor,street_cafe,street_cafe,tag:urban,urban,1,0,0,0,cozy_cafe
local market vendor,suburban_neighborhood,suburban_neighborhood,tag:daily_public,daily_public,1,0,0,0,cozy_cafe
local market vendor,subway_ticket_gate,subway_ticket_gate,tag:urban,urban,1,0,0,0,cozy_cafe
local market vendor,supermarket_aisle,supermarket_aisle,tag:urban,urban,1,0,0,0,cozy_cafe
local market vendor,train_station_platform,train_station_platform,tag:urban,urban,1,0,0,0,cozy_cafe
local market vendor,tram_platform,tram_platform,tag:urban,urban,1,0,0,0,cozy_cafe
local market vendor,tropical_beach,tropical_beach,tag:leisure,leisure,1,0,0,0,cozy_cafe
local market vendor,underground_bar,underground_bar,tag:leisure,leisure,1,0,0,0,cozy_cafe
local market vendor,vehicle_repair_garage,vehicle_repair_garage,tag:urban,urban,1,0,0,0,cozy_cafe
local market vendor,wave_barrel,wave_barrel,tag:leisure,leisure,1,0,0,0,cozy_cafe
local market vendor,winter_street,winter_street,tag:daily_public,daily_public,1,0,0,0,cozy_cafe
local market vendor,yoga_studio,yoga_studio,tag:leisure,leisure,1,0,0,0,cozy_cafe
local volunteer,antique_shop,antique_shop,tag:retail_service,retail_service,1,0,0,0,cozy_cafe
local volunteer,apartment_balcony,apartment_balcony,tag:home_life,home_life,1,0,0,0,cozy_cafe
local volunteer,apartment_entryway,apartment_entryway,tag:home_life,home_life,1,0,0,0,cozy_cafe
local volunteer,aquarium,aquarium,tag:leisure,leisure,1,0,0,0,cozy_cafe
local volunteer,art_gallery,art_gallery,tag:leisure,leisure,1,0,0,0,cozy_cafe
local volunteer,bakery_shop,bakery_shop,tag:retail_service,retail_service,1,0,0,0,cozy_cafe
local volunteer,luxury_bathroom,bedroom_boudoir,tag:home_life,home_life,1,0,0,1,cozy_cafe
local volunteer,bike_station,bike_station,tag:daily_public,daily_public,1,0,0,0,cozy_cafe
local volunteer,botanical_garden,botanical_garden,tag:leisure,leisure,1,0,0,0,cozy_cafe
local volunteer,bus_terminal,bus_terminal,tag:daily_public,daily_public,1,0,0,0,cozy_cafe
local volunteer,canal_walkway,canal_walkway,tag:daily_public,daily_public,1,0,0,0,cozy_cafe
local volunteer,cinema_lobby,cinema_lobby,tag:leisure,leisure,1,0,0,0,cozy_cafe
local volunteer,clean_modern_kitchen,clean_modern_kitchen,tag:home_life,home_life,1,0,0,0,cozy_cafe
local volunteer,clinic_waiting_room,clinic_waiting_room,tag:daily_public,daily_public,1,0,0,0,cozy_cafe
local volunteer,community_center,community_center,tag:daily_public,daily_public,1,0,0,0,cozy_cafe
local volunteer,community_garden,community_garden,tag:domestic,domestic,1,0,0,0,cozy_cafe
local volunteer,community_theater_backstage,community_theater_backstage,tag:leisure,leisure,1,0,0,0,cozy_cafe
local volunteer,commuter_transport,commuter_transport,tag:daily_public,daily_public,1,0,0,0,cozy_cafe
local volunteer,concert_stage,concert_stage,tag:leisure,leisure,1,0,0,0,cozy_cafe
local volunteer,convenience_store,convenience_store,tag:retail_service,retail_service,1,0,0,0,cozy_cafe
local volunteer,cozy_bookstore,cozy_bookstore,tag:retail_service,retail_service,1,0,0,0,cozy_cafe
local volunteer,cozy_living_room,cozy_living_room,tag:home_life,home_life,1,0,0,0,cozy_cafe
local volunteer,drugstore_aisle,drugstore_aisle,tag:retail_service,retail_service,1,0,0,0,cozy_cafe
local volunteer,family_restaurant,family_restaurant,tag:retail_service,retail_service,1,0,0,0,cozy_cafe
local volunteer,fashion_boutique,fashion_boutique,tag:retail_service,retail_service,1,0,0,0,cozy_cafe
local volunteer,ferry_terminal,ferry_terminal,tag:daily_public,daily_public,1,0,0,0,cozy_cafe
local volunteer,fire_station,fire_station,tag:daily_public,daily_public,1,0,0,0,cozy_cafe
local volunteer,fitness_gym,fitness_gym,tag:leisure,leisure,1,0,0,0,cozy_cafe
local volunteer,flower_market,flower_market,tag:retail_service,retail_service,1,0,0,0,cozy_cafe
local volunteer,food_court,food_court,tag:leisure,leisure,1,0,0,0,cozy_cafe
local volunteer,forest_cabin,forest_cabin,tag:domestic,domestic,1,0,0,0,cozy_cafe
local volunteer,game_arcade,game_arcade,tag:leisure,leisure,1,0,0,0,cozy_cafe
local volunteer,greenhouse_nursery,greenhouse_nursery,tag:retail_service,retail_service,1,0,0,0,cozy_cafe
local volunteer,illuminated_park,illuminated_park,tag:daily_public,daily_public,1,0,0,0,cozy_cafe
local volunteer,karaoke_bar,karaoke_bar,tag:leisure,leisure,1,0,0,0,cozy_cafe
local volunteer,laundromat,laundromat,tag:home_life,home_life,1,0,0,0,cozy_cafe
local volunteer,local_market_street,local_market_street,tag:retail_service,retail_service,1,0,0,0,cozy_cafe
local volunteer,luxury_hotel_lobby,luxury_hotel_lobby,tag:leisure,leisure,1,0,0,0,cozy_cafe
local volunteer,luxury_hotel_room,luxury_hotel_room,tag:leisure,leisure,1,0,0,0,cozy_cafe
local volunteer,mountain_resort,mountain_resort,tag:leisure,leisure,1,0,0,0,cozy_cafe
local volunteer,museum_hall,museum_hall,tag:leisure,leisure,1,0,0,0,cozy_cafe
local volunteer,neighborhood_crosswalk,neighborhood_crosswalk,tag:daily_public,daily_public,1,0,0,0,cozy_cafe
local volunteer,neighborhood_playground,neighborhood_playground,tag:daily_public,daily_public,1,0,0,0,cozy_cafe
local volunteer,observatory_dome,observatory_dome,tag:leisure,leisure,1,0,0,0,cozy_cafe
local volunteer,opera_house,opera_house,tag:leisure,leisure,1,0,0,0,cozy_cafe
local volunteer,picnic_park,picnic_park,tag:daily_public,daily_public,1,0,0,0,cozy_cafe
local volunteer,poolside_resort,poolside_resort,tag:leisure,leisure,1,0,0,0,cozy_cafe
local volunteer,postal_service_counter,postal_service_counter,tag:retail_service,retail_service,1,0,0,0,cozy_cafe
local volunteer,print_shop,print_shop,tag:retail_service,retail_service,1,0,0,0,cozy_cafe
local volunteer,public_library_lobby,public_library_lobby,tag:daily_public,daily_public,1,0,0,0,cozy_cafe
local volunteer,public_plaza,public_plaza,tag:leisure,leisure,1,0,0,0,cozy_cafe
local volunteer,rainy_bus_stop,rainy_alley,tag:daily_public,daily_public,1,0,0,1,cozy_cafe
local volunteer,recording_studio,recording_studio,tag:leisure,leisure,1,0,0,0,cozy_cafe
local volunteer,riverside_walk,riverside_walk,tag:daily_public,daily_public,1,0,0,0,cozy_cafe
local volunteer,rooftop_cafe,rooftop_cafe,tag:leisure,leisure,1,0,0,0,cozy_cafe
local volunteer,rooftop_laundry_area,rooftop_laundry_area,tag:home_life,home_life,1,0,0,0,cozy_cafe
local volunteer,rural_town_street,rural_town_street,tag:daily_public,daily_public,1,0,0,0,cozy_cafe
local volunteer,school_library,school_library,tag:daily_public,daily_public,1,0,0,0,cozy_cafe
local volunteer,shopping_arcade,shopping_arcade,tag:retail_service,retail_service,1,0,0,0,cozy_cafe
local volunteer,shopping_mall_atrium,shopping_mall_atrium,tag:retail_service,retail_service,1,0,0,0,cozy_cafe
local volunteer,stadium_court,stadium_court,tag:leisure,leisure,1,0,0,0,cozy_cafe
local volunteer,street_cafe,street_cafe,tag:retail_service,retail_service,1,0,0,0,cozy_cafe
local volunteer,suburban_neighborhood,suburban_neighborhood,tag:daily_public,daily_public,1,0,0,0,cozy_cafe
local volunteer,supermarket_aisle,supermarket_aisle,tag:retail_service,retail_service,1,0,0,0,cozy_cafe
local volunteer,tram_platform,tram_platform,tag:daily_public,daily_public,1,0,0,0,cozy_cafe
local volunteer,tropical_beach,tropical_beach,tag:leisure,leisure,1,0,0,0,cozy_cafe
local volunteer,underground_bar,underground_bar,tag:leisure,leisure,1,0,0,0,cozy_cafe
local volunteer,wave_barrel,wave_barrel,tag:leisure,leisure,1,0,0,0,cozy_cafe
local volunteer,winter_street,winter_street,tag:daily_public,daily_public,1,0,0,0,cozy_cafe
local volunteer,yoga_studio,yoga_studio,tag:leisure,leisure,1,0,0,0,cozy_cafe
lunch break girl,antique_shop,antique_shop,tag:retail_service,retail_service,1,0,0,0,office_lady
lunch break girl,aquarium,aquarium,tag:leisure,leisure,1,0,0,0,office_lady
lunch break girl,art_gallery,art_gallery,tag:leisure,leisure,1,0,0,0,office_lady
lunch break girl,bakery_shop,bakery_shop,tag:retail_service,retail_service,1,0,0,0,office_lady
lunch break girl,bedroom_boudoir,bedroom_boudoir,universal,,0,1,0,0,office_lady
lunch break girl,bike_station,bike_station,tag:transit,transit,1,0,0,0,office_lady
lunch break girl,boardroom,boardroom,tag:workplace,workplace,1,0,0,0,office_lady
lunch break girl,botanical_garden,botanical_garden,tag:leisure,leisure,1,0,0,0,office_lady
lunch break girl,bus_terminal,bus_terminal,tag:transit,transit,1,0,0,0,office_lady
lunch break girl,canal_walkway,canal_walkway,tag:daily_public,daily_public,1,0,0,0,office_lady
lunch break girl,cinema_lobby,cinema_lobby,tag:leisure,leisure,1,0,0,0,office_lady
lunch break girl,clean_modern_kitchen,clean_modern_kitchen,universal,,0,1,0,0,office_lady
lunch break girl,clinic_waiting_room,clinic_waiting_room,tag:workplace,workplace,1,0,0,0,office_lady
lunch break girl,community_center,community_center,tag:daily_public,daily_public,1,0,0,0,office_lady
lunch break girl,community_garden,community_garden,tag:suburban,suburban,1,0,0,0,office_lady
lunch break girl,community_theater_backstage,community_theater_backstage,tag:leisure,leisure,1,0,0,0,office_lady
lunch break girl,commuter_transport,commuter_transport,tag:transit,transit,1,0,0,0,office_lady
lunch break girl,concert_stage,concert_stage,tag:leisure,leisure,1,0,0,0,office_lady
lunch break girl,convenience_store,convenience_store,tag:retail_service,retail_service,1,0,0,0,office_lady
lunch break girl,coworking_space,coworking_space,tag:workplace,workplace,1,0,0,0,office_lady
lunch break girl,cozy_bookstore,cozy_bookstore,tag:retail_service,retail_service,1,0,0,0,office_lady
lunch break girl,cozy_living_room,cozy_living_room,universal,,0,1,0,0,office_lady
lunch break girl,neon_city_street,cyberpunk_street,tag:urban,urban,1,0,0,1,office_lady
lunch break girl,design_studio,design_studio,tag:workplace,workplace,1,0,0,0,office_lady
lunch break girl,drugstore_aisle,drugstore_aisle,tag:retail_service,retail_service,1,0,0,0,office_lady
lunch break girl,family_restaurant,family_restaurant,tag:retail_service,retail_service,1,0,0,0,office_lady
lunch break girl,fashion_boutique,fashion_boutique,tag:retail_service,retail_service,1,0,0,0,office_lady
lunch break girl,ferry_terminal,ferry_terminal,tag:transit,transit,1,0,0,0,office_lady
lunch break girl,fire_station,fire_station,tag:workplace,workplace,1,0,0,0,office_lady
lunch break girl,fitness_gym,fitness_gym,tag:leisure,leisure,1,0,0,0,office_lady
lunch break girl,flower_market,flower_market,tag:retail_service,retail_service,1,0,0,0,office_lady
lunch break girl,food_court,food_court,tag:leisure,leisure,1,0,0,0,office_lady
lunch break girl,game_arcade,game_arcade,tag:leisure,leisure,1,0,0,0,office_lady
lunch break girl,greenhouse_nursery,greenhouse_nursery,tag:retail_service,retail_service,1,0,0,0,office_lady
lunch break girl,illuminated_park,illuminated_park,tag:daily_public,daily_public,1,0,0,0,office_lady
lunch break girl,karaoke_bar,karaoke_bar,tag:leisure,leisure,1,0,0,0,office_lady
lunch break girl,local_market_street,local_market_street,tag:retail_service,retail_service,1,0,0,0,office_lady
lunch break girl,luxury_hotel_lobby,luxury_hotel_lobby,tag:leisure,leisure,1,0,0,0,office_lady
lunch break girl,luxury_hotel_room,luxury_hotel_room,tag:leisure,leisure,1,0,0,0,office_lady
lunch break girl,maker_space,maker_space,tag:workplace,workplace,1,0,0,0,office_lady
lunch break girl,messy_copy_room,messy_copy_room,tag:workplace,workplace,1,0,0,0,office_lady
lunch break girl,modern_office,modern_office,tag:workplace,workplace,1,0,0,0,office_lady
lunch break girl,mountain_resort,mountain_resort,tag:leisure,leisure,1,0,0,0,office_lady
lunch break girl,museum_hall,museum_hall,tag:leisure,leisure,1,0,0,0,office_lady
lunch break girl,neighborhood_crosswalk,neighborhood_crosswalk,tag:transit,transit,1,0,0,0,office_lady
lunch break girl,neighborhood_playground,neighborhood_playground,tag:daily_public,daily_public,1,0,0,0,office_lady
lunch break girl,observatory_dome,observatory_dome,tag:leisure,leisure,1,0,0,0,office_lady
lunch break girl,office_elevator,office_elevator,tag:workplace,workplace,1,0,0,0,office_lady
lunch break girl,opera_house,opera_house,tag:leisure,leisure,1,0,0,0,office_lady
lunch break girl,picnic_park,picnic_park,tag:daily_public,daily_public,1,0,0,0,office_lady
lunch break girl,poolside_resort,poolside_resort,tag:leisure,leisure,1,0,0,0,office_lady
lunch break girl,postal_service_counter,postal_service_counter,tag:retail_service,retail_service,1,0,0,0,office_lady
lunch break girl,print_shop,print_shop,tag:retail_service,retail_service,1,0,0,0,office_lady
lunch break girl,public_library_lobby,public_library_lobby,tag:daily_public,daily_public,1,0,0,0,office_lady
lunch break girl,public_plaza,public_plaza,tag:leisure,leisure,1,0,0,0,office_lady
lunch break girl,rainy_bus_stop,rainy_alley,tag:transit,transit,1,0,0,1,office_lady
lunch break girl,recording_studio,recording_studio,tag:leisure,leisure,1,0,0,0,office_lady
lunch break girl,riverside_walk,riverside_walk,tag:daily_public,daily_public,1,0,0,0,office_lady
lunch break girl,rooftop_cafe,rooftop_cafe,tag:leisure,leisure,1,0,0,0,office_lady
lunch break girl,rural_town_street,rural_town_street,tag:daily_public,daily_public,1,0,0,0,office_lady
lunch break girl,school_library,school_library,tag:daily_public,daily_public,1,0,0,0,office_lady
lunch break girl,shopping_arcade,shopping_arcade,tag:retail_service,retail_service,1,0,0,0,office_lady
lunch break girl,shopping_mall_atrium,shopping_mall_atrium,tag:retail_service,retail_service,1,0,0,0,office_lady
lunch break girl,stadium_court,stadium_court,tag:leisure,leisure,1,0,0,0,office_lady
lunch break girl,street_cafe,street_cafe,tag:retail_service,retail_service,1,0,0,0,office_lady
lunch break girl,suburban_neighborhood,suburban_neighborhood,tag:daily_public,daily_public,1,0,0,0,office_lady
lunch break girl,subway_ticket_gate,subway_ticket_gate,tag:transit,transit,1,0,0,0,office_lady
lunch break girl,supermarket_aisle,supermarket_aisle,tag:retail_service,retail_service,1,0,0,0,office_lady
lunch break girl,surveillance_room,surveillance_room,tag:workplace,workplace,1,0,0,0,office_lady
lunch break girl,train_station_platform,train_station_platform,tag:transit,transit,1,0,0,0,office_lady
lunch break girl,tram_platform,tram_platform,tag:transit,transit,1,0,0,0,office_lady
lunch break girl,tropical_beach,tropical_beach,tag:leisure,leisure,1,0,0,0,office_lady
lunch break girl,underground_bar,underground_bar,tag:leisure,leisure,1,0,0,0,office_lady
lunch break girl,vehicle_repair_garage,vehicle_repair_garage,tag:workplace,workplace,1,0,0,0,office_lady
lunch break girl,wave_barrel,wave_barrel,tag:leisure,leisure,1,0,0,0,office_lady
lunch break girl,winter_street,winter_street,tag:daily_public,daily_public,1,0,0,0,office_lady
lunch break girl,yoga_studio,yoga_studio,tag:leisure,leisure,1,0,0,0,office_lady
mall browser,antique_shop,antique_shop,tag:retail_service,retail_service,1,0,0,0,urban_shopping
mall browser,aquarium,aquarium,tag:daily_public,daily_public,1,0,0,0,urban_shopping
mall browser,art_gallery,art_gallery,tag:daily_public,daily_public,1,0,0,0,urban_shopping
mall browser,bakery_shop,bakery_shop,tag:retail_service,retail_service,1,0,0,0,urban_shopping
mall browser,bedroom_boudoir,bedroom_boudoir,universal,,0,1,0,0,urban_shopping
mall browser,bike_station,bike_station,tag:daily_public,daily_public,1,0,0,0,urban_shopping
mall browser,botanical_garden,botanical_garden,tag:daily_public,daily_public,1,0,0,0,urban_shopping
mall browser,bus_terminal,bus_terminal,tag:daily_public,daily_public,1,0,0,0,urban_shopping
mall browser,canal_walkway,canal_walkway,tag:daily_public,daily_public,1,0,0,0,urban_shopping
mall browser,cinema_lobby,cinema_lobby,tag:leisure,leisure,1,0,0,0,urban_shopping
mall browser,clean_modern_kitchen,clean_modern_kitchen,universal,,0,1,0,0,urban_shopping
mall browser,clinic_waiting_room,clinic_waiting_room,tag:daily_public,daily_public,1,0,0,0,urban_shopping
mall browser,community_center,community_center,tag:daily_public,daily_public,1,0,0,0,urban_shopping
mall browser,community_theater_backstage,community_theater_backstage,tag:leisure,leisure,1,0,0,0,urban_shopping
mall browser,commuter_transport,commuter_transport,tag:daily_public,daily_public,1,0,0,0,urban_shopping
mall browser,concert_stage,concert_stage,tag:leisure,leisure,1,0,0,0,urban_shopping
mall browser,convenience_store,convenience_store,tag:retail_service,retail_service,1,0,0,0,urban_shopping
mall browser,cozy_bookstore,cozy_bookstore,tag:daily_public,daily_public,1,0,0,0,urban_shopping
mall browser,cozy_living_room,cozy_living_room,universal,,0,1,0,0,urban_shopping
mall browser,drugstore_aisle,drugstore_aisle,tag:retail_service,retail_service,1,0,0,0,urban_shopping
mall browser,family_restaurant,family_restaurant,tag:retail_service,retail_service,1,0,0,0,urban_shopping
mall browser,fashion_boutique,fashion_boutique,tag:retail_service,retail_service,1,0,0,0,urban_shopping
mall browser,ferry_terminal,ferry_terminal,tag:daily_public,daily_public,1,0,0,0,urban_shopping
mall browser,fire_station,fire_station,tag:daily_public,daily_public,1,0,0,0,urban_shopping
mall browser,fitness_gym,fitness_gym,tag:leisure,leisure,1,0,0,0,urban_shopping
mall browser,flower_market,flower_market,tag:retail_service,retail_service,1,0,0,0,urban_shopping
mall browser,food_court,food_court,tag:leisure,leisure,1,0,0,0,urban_shopping
mall browser,game_arcade,game_arcade,tag:leisure,leisure,1,0,0,0,urban_shopping
mall browser,greenhouse_nursery,greenhouse_nursery,tag:retail_service,retail_service,1,0,0,0,urban_shopping
mall browser,illuminated_park,illuminated_park,tag:daily_public,daily_public,1,0,0,0,urban_shopping
mall browser,karaoke_bar,karaoke_bar,tag:leisure,leisure,1,0,0,0,urban_shopping
mall browser,local_market_street,local_market_street,tag:daily_public,daily_public,1,0,0,0,urban_shopping
mall browser,luxury_hotel_lobby,luxury_hotel_lobby,tag:leisure,leisure,1,0,0,0,urban_shopping
mall browser,luxury_hotel_room,luxury_hotel_room,tag:leisure,leisure,1,0,0,0,urban_shopping
mall browser,mountain_resort,mountain_resort,tag:leisure,leisure,1,0,0,0,urban_shopping
mall browser,museum_hall,museum_hall,tag:daily_public,daily_public,1,0,0,0,urban_shopping
mall browser,neighborhood_crosswalk,neighborhood_crosswalk,tag:daily_public,daily_public,1,0,0,0,urban_shopping
mall browser,neighborhood_playground,neighborhood_playground,tag:daily_public,daily_public,1,0,0,0,urban_shopping
mall browser,observatory_dome,observatory_dome,tag:leisure,leisure,1,0,0,0,urban_shopping
mall browser,opera_house,opera_house,tag:leisure,leisure,1,0,0,0,urban_shopping
mall browser,picnic_park,picnic_park,tag:daily_public,daily_public,1,0,0,0,urban_shopping
mall browser,poolside_resort,poolside_resort,tag:leisure,leisure,1,0,0,0,urban_shopping
mall browser,postal_service_counter,postal_service_counter,tag:daily_public,daily_public,1,0,0,0,urban_shopping
mall browser,print_shop,print_shop,tag:retail_service,retail_service,1,0,0,0,urban_shopping
mall browser,public_library_lobby,public_library_lobby,tag:daily_public,daily_public,1,0,0,0,urban_shopping
mall browser,public_plaza,public_plaza,tag:daily_public,daily_public,1,0,0,0,urban_shopping
mall browser,rainy_bus_stop,rainy_alley,tag:daily_public,daily_public,1,0,0,1,urban_shopping
mall browser,recording_studio,recording_studio,tag:leisure,leisure,1,0,0,0,urban_shopping
mall browser,riverside_walk,riverside_walk,tag:daily_public,daily_public,1,0,0,0,urban_shopping
mall browser,rooftop_cafe,rooftop_cafe,tag:leisure,leisure,1,0,0,0,urban_shopping
mall browser,rural_town_street,rural_town_street,tag:daily_public,daily_public,1,0,0,0,urban_shopping
mall browser,school_library,school_library,tag:daily_public,daily_public,1,0,0,0,urban_shopping
mall browser,shopping_arcade,shopping_arcade,tag:retail_service,retail_service,1,0,0,0,urban_shopping
mall browser,shopping_mall_atrium,shopping_mall_atrium,tag:daily_public,daily_public,1,0,0,0,urban_shopping
mall browser,stadium_court,stadium_court,tag:leisure,leisure,1,0,0,0,urban_shopping
mall browser,street_cafe,street_cafe,tag:daily_public,daily_public,1,0,0,0,urban_shopping
mall browser,suburban_neighborhood,suburban_neighborhood,tag:daily_public,daily_public,1,0,0,0,urban_shopping
mall browser,supermarket_aisle,supermarket_aisle,tag:retail_service,retail_service,1,0,0,0,urban_shopping
mall browser,tram_platform,tram_platform,tag:daily_public,daily_public,1,0,0,0,urban_shopping
mall browser,tropical_beach,tropical_beach,tag:leisure,leisure,1,0,0,0,urban_shopping
mall browser,underground_bar,underground_bar,tag:leisure,leisure,1,0,0,0,urban_shopping
mall browser,wave_barrel,wave_barrel,tag:leisure,leisure,1,0,0,0,urban_shopping
mall browser,winter_street,winter_street,tag:daily_public,daily_public,1,0,0,0,urban_shopping
mall browser,yoga_studio,yoga_studio,tag:leisure,leisure,1,0,0,0,urban_shopping
market shopper,antique_shop,antique_shop,tag:retail_service,retail_service,1,0,0,0,urban_shopping
market shopper,aquarium,aquarium,tag:leisure,leisure,1,0,0,0,urban_shopping
market shopper,art_gallery,art_gallery,tag:leisure,leisure,1,0,0,0,urban_shopping
market shopper,bakery_shop,bakery_shop,tag:retail_service,retail_service,1,0,0,0,urban_shopping
market shopper,bedroom_boudoir,bedroom_boudoir,universal,,0,1,0,0,urban_shopping
market shopper,bike_station,bike_station,tag:daily_public,daily_public,1,0,0,0,urban_shopping
market shopper,botanical_garden,botanical_garden,tag:leisure,leisure,1,0,0,0,urban_shopping
market shopper,bus_terminal,bus_terminal,tag:daily_public,daily_public,1,0,0,0,urban_shopping
market shopper,canal_walkway,canal_walkway,tag:daily_public,daily_public,1,0,0,0,urban_shopping
market shopper,cinema_lobby,cinema_lobby,tag:leisure,leisure,1,0,0,0,urban_shopping
market shopper,clean_modern_kitchen,clean_modern_kitchen,universal,,0,1,0,0,urban_shopping
market shopper,clinic_waiting_room,clinic_waiting_room,tag:daily_public,daily_public,1,0,0,0,urban_shopping
market shopper,community_center,community_center,tag:daily_public,daily_public,1,0,0,0,urban_shopping
market shopper,community_garden,community_garden,tag:suburban,suburban,1,0,0,0,urban_shopping
market shopper,community_theater_backstage,community_theater_backstage,tag:leisure,leisure,1,0,0,0,urban_shopping
market shopper,commuter_transport,commuter_transport,tag:daily_public,daily_public,1,0,0,0,urban_shopping
market shopper,concert_stage,concert_stage,tag:leisure,leisure,1,0,0,0,urban_shopping
market shopper,convenience_store,convenience_store,tag:retail_service,retail_service,1,0,0,0,urban_shopping
market shopper,cozy_bookstore,cozy_bookstore,tag:retail_service,retail_service,1,0,0,0,urban_shopping
market shopper,cozy_living_room,cozy_living_room,universal,,0,1,0,0,urban_shopping
market shopper,neon_city_street,cyberpunk_street,tag:urban,urban,1,0,0,1,urban_shopping
market shopper,drugstore_aisle,drugstore_aisle,tag:retail_service,retail_service,1,0,0,0,urban_shopping
market shopper,family_restaurant,family_restaurant,tag:retail_service,retail_service,1,0,0,0,urban_shopping
market shopper,fashion_boutique,fashion_boutique,tag:retail_service,retail_service,1,0,0,0,urban_shopping
market shopper,ferry_terminal,ferry_terminal,tag:daily_public,daily_public,1,0,0,0,urban_shopping
market shopper,fire_station,fire_station,tag:daily_public,daily_public,1,0,0,0,urban_shopping
market shopper,fitness_gym,fitness_gym,tag:leisure,leisure,1,0,0,0,urban_shopping
market shopper,flower_market,flower_market,tag:retail_service,retail_service,1,0,0,0,urban_shopping
market shopper,food_court,food_court,tag:leisure,leisure,1,0,0,0,urban_shopping
market shopper,game_arcade,game_arcade,tag:leisure,leisure,1,0,0,0,urban_shopping
market shopper,greenhouse_nursery,greenhouse_nursery,tag:retail_service,retail_service,1,0,0,0,urban_shopping
market shopper,illuminated_park,illuminated_park,tag:daily_public,daily_public,1,0,0,0,urban_shopping
market shopper,karaoke_bar,karaoke_bar,tag:leisure,leisure,1,0,0,0,urban_shopping
market shopper,local_market_street,local_market_street,tag:retail_service,retail_service,1,0,0,0,urban_shopping
market shopper,luxury_hotel_lobby,luxury_hotel_lobby,tag:leisure,leisure,1,0,0,0,urban_shopping
market shopper,luxury_hotel_room,luxury_hotel_room,tag:leisure,leisure,1,0,0,0,urban_shopping
market shopper,mountain_resort,mountain_resort,tag:leisure,leisure,1,0,0,0,urban_shopping
market shopper,museum_hall,museum_hall,tag:leisure,leisure,1,0,0,0,urban_shopping
market shopper,neighborhood_crosswalk,neighborhood_crosswalk,tag:daily_public,daily_public,1,0,0,0,urban_shopping
market shopper,neighborhood_playground,neighborhood_playground,tag:daily_public,daily_public,1,0,0,0,urban_shopping
market shopper,observatory_dome,observatory_dome,tag:leisure,leisure,1,0,0,0,urban_shopping
market shopper,opera_house,opera_house,tag:leisure,leisure,1,0,0,0,urban_shopping
market shopper,picnic_park,picnic_park,tag:daily_public,daily_public,1,0,0,0,urban_shopping
market shopper,poolside_resort,poolside_resort,tag:leisure,leisure,1,0,0,0,urban_shopping
market shopper,postal_service_counter,postal_service_counter,tag:retail_service,retail_service,1,0,0,0,urban_shopping
market shopper,print_shop,print_shop,tag:retail_service,retail_service,1,0,0,0,urban_shopping
market shopper,public_library_lobby,public_library_lobby,tag:daily_public,daily_public,1,0,0,0,urban_shopping
market shopper,public_plaza,public_plaza,tag:leisure,leisure,1,0,0,0,urban_shopping
market shopper,rainy_bus_stop,rainy_alley,tag:daily_public,daily_public,1,0,0,1,urban_shopping
market shopper,recording_studio,recording_studio,tag:leisure,leisure,1,0,0,0,urban_shopping
market shopper,riverside_walk,riverside_walk,tag:daily_public,daily_public,1,0,0,0,urban_shopping
market shopper,rooftop_cafe,rooftop_cafe,tag:leisure,leisure,1,0,0,0,urban_shopping
market shopper,rural_town_street,rural_town_street,tag:daily_public,daily_public,1,0,0,0,urban_shopping
market shopper,school_library,school_library,tag:daily_public,daily_public,1,0,0,0,urban_shopping
market shopper,shopping_arcade,shopping_arcade,tag:retail_service,retail_service,1,0,0,0,urban_shopping
market shopper,shopping_mall_atrium,shopping_mall_atrium,tag:retail_service,retail_service,1,0,0,0,urban_shopping
market shopper,stadium_court,stadium_court,tag:leisure,leisure,1,0,0,0,urban_shopping
market shopper,street_cafe,street_cafe,tag:retail_service,retail_service,1,0,0,0,urban_shopping
market shopper,suburban_neighborhood,suburban_neighborhood,tag:daily_public,daily_public,1,0,0,0,urban_shopping
market shopper,subway_ticket_gate,subway_ticket_gate,tag:urban,urban,1,0,0,0,urban_shopping
market shopper,supermarket_aisle,supermarket_aisle,tag:retail_service,retail_service,1,0,0,0,urban_shopping
market shopper,train_station_platform,train_station_platform,tag:urban,urban,1,0,0,0,urban_shopping
market shopper,tram_platform,tram_platform,tag:daily_public,daily_public,1,0,0,0,urban_shopping
market shopper,tropical_beach,tropical_beach,tag:leisure,leisure,1,0,0,0,urban_shopping
market shopper,underground_bar,underground_bar,tag:leisure,leisure,1,0,0,0,urban_shopping
market shopper,vehicle_repair_garage,vehicle_repair_garage,tag:urban,urban,1,0,0,0,urban_shopping
market shopper,wave_barrel,wave_barrel,tag:leisure,leisure,1,0,0,0,urban_shopping
market shopper,winter_street,winter_street,tag:daily_public,daily_public,1,0,0,0,urban_shopping
market shopper,yoga_studio,yoga_studio,tag:leisure,leisure,1,0,0,0,urban_shopping
mechanic,steampunk_airship,airship_deck,tag:steampunk,steampunk,1,0,0,1,street_casual
mechanic,antique_shop,antique_shop,tag:craft,craft,1,0,0,0,street_casual
mechanic,aquarium,aquarium,universal,,0,1,0,0,street_casual
mechanic,art_gallery,art_gallery,universal,,0,1,0,0,street_casual
mechanic,bedroom_boudoir,bedroom_boudoir,universal,,0,1,0,0,street_casual
mechanic,boardroom,boardroom,tag:workplace,workplace,1,0,0,0,street_casual
mechanic,botanical_garden,botanical_garden,universal,,0,1,0,0,street_casual
mechanic,clean_modern_kitchen,clean_modern_kitchen,universal,,0,1,0,0,street_casual
mechanic,clinic_waiting_room,clinic_waiting_room,tag:workplace,workplace,1,0,0,0,street_casual
mechanic,clockwork_workshop,clockwork_workshop,tag:craft,craft,1,0,0,0,street_casual
mechanic,community_theater_backstage,community_theater_backstage,tag:workplace,workplace,1,0,0,0,street_casual
mechanic,commuter_transport,commuter_transport,universal,,0,1,0,0,street_casual
mechanic,coworking_space,coworking_space,tag:workplace,workplace,1,0,0,0,street_casual
mechanic,cozy_bookstore,cozy_bookstore,universal,,0,1,0,0,street_casual
mechanic,cozy_living_room,cozy_living_room,universal,,0,1,0,0,street_casual
mechanic,design_studio,design_studio,tag:workplace,workplace,1,0,0,0,street_casual
mechanic,fire_station,fire_station,tag:workplace,workplace,1,0,0,0,street_casual
mechanic,greenhouse_nursery,greenhouse_nursery,tag:workplace,workplace,1,0,0,0,street_casual
mechanic,illuminated_park,illuminated_park,universal,,0,1,0,0,street_casual
mechanic,maker_space,maker_space,tag:workplace,workplace,1,0,0,0,street_casual
mechanic,messy_copy_room,messy_copy_room,tag:workplace,workplace,1,0,0,0,street_casual
mechanic,modern_office,modern_office,tag:workplace,workplace,1,0,0,0,street_casual
mechanic,museum_hall,museum_hall,universal,,0,1,0,0,street_casual
mechanic,office_elevator,office_elevator,tag:workplace,workplace,1,0,0,0,street_casual
mechanic,picnic_park,picnic_park,universal,,0,1,0,0,street_casual
mechanic,postal_service_counter,postal_service_counter,tag:workplace,workplace,1,0,0,0,street_casual
mechanic,print_shop,print_shop,tag:workplace,workplace,1,0,0,0,street_casual
mechanic,rainy_bus_stop,rainy_alley,universal,,0,1,0,1,street_casual
mechanic,rural_town_street,rural_town_street,universal,,0,1,0,0,street_casual
mechanic,school_library,school_library,universal,,0,1,0,0,street_casual
mechanic,shopping_mall_atrium,shopping_mall_atrium,universal,,0,1,0,0,street_casual
mechanic,street_cafe,street_cafe,universal,,0,1,0,0,street_casual
mechanic,suburban_neighborhood,suburban_neighborhood,universal,,0,1,0,0,street_casual
mechanic,surveillance_room,surveillance_room,tag:workplace,workplace,1,0,0,0,street_casual
mechanic,train_station_platform,train_station_platform,tag:workplace,workplace,1,0,0,0,street_casual
mechanic,vehicle_repair_garage,vehicle_repair_garage,existing,,0,0,1,0,street_casual
mechanic,winter_street,winter_street,universal,,0,1,0,0,street_casual
mori girl,abandoned_shrine,abandoned_shrine,tag:nature,nature,1,0,0,0,mori_natural
mori girl,aquarium,aquarium,tag:daily_public,daily_public,1,0,0,0,mori_natural
mori girl,art_gallery,art_gallery,tag:daily_public,daily_public,1,0,0,0,mori_natural
mori girl,bamboo_forest,bamboo_forest,tag:nature,nature,1,0,0,0,mori_natural
mori girl,bedroom_boudoir,bedroom_boudoir,universal,,0,1,0,0,mori_natural
mori girl,bike_station,bike_station,tag:daily_public,daily_public,1,0,0,0,mori_natural
mori girl,botanical_garden,botanical_garden,tag:daily_public,daily_public,1,0,0,0,mori_natural
mori girl,bus_terminal,bus_terminal,tag:daily_public,daily_public,1,0,0,0,mori_natural
mori girl,canal_walkway,canal_walkway,tag:daily_public,daily_public,1,0,0,0,mori_natural
mori girl,clean_modern_kitchen,clean_modern_kitchen,universal,,0,1,0,0,mori_natural
mori girl,clinic_waiting_room,clinic_waiting_room,tag:daily_public,daily_public,1,0,0,0,mori_natural
mori girl,community_center,community_center,tag:daily_public,daily_public,1,0,0,0,mori_natural
mori girl,community_garden,community_garden,tag:nature,nature,1,0,0,0,mori_natural
mori girl,commuter_transport,commuter_transport,tag:daily_public,daily_public,1,0,0,0,mori_natural
mori girl,cozy_bookstore,cozy_bookstore,tag:daily_public,daily_public,1,0,0,0,mori_natural
mori girl,cozy_living_room,cozy_living_room,universal,,0,1,0,0,mori_natural
mori girl,enchanted_lake,enchanted_lake,tag:nature,nature,1,0,0,0,mori_natural
mori girl,fantasy_forest,fantasy_forest,tag:nature,nature,1,0,0,0,mori_natural
mori girl,ferry_terminal,ferry_terminal,tag:daily_public,daily_public,1,0,0,0,mori_natural
mori girl,fire_station,fire_station,tag:daily_public,daily_public,1,0,0,0,mori_natural
mori girl,flower_market,flower_market,tag:nature,nature,1,0,0,0,mori_natural
mori girl,forest_cabin,forest_cabin,tag:nature,nature,1,0,0,0,mori_natural
mori girl,greenhouse_nursery,greenhouse_nursery,tag:nature,nature,1,0,0,0,mori_natural
mori girl,illuminated_park,illuminated_park,tag:daily_public,daily_public,1,0,0,0,mori_natural
mori girl,japanese_garden,japanese_garden,tag:nature,nature,1,0,0,0,mori_natural
mori girl,local_market_street,local_market_street,tag:daily_public,daily_public,1,0,0,0,mori_natural
mori girl,museum_hall,museum_hall,tag:daily_public,daily_public,1,0,0,0,mori_natural
mori girl,neighborhood_crosswalk,neighborhood_crosswalk,tag:daily_public,daily_public,1,0,0,0,mori_natural
mori girl,neighborhood_playground,neighborhood_playground,tag:daily_public,daily_public,1,0,0,0,mori_natural
mori girl,picnic_park,picnic_park,existing,,0,0,1,0,mori_natural
mori girl,postal_service_counter,postal_service_counter,tag:daily_public,daily_public,1,0,0,0,mori_natural
mori girl,public_library_lobby,public_library_lobby,tag:daily_public,daily_public,1,0,0,0,mori_natural
mori girl,public_plaza,public_plaza,tag:daily_public,daily_public,1,0,0,0,mori_natural
mori girl,rainy_bus_stop,rainy_alley,tag:daily_public,daily_public,1,0,0,1,mori_natural
mori girl,riverside_walk,riverside_walk,tag:daily_public,daily_public,1,0,0,0,mori_natural
mori girl,rural_town_street,rural_town_street,tag:daily_public,daily_public,1,0,0,0,mori_natural
mori girl,school_library,school_library,tag:daily_public,daily_public,1,0,0,0,mori_natural
mori girl,shinto_shrine,shinto_shrine,tag:nature,nature,1,0,0,0,mori_natural
mori girl,shopping_mall_atrium,shopping_mall_atrium,tag:daily_public,daily_public,1,0,0,0,mori_natural
mori girl,street_cafe,street_cafe,tag:daily_public,daily_public,1,0,0,0,mori_natural
mori girl,suburban_neighborhood,suburban_neighborhood,tag:daily_public,daily_public,1,0,0,0,mori_natural
mori girl,tram_platform,tram_platform,tag:daily_public,daily_public,1,0,0,0,mori_natural
mori girl,tropical_beach,tropical_beach,tag:nature,nature,1,0,0,0,mori_natural
mori girl,wave_barrel,wave_barrel,tag:nature,nature,1,0,0,0,mori_natural
mori girl,winter_street,winter_street,tag:daily_public,daily_public,1,0,0,0,mori_natural
morning customer,antique_shop,antique_shop,tag:retail_service,retail_service,1,0,0,0,cozy_cafe
morning customer,aquarium,aquarium,tag:leisure,leisure,1,0,0,0,cozy_cafe
morning customer,art_gallery,art_gallery,tag:leisure,leisure,1,0,0,0,cozy_cafe
morning customer,bakery_shop,bakery_shop,tag:retail_service,retail_service,1,0,0,0,cozy_cafe
morning customer,bedroom_boudoir,bedroom_boudoir,universal,,0,1,0,0,cozy_cafe
morning customer,bike_station,bike_station,tag:daily_public,daily_public,1,0,0,0,cozy_cafe
morning customer,botanical_garden,botanical_garden,tag:leisure,leisure,1,0,0,0,cozy_cafe
morning customer,bus_terminal,bus_terminal,tag:daily_public,daily_public,1,0,0,0,cozy_cafe
morning customer,canal_walkway,canal_walkway,tag:daily_public,daily_public,1,0,0,0,cozy_cafe
morning customer,cinema_lobby,cinema_lobby,tag:leisure,leisure,1,0,0,0,cozy_cafe
morning customer,clean_modern_kitchen,clean_modern_kitchen,universal,,0,1,0,0,cozy_cafe
morning customer,clinic_waiting_room,clinic_waiting_room,tag:daily_public,daily_public,1,0,0,0,cozy_cafe
morning customer,community_center,community_center,tag:daily_public,daily_public,1,0,0,0,cozy_cafe
morning customer,community_garden,community_garden,tag:suburban,suburban,1,0,0,0,cozy_cafe
morning customer,community_theater_backstage,community_theater_backstage,tag:leisure,leisure,1,0,0,0,cozy_cafe
morning customer,commuter_transport,commuter_transport,tag:daily_public,daily_public,1,0,0,0,cozy_cafe
morning customer,concert_stage,concert_stage,tag:leisure,leisure,1,0,0,0,cozy_cafe
morning customer,convenience_store,convenience_store,tag:retail_service,retail_service,1,0,0,0,cozy_cafe
morning customer,cozy_bookstore,cozy_bookstore,tag:retail_service,retail_service,1,0,0,0,cozy_cafe
morning customer,cozy_living_room,cozy_living_room,universal,,0,1,0,0,cozy_cafe
morning customer,neon_city_street,cyberpunk_street,tag:urban,urban,1,0,0,1,cozy_cafe
morning customer,drugstore_aisle,drugstore_aisle,tag:retail_service,retail_service,1,0,0,0,cozy_cafe
morning customer,family_restaurant,family_restaurant,tag:retail_service,retail_service,1,0,0,0,cozy_cafe
morning customer,fashion_boutique,fashion_boutique,tag:retail_service,retail_service,1,0,0,0,cozy_cafe
morning customer,ferry_terminal,ferry_terminal,tag:daily_public,daily_public,1,0,0,0,cozy_cafe
morning customer,fire_station,fire_station,tag:daily_public,daily_public,1,0,0,0,cozy_cafe
morning customer,fitness_gym,fitness_gym,tag:leisure,leisure,1,0,0,0,cozy_cafe
morning customer,flower_market,flower_market,tag:retail_service,retail_service,1,0,0,0,cozy_cafe
morning customer,food_court,food_court,tag:leisure,leisure,1,0,0,0,cozy_cafe
morning customer,game_arcade,game_arcade,tag:leisure,leisure,1,0,0,0,cozy_cafe
morning customer,greenhouse_nursery,greenhouse_nursery,tag:retail_service,retail_service,1,0,0,0,cozy_cafe
morning customer,illuminated_park,illuminated_park,tag:daily_public,daily_public,1,0,0,0,cozy_cafe
morning customer,karaoke_bar,karaoke_bar,tag:leisure,leisure,1,0,0,0,cozy_cafe
morning customer,local_market_street,local_market_street,tag:retail_service,retail_service,1,0,0,0,cozy_cafe
morning customer,luxury_hotel_lobby,luxury_hotel_lobby,tag:leisure,leisure,1,0,0,0,cozy_cafe
morning customer,luxury_hotel_room,luxury_hotel_room,tag:leisure,leisure,1,0,0,0,cozy_cafe
morning customer,mountain_resort,mountain_resort,tag:leisure,leisure,1,0,0,0,cozy_cafe
morning customer,museum_hall,museum_hall,tag:leisure,leisure,1,0,0,0,cozy_cafe
morning customer,neighborhood_crosswalk,neighborhood_crosswalk,tag:daily_public,daily_public,1,0,0,0,cozy_cafe
morning customer,neighborhood_playground,neighborhood_playground,tag:daily_public,daily_public,1,0,0,0,cozy_cafe
morning customer,observatory_dome,observatory_dome,tag:leisure,leisure,1,0,0,0,cozy_cafe
morning customer,opera_house,opera_house,tag:leisure,leisure,1,0,0,0,cozy_cafe
morning customer,picnic_park,picnic_park,tag:daily_public,daily_public,1,0,0,0,cozy_cafe
morning customer,poolside_resort,poolside_resort,tag:leisure,leisure,1,0,0,0,cozy_cafe
morning customer,postal_service_counter,postal_service_counter,tag:retail_service,retail_service,1,0,0,0,cozy_cafe
morning customer,print_shop,print_shop,tag:retail_service,retail_service,1,0,0,0,cozy_cafe
morning customer,public_library_lobby,public_library_lobby,tag:daily_public,daily_public,1,0,0,0,cozy_cafe
morning customer,public_plaza,public_plaza,tag:leisure,leisure,1,0,0,0,cozy_cafe
morning customer,rainy_bus_stop,rainy_alley,tag:daily_public,daily_public,1,0,0,1,cozy_cafe
morning customer,recording_studio,recording_studio,tag:leisure,leisure,1,0,0,0,cozy_cafe
morning customer,riverside_walk,riverside_walk,tag:daily_public,daily_public,1,0,0,0,cozy_cafe
morning customer,rooftop_cafe,rooftop_cafe,tag:leisure,leisure,1,0,0,0,cozy_cafe
morning customer,rural_town_street,rural_town_street,tag:daily_public,daily_public,1,0,0,0,cozy_cafe
morning customer,school_library,school_library,tag:daily_public,daily_public,1,0,0,0,cozy_cafe
morning customer,shopping_arcade,shopping_arcade,tag:retail_service,retail_service,1,0,0,0,cozy_cafe
morning customer,shopping_mall_atrium,shopping_mall_atrium,tag:retail_service,retail_service,1,0,0,0,cozy_cafe
morning customer,stadium_court,stadium_court,tag:leisure,leisure,1,0,0,0,cozy_cafe
morning customer,street_cafe,street_cafe,tag:retail_service,retail_service,1,0,0,0,cozy_cafe
morning customer,suburban_neighborhood,suburban_neighborhood,tag:daily_public,daily_public,1,0,0,0,cozy_cafe
morning customer,subway_ticket_gate,subway_ticket_gate,tag:urban,urban,1,0,0,0,cozy_cafe
morning customer,supermarket_aisle,supermarket_aisle,tag:retail_service,retail_service,1,0,0,0,cozy_cafe
morning customer,train_station_platform,train_station_platform,tag:urban,urban,1,0,0,0,cozy_cafe
morning customer,tram_platform,tram_platform,tag:daily_public,daily_public,1,0,0,0,cozy_cafe
morning customer,tropical_beach,tropical_beach,tag:leisure,leisure,1,0,0,0,cozy_cafe
morning customer,underground_bar,underground_bar,tag:leisure,leisure,1,0,0,0,cozy_cafe
morning customer,vehicle_repair_garage,vehicle_repair_garage,tag:urban,urban,1,0,0,0,cozy_cafe
morning customer,wave_barrel,wave_barrel,tag:leisure,leisure,1,0,0,0,cozy_cafe
morning customer,winter_street,winter_street,tag:daily_public,daily_public,1,0,0,0,cozy_cafe
morning customer,yoga_studio,yoga_studio,tag:leisure,leisure,1,0,0,0,cozy_cafe
morning girl,antique_shop,antique_shop,tag:retail_service,retail_service,1,0,0,0,room_loungewear
morning girl,apartment_balcony,apartment_balcony,tag:home_life,home_life,1,0,0,0,room_loungewear
morning girl,apartment_entryway,apartment_entryway,tag:home_life,home_life,1,0,0,0,room_loungewear
morning girl,aquarium,aquarium,tag:leisure,leisure,1,0,0,0,room_loungewear
morning girl,art_gallery,art_gallery,tag:leisure,leisure,1,0,0,0,room_loungewear
morning girl,bakery_shop,bakery_shop,tag:retail_service,retail_service,1,0,0,0,room_loungewear
morning girl,luxury_bathroom,bedroom_boudoir,tag:home_life,home_life,1,0,0,1,room_loungewear
morning girl,bike_station,bike_station,tag:daily_public,daily_public,1,0,0,0,room_loungewear
morning girl,botanical_garden,botanical_garden,tag:leisure,leisure,1,0,0,0,room_loungewear
morning girl,bus_terminal,bus_terminal,tag:daily_public,daily_public,1,0,0,0,room_loungewear
morning girl,canal_walkway,canal_walkway,tag:daily_public,daily_public,1,0,0,0,room_loungewear
morning girl,cinema_lobby,cinema_lobby,tag:leisure,leisure,1,0,0,0,room_loungewear
morning girl,clean_modern_kitchen,clean_modern_kitchen,tag:home_life,home_life,1,0,0,0,room_loungewear
morning girl,clinic_waiting_room,clinic_waiting_room,tag:daily_public,daily_public,1,0,0,0,room_loungewear
morning girl,community_center,community_center,tag:daily_public,daily_public,1,0,0,0,room_loungewear
morning girl,community_garden,community_garden,tag:suburban,suburban,1,0,0,0,room_loungewear
morning girl,community_theater_backstage,community_theater_backstage,tag:leisure,leisure,1,0,0,0,room_loungewear
morning girl,commuter_transport,commuter_transport,tag:daily_public,daily_public,1,0,0,0,room_loungewear
morning girl,concert_stage,concert_stage,tag:leisure,leisure,1,0,0,0,room_loungewear
morning girl,convenience_store,convenience_store,tag:retail_service,retail_service,1,0,0,0,room_loungewear
morning girl,cozy_bookstore,cozy_bookstore,tag:retail_service,retail_service,1,0,0,0,room_loungewear
morning girl,cozy_living_room,cozy_living_room,tag:home_life,home_life,1,0,0,0,room_loungewear
morning girl,drugstore_aisle,drugstore_aisle,tag:retail_service,retail_service,1,0,0,0,room_loungewear
morning girl,family_restaurant,family_restaurant,tag:retail_service,retail_service,1,0,0,0,room_loungewear
morning girl,fashion_boutique,fashion_boutique,tag:retail_service,retail_service,1,0,0,0,room_loungewear
morning girl,ferry_terminal,ferry_terminal,tag:daily_public,daily_public,1,0,0,0,room_loungewear
morning girl,fire_station,fire_station,tag:daily_public,daily_public,1,0,0,0,room_loungewear
morning girl,fitness_gym,fitness_gym,tag:leisure,leisure,1,0,0,0,room_loungewear
morning girl,flower_market,flower_market,tag:retail_service,retail_service,1,0,0,0,room_loungewear
morning girl,food_court,food_court,tag:leisure,leisure,1,0,0,0,room_loungewear
morning girl,forest_cabin,forest_cabin,tag:domestic,domestic,1,0,0,0,room_loungewear
morning girl,game_arcade,game_arcade,tag:leisure,leisure,1,0,0,0,room_loungewear
morning girl,greenhouse_nursery,greenhouse_nursery,tag:retail_service,retail_service,1,0,0,0,room_loungewear
morning girl,illuminated_park,illuminated_park,tag:daily_public,daily_public,1,0,0,0,room_loungewear
morning girl,karaoke_bar,karaoke_bar,tag:leisure,leisure,1,0,0,0,room_loungewear
morning girl,laundromat,laundromat,tag:home_life,home_life,1,0,0,0,room_loungewear
morning girl,local_market_street,local_market_street,tag:retail_service,retail_service,1,0,0,0,room_loungewear
morning girl,luxury_hotel_lobby,luxury_hotel_lobby,tag:leisure,leisure,1,0,0,0,room_loungewear
morning girl,luxury_hotel_room,luxury_hotel_room,tag:leisure,leisure,1,0,0,0,room_loungewear
morning girl,mountain_resort,mountain_resort,tag:leisure,leisure,1,0,0,0,room_loungewear
morning girl,museum_hall,museum_hall,tag:leisure,leisure,1,0,0,0,room_loungewear
morning girl,neighborhood_crosswalk,neighborhood_crosswalk,tag:daily_public,daily_public,1,0,0,0,room_loungewear
morning girl,neighborhood_playground,neighborhood_playground,tag:daily_public,daily_public,1,0,0,0,room_loungewear
morning girl,observatory_dome,observatory_dome,tag:leisure,leisure,1,0,0,0,room_loungewear
morning girl,opera_house,opera_house,tag:leisure,leisure,1,0,0,0,room_loungewear
morning girl,picnic_park,picnic_park,tag:daily_public,daily_public,1,0,0,0,room_loungewear
morning girl,poolside_resort,poolside_resort,tag:leisure,leisure,1,0,0,0,room_loungewear
morning girl,postal_service_counter,postal_service_counter,tag:retail_service,retail_service,1,0,0,0,room_loungewear
morning girl,print_shop,print_shop,tag:retail_service,retail_service,1,0,0,0,room_loungewear
morning girl,public_library_lobby,public_library_lobby,tag:daily_public,daily_public,1,0,0,0,room_loungewear
morning girl,public_plaza,public_plaza,tag:leisure,leisure,1,0,0,0,room_loungewear
morning girl,rainy_bus_stop,rainy_alley,tag:daily_public,daily_public,1,0,0,1,room_loungewear
morning girl,recording_studio,recording_studio,tag:leisure,leisure,1,0,0,0,room_loungewear
morning girl,riverside_walk,riverside_walk,tag:daily_public,daily_public,1,0,0,0,room_loungewear
morning girl,rooftop_cafe,rooftop_cafe,tag:leisure,leisure,1,0,0,0,room_loungewear
morning girl,rooftop_laundry_area,rooftop_laundry_area,tag:home_life,home_life,1,0,0,0,room_loungewear
morning girl,rural_town_street,rural_town_street,tag:daily_public,daily_public,1,0,0,0,room_loungewear
morning girl,school_library,school_library,tag:daily_public,daily_public,1,0,0,0,room_loungewear
morning girl,shopping_arcade,shopping_arcade,tag:retail_service,retail_service,1,0,0,0,room_loungewear
morning girl,shopping_mall_atrium,shopping_mall_atrium,tag:retail_service,retail_service,1,0,0,0,room_loungewear
morning girl,stadium_court,stadium_court,tag:leisure,leisure,1,0,0,0,room_loungewear
morning girl,street_cafe,street_cafe,tag:retail_service,retail_service,1,0,0,0,room_loungewear
morning girl,suburban_neighborhood,suburban_neighborhood,tag:daily_public,daily_public,1,0,0,0,room_loungewear
morning girl,supermarket_aisle,supermarket_aisle,tag:retail_service,retail_service,1,0,0,0,room_loungewear
morning girl,tram_platform,tram_platform,tag:daily_public,daily_public,1,0,0,0,room_loungewear
morning girl,tropical_beach,tropical_beach,tag:leisure,leisure,1,0,0,0,room_loungewear
morning girl,underground_bar,underground_bar,tag:leisure,leisure,1,0,0,0,room_loungewear
morning girl,wave_barrel,wave_barrel,tag:leisure,leisure,1,0,0,0,room_loungewear
morning girl,winter_street,winter_street,tag:daily_public,daily_public,1,0,0,0,room_loungewear
morning girl,yoga_studio,yoga_studio,tag:leisure,leisure,1,0,0,0,room_loungewear
mountain resort guest,abandoned_shrine,abandoned_shrine,tag:nature,nature,1,0,0,0,beach_resort
mountain resort guest,aquarium,aquarium,tag:daily_public,daily_public,1,0,0,0,beach_resort
mountain resort guest,art_gallery,art_gallery,tag:daily_public,daily_public,1,0,0,0,beach_resort
mountain resort guest,bamboo_forest,bamboo_forest,tag:nature,nature,1,0,0,0,beach_resort
mountain resort guest,bedroom_boudoir,bedroom_boudoir,universal,,0,1,0,0,beach_resort
mountain resort guest,bike_station,bike_station,tag:daily_public,daily_public,1,0,0,0,beach_resort
mountain resort guest,botanical_garden,botanical_garden,tag:daily_public,daily_public,1,0,0,0,beach_resort
mountain resort guest,bus_terminal,bus_terminal,tag:daily_public,daily_public,1,0,0,0,beach_resort
mountain resort guest,canal_walkway,canal_walkway,tag:daily_public,daily_public,1,0,0,0,beach_resort
mountain resort guest,cinema_lobby,cinema_lobby,tag:leisure,leisure,1,0,0,0,beach_resort
mountain resort guest,clean_modern_kitchen,clean_modern_kitchen,universal,,0,1,0,0,beach_resort
mountain resort guest,clinic_waiting_room,clinic_waiting_room,tag:daily_public,daily_public,1,0,0,0,beach_resort
mountain resort guest,community_center,community_center,tag:daily_public,daily_public,1,0,0,0,beach_resort
mountain resort guest,community_garden,community_garden,tag:nature,nature,1,0,0,0,beach_resort
mountain resort guest,community_theater_backstage,community_theater_backstage,tag:leisure,leisure,1,0,0,0,beach_resort
mountain resort guest,commuter_transport,commuter_transport,tag:daily_public,daily_public,1,0,0,0,beach_resort
mountain resort guest,concert_stage,concert_stage,tag:leisure,leisure,1,0,0,0,beach_resort
mountain resort guest,cozy_bookstore,cozy_bookstore,tag:daily_public,daily_public,1,0,0,0,beach_resort
mountain resort guest,cozy_living_room,cozy_living_room,universal,,0,1,0,0,beach_resort
mountain resort guest,enchanted_lake,enchanted_lake,tag:nature,nature,1,0,0,0,beach_resort
mountain resort guest,fantasy_forest,fantasy_forest,tag:nature,nature,1,0,0,0,beach_resort
mountain resort guest,ferry_terminal,ferry_terminal,tag:daily_public,daily_public,1,0,0,0,beach_resort
mountain resort guest,fire_station,fire_station,tag:daily_public,daily_public,1,0,0,0,beach_resort
mountain resort guest,fitness_gym,fitness_gym,tag:leisure,leisure,1,0,0,0,beach_resort
mountain resort guest,flower_market,flower_market,tag:nature,nature,1,0,0,0,beach_resort
mountain resort guest,food_court,food_court,tag:leisure,leisure,1,0,0,0,beach_resort
mountain resort guest,forest_cabin,forest_cabin,tag:nature,nature,1,0,0,0,beach_resort
mountain resort guest,game_arcade,game_arcade,tag:leisure,leisure,1,0,0,0,beach_resort
mountain resort guest,greenhouse_nursery,greenhouse_nursery,tag:nature,nature,1,0,0,0,beach_resort
mountain resort guest,illuminated_park,illuminated_park,tag:daily_public,daily_public,1,0,0,0,beach_resort
mountain resort guest,japanese_garden,japanese_garden,tag:nature,nature,1,0,0,0,beach_resort
mountain resort guest,karaoke_bar,karaoke_bar,tag:leisure,leisure,1,0,0,0,beach_resort
mountain resort guest,local_market_street,local_market_street,tag:daily_public,daily_public,1,0,0,0,beach_resort
mountain resort guest,luxury_hotel_lobby,luxury_hotel_lobby,tag:resort,resort,1,0,0,0,beach_resort
mountain resort guest,luxury_hotel_room,luxury_hotel_room,tag:resort,resort,1,0,0,0,beach_resort
mountain resort guest,mountain_resort,mountain_resort,tag:leisure,leisure,1,0,0,0,beach_resort
mountain resort guest,museum_hall,museum_hall,tag:daily_public,daily_public,1,0,0,0,beach_resort
mountain resort guest,neighborhood_crosswalk,neighborhood_crosswalk,tag:daily_public,daily_public,1,0,0,0,beach_resort
mountain resort guest,neighborhood_playground,neighborhood_playground,tag:daily_public,daily_public,1,0,0,0,beach_resort
mountain resort guest,observatory_dome,observatory_dome,tag:leisure,leisure,1,0,0,0,beach_resort
mountain resort guest,opera_house,opera_house,tag:leisure,leisure,1,0,0,0,beach_resort
mountain resort guest,picnic_park,picnic_park,tag:daily_public,daily_public,1,0,0,0,beach_resort
mountain resort guest,poolside_resort,poolside_resort,tag:resort,resort,1,0,0,0,beach_resort
mountain resort guest,postal_service_counter,postal_service_counter,tag:daily_public,daily_public,1,0,0,0,beach_resort
mountain resort guest,public_library_lobby,public_library_lobby,tag:daily_public,daily_public,1,0,0,0,beach_resort
mountain resort guest,public_plaza,public_plaza,tag:daily_public,daily_public,1,0,0,0,beach_resort
mountain resort guest,rainy_bus_stop,rainy_alley,tag:daily_public,daily_public,1,0,0,1,beach_resort
mountain resort guest,recording_studio,recording_studio,tag:leisure,leisure,1,0,0,0,beach_resort
mountain resort guest,riverside_walk,riverside_walk,tag:daily_public,daily_public,1,0,0,0,beach_resort
mountain resort guest,rooftop_cafe,rooftop_cafe,tag:leisure,leisure,1,0,0,0,beach_resort
mountain resort guest,rural_town_street,rural_town_street,tag:daily_public,daily_public,1,0,0,0,beach_resort
mountain resort guest,school_library,school_library,tag:daily_public,daily_public,1,0,0,0,beach_resort
mountain resort guest,shinto_shrine,shinto_shrine,tag:nature,nature,1,0,0,0,beach_resort
mountain resort guest,shopping_mall_atrium,shopping_mall_atrium,tag:daily_public,daily_public,1,0,0,0,beach_resort
mountain resort guest,stadium_court,stadium_court,tag:leisure,leisure,1,0,0,0,beach_resort
mountain resort guest,street_cafe,street_cafe,tag:daily_public,daily_public,1,0,0,0,beach_resort
mountain resort guest,suburban_neighborhood,suburban_neighborhood,tag:daily_public,daily_public,1,0,0,0,beach_resort
mountain resort guest,tram_platform,tram_platform,tag:daily_public,daily_public,1,0,0,0,beach_resort
mountain resort guest,tropical_beach,tropical_beach,tag:nature,nature,1,0,0,0,beach_resort
mountain resort guest,underground_bar,underground_bar,tag:leisure,leisure,1,0,0,0,beach_resort
mountain resort guest,wave_barrel,wave_barrel,tag:nature,nature,1,0,0,0,beach_resort
mountain resort guest,winter_street,winter_street,tag:daily_public,daily_public,1,0,0,0,beach_resort
mountain resort guest,yoga_studio,yoga_studio,tag:leisure,leisure,1,0,0,0,beach_resort
moviegoer,antique_shop,antique_shop,tag:retail_service,retail_service,1,0,0,0,urban_shopping
moviegoer,aquarium,aquarium,tag:leisure,leisure,1,0,0,0,urban_shopping
moviegoer,art_gallery,art_gallery,tag:leisure,leisure,1,0,0,0,urban_shopping
moviegoer,bakery_shop,bakery_shop,tag:retail_service,retail_service,1,0,0,0,urban_shopping
moviegoer,bedroom_boudoir,bedroom_boudoir,universal,,0,1,0,0,urban_shopping
moviegoer,bike_station,bike_station,tag:daily_public,daily_public,1,0,0,0,urban_shopping
moviegoer,botanical_garden,botanical_garden,tag:leisure,leisure,1,0,0,0,urban_shopping
moviegoer,bus_terminal,bus_terminal,tag:daily_public,daily_public,1,0,0,0,urban_shopping
moviegoer,canal_walkway,canal_walkway,tag:daily_public,daily_public,1,0,0,0,urban_shopping
moviegoer,cinema_lobby,cinema_lobby,tag:leisure,leisure,1,0,0,0,urban_shopping
moviegoer,clean_modern_kitchen,clean_modern_kitchen,universal,,0,1,0,0,urban_shopping
moviegoer,clinic_waiting_room,clinic_waiting_room,tag:daily_public,daily_public,1,0,0,0,urban_shopping
moviegoer,community_center,community_center,tag:daily_public,daily_public,1,0,0,0,urban_shopping
moviegoer,community_garden,community_garden,tag:suburban,suburban,1,0,0,0,urban_shopping
moviegoer,community_theater_backstage,community_theater_backstage,tag:leisure,leisure,1,0,0,0,urban_shopping
moviegoer,commuter_transport,commuter_transport,tag:daily_public,daily_public,1,0,0,0,urban_shopping
moviegoer,concert_stage,concert_stage,tag:leisure,leisure,1,0,0,0,urban_shopping
moviegoer,convenience_store,convenience_store,tag:retail_service,retail_service,1,0,0,0,urban_shopping
moviegoer,cozy_bookstore,cozy_bookstore,tag:retail_service,retail_service,1,0,0,0,urban_shopping
moviegoer,cozy_living_room,cozy_living_room,universal,,0,1,0,0,urban_shopping
moviegoer,neon_city_street,cyberpunk_street,tag:urban,urban,1,0,0,1,urban_shopping
moviegoer,drugstore_aisle,drugstore_aisle,tag:retail_service,retail_service,1,0,0,0,urban_shopping
moviegoer,family_restaurant,family_restaurant,tag:retail_service,retail_service,1,0,0,0,urban_shopping
moviegoer,fashion_boutique,fashion_boutique,tag:retail_service,retail_service,1,0,0,0,urban_shopping
moviegoer,ferry_terminal,ferry_terminal,tag:daily_public,daily_public,1,0,0,0,urban_shopping
moviegoer,fire_station,fire_station,tag:daily_public,daily_public,1,0,0,0,urban_shopping
moviegoer,fitness_gym,fitness_gym,tag:leisure,leisure,1,0,0,0,urban_shopping
moviegoer,flower_market,flower_market,tag:retail_service,retail_service,1,0,0,0,urban_shopping
moviegoer,food_court,food_court,tag:leisure,leisure,1,0,0,0,urban_shopping
moviegoer,game_arcade,game_arcade,tag:leisure,leisure,1,0,0,0,urban_shopping
moviegoer,greenhouse_nursery,greenhouse_nursery,tag:retail_service,retail_service,1,0,0,0,urban_shopping
moviegoer,illuminated_park,illuminated_park,tag:daily_public,daily_public,1,0,0,0,urban_shopping
moviegoer,karaoke_bar,karaoke_bar,tag:leisure,leisure,1,0,0,0,urban_shopping
moviegoer,local_market_street,local_market_street,tag:retail_service,retail_service,1,0,0,0,urban_shopping
moviegoer,luxury_hotel_lobby,luxury_hotel_lobby,tag:leisure,leisure,1,0,0,0,urban_shopping
moviegoer,luxury_hotel_room,luxury_hotel_room,tag:leisure,leisure,1,0,0,0,urban_shopping
moviegoer,mountain_resort,mountain_resort,tag:leisure,leisure,1,0,0,0,urban_shopping
moviegoer,museum_hall,museum_hall,tag:leisure,leisure,1,0,0,0,urban_shopping
moviegoer,neighborhood_crosswalk,neighborhood_crosswalk,tag:daily_public,daily_public,1,0,0,0,urban_shopping
moviegoer,neighborhood_playground,neighborhood_playground,tag:daily_public,daily_public,1,0,0,0,urban_shopping
moviegoer,observatory_dome,observatory_dome,tag:leisure,leisure,1,0,0,0,urban_shopping
moviegoer,opera_house,opera_house,tag:leisure,leisure,1,0,0,0,urban_shopping
moviegoer,picnic_park,picnic_park,tag:daily_public,daily_public,1,0,0,0,urban_shopping
moviegoer,poolside_resort,poolside_resort,tag:leisure,leisure,1,0,0,0,urban_shopping
moviegoer,postal_service_counter,postal_service_counter,tag:retail_service,retail_service,1,0,0,0,urban_shopping
moviegoer,print_shop,print_shop,tag:retail_service,retail_service,1,0,0,0,urban_shopping
moviegoer,public_library_lobby,public_library_lobby,tag:daily_public,daily_public,1,0,0,0,urban_shopping
moviegoer,public_plaza,public_plaza,tag:leisure,leisure,1,0,0,0,urban_shopping
moviegoer,rainy_bus_stop,rainy_alley,tag:daily_public,daily_public,1,0,0,1,urban_shopping
moviegoer,recording_studio,recording_studio,tag:leisure,leisure,1,0,0,0,urban_shopping
moviegoer,riverside_walk,riverside_walk,tag:daily_public,daily_public,1,0,0,0,urban_shopping
moviegoer,rooftop_cafe,rooftop_cafe,tag:leisure,leisure,1,0,0,0,urban_shopping
moviegoer,rural_town_street,rural_town_street,tag:daily_public,daily_public,1,0,0,0,urban_shopping
moviegoer,school_library,school_library,tag:daily_public,daily_public,1,0,0,0,urban_shopping
moviegoer,shopping_arcade,shopping_arcade,tag:retail_service,retail_service,1,0,0,0,urban_shopping
moviegoer,shopping_mall_atrium,shopping_mall_atrium,tag:retail_service,retail_service,1,0,0,0,urban_shopping
moviegoer,stadium_court,stadium_court,tag:leisure,leisure,1,0,0,0,urban_shopping
moviegoer,street_cafe,street_cafe,tag:retail_service,retail_service,1,0,0,0,urban_shopping
moviegoer,suburban_neighborhood,suburban_neighborhood,tag:daily_public,daily_public,1,0,0,0,urban_shopping
moviegoer,subway_ticket_gate,subway_ticket_gate,tag:urban,urban,1,0,0,0,urban_shopping
moviegoer,supermarket_aisle,supermarket_aisle,tag:retail_service,retail_service,1,0,0,0,urban_shopping
moviegoer,train_station_platform,train_station_platform,tag:urban,urban,1,0,0,0,urban_shopping
moviegoer,tram_platform,tram_platform,tag:daily_public,daily_public,1,0,0,0,urban_shopping
moviegoer,tropical_beach,tropical_beach,tag:leisure,leisure,1,0,0,0,urban_shopping
moviegoer,underground_bar,underground_bar,tag:leisure,leisure,1,0,0,0,urban_shopping
moviegoer,vehicle_repair_garage,vehicle_repair_garage,tag:urban,urban,1,0,0,0,urban_shopping
moviegoer,wave_barrel,wave_barrel,tag:leisure,leisure,1,0,0,0,urban_shopping
moviegoer,winter_street,winter_street,tag:daily_public,daily_public,1,0,0,0,urban_shopping
moviegoer,yoga_studio,yoga_studio,tag:leisure,leisure,1,0,0,0,urban_shopping
museum docent,antique_shop,antique_shop,tag:quiet_indoor,quiet_indoor,1,0,0,0,cozy_cafe
museum docent,aquarium,aquarium,tag:daily_public,daily_public,1,0,0,0,cozy_cafe
museum docent,art_gallery,art_gallery,tag:daily_public,daily_public,1,0,0,0,cozy_cafe
museum docent,bedroom_boudoir,bedroom_boudoir,universal,,0,1,0,0,cozy_cafe
museum docent,bike_station,bike_station,tag:daily_public,daily_public,1,0,0,0,cozy_cafe
museum docent,botanical_garden,botanical_garden,tag:daily_public,daily_public,1,0,0,0,cozy_cafe
museum docent,bus_terminal,bus_terminal,tag:daily_public,daily_public,1,0,0,0,cozy_cafe
museum docent,canal_walkway,canal_walkway,tag:daily_public,daily_public,1,0,0,0,cozy_cafe
museum docent,cinema_lobby,cinema_lobby,tag:leisure,leisure,1,0,0,0,cozy_cafe
museum docent,clean_modern_kitchen,clean_modern_kitchen,universal,,0,1,0,0,cozy_cafe
museum docent,clinic_waiting_room,clinic_waiting_room,tag:daily_public,daily_public,1,0,0,0,cozy_cafe
museum docent,community_center,community_center,tag:daily_public,daily_public,1,0,0,0,cozy_cafe
museum docent,community_theater_backstage,community_theater_backstage,tag:leisure,leisure,1,0,0,0,cozy_cafe
museum docent,commuter_transport,commuter_transport,tag:daily_public,daily_public,1,0,0,0,cozy_cafe
museum docent,concert_stage,concert_stage,tag:leisure,leisure,1,0,0,0,cozy_cafe
museum docent,cozy_bookstore,cozy_bookstore,tag:daily_public,daily_public,1,0,0,0,cozy_cafe
museum docent,cozy_living_room,cozy_living_room,universal,,0,1,0,0,cozy_cafe
museum docent,design_studio,design_studio,tag:quiet_indoor,quiet_indoor,1,0,0,0,cozy_cafe
museum docent,ferry_terminal,ferry_terminal,tag:daily_public,daily_public,1,0,0,0,cozy_cafe
museum docent,fire_station,fire_station,tag:daily_public,daily_public,1,0,0,0,cozy_cafe
museum docent,fitness_gym,fitness_gym,tag:leisure,leisure,1,0,0,0,cozy_cafe
museum docent,food_court,food_court,tag:leisure,leisure,1,0,0,0,cozy_cafe
museum docent,game_arcade,game_arcade,tag:leisure,leisure,1,0,0,0,cozy_cafe
museum docent,illuminated_park,illuminated_park,tag:daily_public,daily_public,1,0,0,0,cozy_cafe
museum docent,karaoke_bar,karaoke_bar,tag:leisure,leisure,1,0,0,0,cozy_cafe
museum docent,local_market_street,local_market_street,tag:daily_public,daily_public,1,0,0,0,cozy_cafe
museum docent,luxury_hotel_lobby,luxury_hotel_lobby,tag:leisure,leisure,1,0,0,0,cozy_cafe
museum docent,luxury_hotel_room,luxury_hotel_room,tag:leisure,leisure,1,0,0,0,cozy_cafe
museum docent,mountain_resort,mountain_resort,tag:leisure,leisure,1,0,0,0,cozy_cafe
museum docent,museum_hall,museum_hall,tag:daily_public,daily_public,1,0,0,0,cozy_cafe
museum docent,neighborhood_crosswalk,neighborhood_crosswalk,tag:daily_public,daily_public,1,0,0,0,cozy_cafe
museum docent,neighborhood_playground,neighborhood_playground,tag:daily_public,daily_public,1,0,0,0,cozy_cafe
museum docent,observatory_dome,observatory_dome,tag:leisure,leisure,1,0,0,0,cozy_cafe
museum docent,opera_house,opera_house,tag:leisure,leisure,1,0,0,0,cozy_cafe
museum docent,picnic_park,picnic_park,tag:daily_public,daily_public,1,0,0,0,cozy_cafe
museum docent,poolside_resort,poolside_resort,tag:leisure,leisure,1,0,0,0,cozy_cafe
museum docent,postal_service_counter,postal_service_counter,tag:daily_public,daily_public,1,0,0,0,cozy_cafe
museum docent,public_library_lobby,public_library_lobby,tag:daily_public,daily_public,1,0,0,0,cozy_cafe
museum docent,public_plaza,public_plaza,tag:daily_public,daily_public,1,0,0,0,cozy_cafe
museum docent,rainy_bus_stop,rainy_alley,tag:daily_public,daily_public,1,0,0,1,cozy_cafe
museum docent,recording_studio,recording_studio,tag:leisure,leisure,1,0,0,0,cozy_cafe
museum docent,riverside_walk,riverside_walk,tag:daily_public,daily_public,1,0,0,0,cozy_cafe
museum docent,rooftop_cafe,rooftop_cafe,tag:leisure,leisure,1,0,0,0,cozy_cafe
museum docent,rural_town_street,rural_town_street,tag:daily_public,daily_public,1,0,0,0,cozy_cafe
museum docent,school_clubroom,school_clubroom,tag:quiet_indoor,quiet_indoor,1,0,0,0,cozy_cafe
museum docent,school_library,school_library,tag:daily_public,daily_public,1,0,0,0,cozy_cafe
museum docent,shopping_mall_atrium,shopping_mall_atrium,tag:daily_public,daily_public,1,0,0,0,cozy_cafe
museum docent,stadium_court,stadium_court,tag:leisure,leisure,1,0,0,0,cozy_cafe
museum docent,street_cafe,street_cafe,tag:daily_public,daily_public,1,0,0,0,cozy_cafe
museum docent,suburban_neighborhood,suburban_neighborhood,tag:daily_public,daily_public,1,0,0,0,cozy_cafe
museum docent,tea_room,tea_room,tag:quiet_indoor,quiet_indoor,1,0,0,0,cozy_cafe
museum docent,tram_platform,tram_platform,tag:daily_public,daily_public,1,0,0,0,cozy_cafe
museum docent,tropical_beach,tropical_beach,tag:leisure,leisure,1,0,0,0,cozy_cafe
museum docent,underground_bar,underground_bar,tag:leisure,leisure,1,0,0,0,cozy_cafe
museum docent,wave_barrel,wave_barrel,tag:leisure,leisure,1,0,0,0,cozy_cafe
museum docent,winter_street,winter_street,tag:daily_public,daily_public,1,0,0,0,cozy_cafe
museum docent,yoga_studio,yoga_studio,tag:leisure,leisure,1,0,0,0,cozy_cafe
nature wanderer,abandoned_shrine,abandoned_shrine,tag:nature,nature,1,0,0,0,mori_natural
nature wanderer,aquarium,aquarium,tag:daily_public,daily_public,1,0,0,0,mori_natural
nature wanderer,art_gallery,art_gallery,tag:daily_public,daily_public,1,0,0,0,mori_natural
nature wanderer,bamboo_forest,bamboo_forest,tag:nature,nature,1,0,0,0,mori_natural
nature wanderer,bedroom_boudoir,bedroom_boudoir,universal,,0,1,0,0,mori_natural
nature wanderer,bike_station,bike_station,tag:daily_public,daily_public,1,0,0,0,mori_natural
nature wanderer,botanical_garden,botanical_garden,tag:daily_public,daily_public,1,0,0,0,mori_natural
nature wanderer,bus_terminal,bus_terminal,tag:daily_public,daily_public,1,0,0,0,mori_natural
nature wanderer,canal_walkway,canal_walkway,tag:daily_public,daily_public,1,0,0,0,mori_natural
nature wanderer,clean_modern_kitchen,clean_modern_kitchen,universal,,0,1,0,0,mori_natural
nature wanderer,clinic_waiting_room,clinic_waiting_room,tag:daily_public,daily_public,1,0,0,0,mori_natural
nature wanderer,community_center,community_center,tag:daily_public,daily_public,1,0,0,0,mori_natural
nature wanderer,community_garden,community_garden,tag:nature,nature,1,0,0,0,mori_natural
nature wanderer,commuter_transport,commuter_transport,tag:daily_public,daily_public,1,0,0,0,mori_natural
nature wanderer,cozy_bookstore,cozy_bookstore,tag:daily_public,daily_public,1,0,0,0,mori_natural
nature wanderer,cozy_living_room,cozy_living_room,universal,,0,1,0,0,mori_natural
nature wanderer,enchanted_lake,enchanted_lake,tag:nature,nature,1,0,0,0,mori_natural
nature wanderer,fantasy_forest,fantasy_forest,existing,,0,0,1,0,mori_natural
nature wanderer,ferry_terminal,ferry_terminal,tag:daily_public,daily_public,1,0,0,0,mori_natural
nature wanderer,fire_station,fire_station,tag:daily_public,daily_public,1,0,0,0,mori_natural
nature wanderer,flower_market,flower_market,tag:nature,nature,1,0,0,0,mori_natural
nature wanderer,forest_cabin,forest_cabin,tag:nature,nature,1,0,0,0,mori_natural
nature wanderer,greenhouse_nursery,greenhouse_nursery,tag:nature,nature,1,0,0,0,mori_natural
nature wanderer,illuminated_park,illuminated_park,tag:daily_public,daily_public,1,0,0,0,mori_natural
nature wanderer,japanese_garden,japanese_garden,tag:nature,nature,1,0,0,0,mori_natural
nature wanderer,local_market_street,local_market_street,tag:daily_public,daily_public,1,0,0,0,mori_natural
nature wanderer,museum_hall,museum_hall,tag:daily_public,daily_public,1,0,0,0,mori_natural
nature wanderer,neighborhood_crosswalk,neighborhood_crosswalk,tag:daily_public,daily_public,1,0,0,0,mori_natural
nature wanderer,neighborhood_playground,neighborhood_playground,tag:daily_public,daily_public,1,0,0,0,mori_natural
nature wanderer,picnic_park,picnic_park,tag:daily_public,daily_public,1,0,0,0,mori_natural
nature wanderer,postal_service_counter,postal_service_counter,tag:daily_public,daily_public,1,0,0,0,mori_natural
nature wanderer,public_library_lobby,public_library_lobby,tag:daily_public,daily_public,1,0,0,0,mori_natural
nature wanderer,public_plaza,public_plaza,tag:daily_public,daily_public,1,0,0,0,mori_natural
nature wanderer,rainy_bus_stop,rainy_alley,tag:daily_public,daily_public,1,0,0,1,mori_natural
nature wanderer,riverside_walk,riverside_walk,tag:daily_public,daily_public,1,0,0,0,mori_natural
nature wanderer,rural_town_street,rural_town_street,tag:daily_public,daily_public,1,0,0,0,mori_natural
nature wanderer,school_library,school_library,tag:daily_public,daily_public,1,0,0,0,mori_natural
nature wanderer,shinto_shrine,shinto_shrine,tag:nature,nature,1,0,0,0,mori_natural
nature wanderer,shopping_mall_atrium,shopping_mall_atrium,tag:daily_public,daily_public,1,0,0,0,mori_natural
nature wanderer,street_cafe,street_cafe,tag:daily_public,daily_public,1,0,0,0,mori_natural
nature wanderer,suburban_neighborhood,suburban_neighborhood,tag:daily_public,daily_public,1,0,0,0,mori_natural
nature wanderer,tram_platform,tram_platform,tag:daily_public,daily_public,1,0,0,0,mori_natural
nature wanderer,tropical_beach,tropical_beach,tag:nature,nature,1,0,0,0,mori_natural
nature wanderer,wave_barrel,wave_barrel,tag:nature,nature,1,0,0,0,mori_natural
nature wanderer,winter_street,winter_street,tag:daily_public,daily_public,1,0,0,0,mori_natural
neighborhood student,antique_shop,antique_shop,tag:retail_service,retail_service,1,0,0,0,school_uniform
neighborhood student,aquarium,aquarium,tag:leisure,leisure,1,0,0,0,school_uniform
neighborhood student,art_gallery,art_gallery,tag:leisure,leisure,1,0,0,0,school_uniform
neighborhood student,bakery_shop,bakery_shop,tag:retail_service,retail_service,1,0,0,0,school_uniform
neighborhood student,bedroom_boudoir,bedroom_boudoir,universal,,0,1,0,0,school_uniform
neighborhood student,bike_station,bike_station,tag:transit,transit,1,0,0,0,school_uniform
neighborhood student,botanical_garden,botanical_garden,tag:leisure,leisure,1,0,0,0,school_uniform
neighborhood student,bus_terminal,bus_terminal,tag:transit,transit,1,0,0,0,school_uniform
neighborhood student,campus_cafeteria,campus_cafeteria,tag:school,school,1,0,0,0,school_uniform
neighborhood student,campus_hallway,campus_hallway,tag:school,school,1,0,0,0,school_uniform
neighborhood student,canal_walkway,canal_walkway,tag:daily_public,daily_public,1,0,0,0,school_uniform
neighborhood student,cinema_lobby,cinema_lobby,tag:leisure,leisure,1,0,0,0,school_uniform
neighborhood student,clean_modern_kitchen,clean_modern_kitchen,universal,,0,1,0,0,school_uniform
neighborhood student,clinic_waiting_room,clinic_waiting_room,tag:quiet_indoor,quiet_indoor,1,0,0,0,school_uniform
neighborhood student,community_center,community_center,tag:daily_public,daily_public,1,0,0,0,school_uniform
neighborhood student,community_garden,community_garden,tag:suburban,suburban,1,0,0,0,school_uniform
neighborhood student,community_theater_backstage,community_theater_backstage,tag:leisure,leisure,1,0,0,0,school_uniform
neighborhood student,commuter_transport,commuter_transport,tag:transit,transit,1,0,0,0,school_uniform
neighborhood student,concert_stage,concert_stage,tag:leisure,leisure,1,0,0,0,school_uniform
neighborhood student,convenience_store,convenience_store,tag:retail_service,retail_service,1,0,0,0,school_uniform
neighborhood student,cozy_bookstore,cozy_bookstore,tag:retail_service,retail_service,1,0,0,0,school_uniform
neighborhood student,cozy_living_room,cozy_living_room,universal,,0,1,0,0,school_uniform
neighborhood student,design_studio,design_studio,tag:quiet_indoor,quiet_indoor,1,0,0,0,school_uniform
neighborhood student,drugstore_aisle,drugstore_aisle,tag:retail_service,retail_service,1,0,0,0,school_uniform
neighborhood student,family_restaurant,family_restaurant,tag:retail_service,retail_service,1,0,0,0,school_uniform
neighborhood student,fashion_boutique,fashion_boutique,tag:retail_service,retail_service,1,0,0,0,school_uniform
neighborhood student,ferry_terminal,ferry_terminal,tag:transit,transit,1,0,0,0,school_uniform
neighborhood student,fire_station,fire_station,tag:daily_public,daily_public,1,0,0,0,school_uniform
neighborhood student,fitness_gym,fitness_gym,tag:leisure,leisure,1,0,0,0,school_uniform
neighborhood student,flower_market,flower_market,tag:retail_service,retail_service,1,0,0,0,school_uniform
neighborhood student,food_court,food_court,tag:leisure,leisure,1,0,0,0,school_uniform
neighborhood student,game_arcade,game_arcade,tag:leisure,leisure,1,0,0,0,school_uniform
neighborhood student,greenhouse_nursery,greenhouse_nursery,tag:retail_service,retail_service,1,0,0,0,school_uniform
neighborhood student,illuminated_park,illuminated_park,tag:daily_public,daily_public,1,0,0,0,school_uniform
neighborhood student,karaoke_bar,karaoke_bar,tag:leisure,leisure,1,0,0,0,school_uniform
neighborhood student,local_market_street,local_market_street,tag:retail_service,retail_service,1,0,0,0,school_uniform
neighborhood student,luxury_hotel_lobby,luxury_hotel_lobby,tag:leisure,leisure,1,0,0,0,school_uniform
neighborhood student,luxury_hotel_room,luxury_hotel_room,tag:leisure,leisure,1,0,0,0,school_uniform
neighborhood student,mountain_resort,mountain_resort,tag:leisure,leisure,1,0,0,0,school_uniform
neighborhood student,museum_hall,museum_hall,tag:leisure,leisure,1,0,0,0,school_uniform
neighborhood student,neighborhood_crosswalk,neighborhood_crosswalk,tag:transit,transit,1,0,0,0,school_uniform
neighborhood student,neighborhood_playground,neighborhood_playground,tag:daily_public,daily_public,1,0,0,0,school_uniform
neighborhood student,observatory_dome,observatory_dome,tag:leisure,leisure,1,0,0,0,school_uniform
neighborhood student,opera_house,opera_house,tag:leisure,leisure,1,0,0,0,school_uniform
neighborhood student,picnic_park,picnic_park,tag:daily_public,daily_public,1,0,0,0,school_uniform
neighborhood student,poolside_resort,poolside_resort,tag:leisure,leisure,1,0,0,0,school_uniform
neighborhood student,postal_service_counter,postal_service_counter,tag:retail_service,retail_service,1,0,0,0,school_uniform
neighborhood student,print_shop,print_shop,tag:retail_service,retail_service,1,0,0,0,school_uniform
neighborhood student,public_library_lobby,public_library_lobby,tag:quiet_indoor,quiet_indoor,1,0,0,0,school_uniform
neighborhood student,public_plaza,public_plaza,tag:leisure,leisure,1,0,0,0,school_uniform
neighborhood student,rainy_bus_stop,rainy_alley,tag:transit,transit,1,0,0,1,school_uniform
neighborhood student,recording_studio,recording_studio,tag:leisure,leisure,1,0,0,0,school_uniform
neighborhood student,riverside_walk,riverside_walk,tag:daily_public,daily_public,1,0,0,0,school_uniform
neighborhood student,rooftop_cafe,rooftop_cafe,tag:leisure,leisure,1,0,0,0,school_uniform
neighborhood student,rural_town_street,rural_town_street,tag:daily_public,daily_public,1,0,0,0,school_uniform
neighborhood student,school_classroom,school_classroom,tag:school,school,1,0,0,0,school_uniform
neighborhood student,school_clubroom,school_clubroom,tag:quiet_indoor,quiet_indoor,1,0,0,0,school_uniform
neighborhood student,school_gym_hall,school_gym_hall,tag:school,school,1,0,0,0,school_uniform
neighborhood student,school_library,school_library,tag:quiet_indoor,quiet_indoor,1,0,0,0,school_uniform
neighborhood student,school_rooftop,school_rooftop,tag:school,school,1,0,0,0,school_uniform
neighborhood student,shopping_arcade,shopping_arcade,tag:retail_service,retail_service,1,0,0,0,school_uniform
neighborhood student,shopping_mall_atrium,shopping_mall_atrium,tag:retail_service,retail_service,1,0,0,0,school_uniform
neighborhood student,stadium_court,stadium_court,tag:leisure,leisure,1,0,0,0,school_uniform
neighborhood student,street_cafe,street_cafe,tag:retail_service,retail_service,1,0,0,0,school_uniform
neighborhood student,suburban_neighborhood,suburban_neighborhood,tag:daily_public,daily_public,1,0,0,0,school_uniform
neighborhood student,subway_ticket_gate,subway_ticket_gate,tag:transit,transit,1,0,0,0,school_uniform
neighborhood student,supermarket_aisle,supermarket_aisle,tag:retail_service,retail_service,1,0,0,0,school_uniform
neighborhood student,tea_room,tea_room,tag:quiet_indoor,quiet_indoor,1,0,0,0,school_uniform
neighborhood student,train_station_platform,train_station_platform,tag:transit,transit,1,0,0,0,school_uniform
neighborhood student,tram_platform,tram_platform,tag:transit,transit,1,0,0,0,school_uniform
neighborhood student,tropical_beach,tropical_beach,tag:leisure,leisure,1,0,0,0,school_uniform
neighborhood student,underground_bar,underground_bar,tag:leisure,leisure,1,0,0,0,school_uniform
neighborhood student,university_campus_courtyard,university_campus_courtyard,tag:school,school,1,0,0,0,school_uniform
neighborhood student,wave_barrel,wave_barrel,tag:leisure,leisure,1,0,0,0,school_uniform
neighborhood student,winter_street,winter_street,tag:daily_public,daily_public,1,0,0,0,school_uniform
neighborhood student,yoga_studio,yoga_studio,tag:leisure,leisure,1,0,0,0,school_uniform
neighborhood walker,antique_shop,antique_shop,tag:retail_service,retail_service,1,0,0,0,street_casual
neighborhood walker,aquarium,aquarium,tag:leisure,leisure,1,0,0,0,street_casual
neighborhood walker,art_gallery,art_gallery,tag:leisure,leisure,1,0,0,0,street_casual
neighborhood walker,bakery_shop,bakery_shop,tag:retail_service,retail_service,1,0,0,0,street_casual
neighborhood walker,bedroom_boudoir,bedroom_boudoir,universal,,0,1,0,0,street_casual
neighborhood walker,bike_station,bike_station,tag:transit,transit,1,0,0,0,street_casual
neighborhood walker,botanical_garden,botanical_garden,tag:leisure,leisure,1,0,0,0,street_casual
neighborhood walker,bus_terminal,bus_terminal,tag:transit,transit,1,0,0,0,street_casual
neighborhood walker,canal_walkway,canal_walkway,tag:daily_public,daily_public,1,0,0,0,street_casual
neighborhood walker,cinema_lobby,cinema_lobby,tag:leisure,leisure,1,0,0,0,street_casual
neighborhood walker,clean_modern_kitchen,clean_modern_kitchen,universal,,0,1,0,0,street_casual
neighborhood walker,clinic_waiting_room,clinic_waiting_room,tag:daily_public,daily_public,1,0,0,0,street_casual
neighborhood walker,community_center,community_center,tag:suburban,suburban,1,0,0,0,street_casual
neighborhood walker,community_garden,community_garden,tag:suburban,suburban,1,0,0,0,street_casual
neighborhood walker,community_theater_backstage,community_theater_backstage,tag:leisure,leisure,1,0,0,0,street_casual
neighborhood walker,commuter_transport,commuter_transport,tag:transit,transit,1,0,0,0,street_casual
neighborhood walker,concert_stage,concert_stage,tag:leisure,leisure,1,0,0,0,street_casual
neighborhood walker,convenience_store,convenience_store,tag:retail_service,retail_service,1,0,0,0,street_casual
neighborhood walker,cozy_bookstore,cozy_bookstore,tag:retail_service,retail_service,1,0,0,0,street_casual
neighborhood walker,cozy_living_room,cozy_living_room,universal,,0,1,0,0,street_casual
neighborhood walker,drugstore_aisle,drugstore_aisle,tag:retail_service,retail_service,1,0,0,0,street_casual
neighborhood walker,family_restaurant,family_restaurant,tag:retail_service,retail_service,1,0,0,0,street_casual
neighborhood walker,fashion_boutique,fashion_boutique,tag:retail_service,retail_service,1,0,0,0,street_casual
neighborhood walker,ferry_terminal,ferry_terminal,tag:transit,transit,1,0,0,0,street_casual
neighborhood walker,fire_station,fire_station,tag:daily_public,daily_public,1,0,0,0,street_casual
neighborhood walker,fitness_gym,fitness_gym,tag:leisure,leisure,1,0,0,0,street_casual
neighborhood walker,flower_market,flower_market,tag:retail_service,retail_service,1,0,0,0,street_casual
neighborhood walker,food_court,food_court,tag:leisure,leisure,1,0,0,0,street_casual
neighborhood walker,game_arcade,game_arcade,tag:leisure,leisure,1,0,0,0,street_casual
neighborhood walker,greenhouse_nursery,greenhouse_nursery,tag:retail_service,retail_service,1,0,0,0,street_casual
neighborhood walker,illuminated_park,illuminated_park,tag:daily_public,daily_public,1,0,0,0,street_casual
neighborhood walker,karaoke_bar,karaoke_bar,tag:leisure,leisure,1,0,0,0,street_casual
neighborhood walker,local_market_street,local_market_street,tag:retail_service,retail_service,1,0,0,0,street_casual
neighborhood walker,luxury_hotel_lobby,luxury_hotel_lobby,tag:leisure,leisure,1,0,0,0,street_casual
neighborhood walker,luxury_hotel_room,luxury_hotel_room,tag:leisure,leisure,1,0,0,0,street_casual
neighborhood walker,mountain_resort,mountain_resort,tag:leisure,leisure,1,0,0,0,street_casual
neighborhood walker,museum_hall,museum_hall,tag:leisure,leisure,1,0,0,0,street_casual
neighborhood walker,neighborhood_crosswalk,neighborhood_crosswalk,tag:transit,transit,1,0,0,0,street_casual
neighborhood walker,neighborhood_playground,neighborhood_playground,tag:suburban,suburban,1,0,0,0,street_casual
neighborhood walker,observatory_dome,observatory_dome,tag:leisure,leisure,1,0,0,0,street_casual
neighborhood walker,opera_house,opera_house,tag:leisure,leisure,1,0,0,0,street_casual
neighborhood walker,picnic_park,picnic_park,tag:daily_public,daily_public,1,0,0,0,street_casual
neighborhood walker,poolside_resort,poolside_resort,tag:leisure,leisure,1,0,0,0,street_casual
neighborhood walker,postal_service_counter,postal_service_counter,tag:retail_service,retail_service,1,0,0,0,street_casual
neighborhood walker,print_shop,print_shop,tag:retail_service,retail_service,1,0,0,0,street_casual
neighborhood walker,public_library_lobby,public_library_lobby,tag:suburban,suburban,1,0,0,0,street_casual
neighborhood walker,public_plaza,public_plaza,tag:leisure,leisure,1,0,0,0,street_casual
neighborhood walker,rainy_bus_stop,rainy_alley,tag:transit,transit,1,0,0,1,street_casual
neighborhood walker,recording_studio,recording_studio,tag:leisure,leisure,1,0,0,0,street_casual
neighborhood walker,riverside_walk,riverside_walk,tag:suburban,suburban,1,0,0,0,street_casual
neighborhood walker,rooftop_cafe,rooftop_cafe,tag:leisure,leisure,1,0,0,0,street_casual
neighborhood walker,rural_town_street,rural_town_street,tag:suburban,suburban,1,0,0,0,street_casual
neighborhood walker,school_library,school_library,tag:daily_public,daily_public,1,0,0,0,street_casual
neighborhood walker,shopping_arcade,shopping_arcade,tag:retail_service,retail_service,1,0,0,0,street_casual
neighborhood walker,shopping_mall_atrium,shopping_mall_atrium,tag:retail_service,retail_service,1,0,0,0,street_casual
neighborhood walker,stadium_court,stadium_court,tag:leisure,leisure,1,0,0,0,street_casual
neighborhood walker,street_cafe,street_cafe,tag:retail_service,retail_service,1,0,0,0,street_casual
neighborhood walker,suburban_neighborhood,suburban_neighborhood,tag:suburban,suburban,1,0,0,0,street_casual
neighborhood walker,subway_ticket_gate,subway_ticket_gate,tag:transit,transit,1,0,0,0,street_casual
neighborhood walker,supermarket_aisle,supermarket_aisle,tag:retail_service,retail_service,1,0,0,0,street_casual
neighborhood walker,train_station_platform,train_station_platform,tag:transit,transit,1,0,0,0,street_casual
neighborhood walker,tram_platform,tram_platform,tag:transit,transit,1,0,0,0,street_casual
neighborhood walker,tropical_beach,tropical_beach,tag:leisure,leisure,1,0,0,0,street_casual
neighborhood walker,underground_bar,underground_bar,tag:leisure,leisure,1,0,0,0,street_casual
neighborhood walker,wave_barrel,wave_barrel,tag:leisure,leisure,1,0,0,0,street_casual
neighborhood walker,winter_street,winter_street,tag:daily_public,daily_public,1,0,0,0,street_casual
neighborhood walker,yoga_studio,yoga_studio,tag:leisure,leisure,1,0,0,0,street_casual
noble girl,antique_shop,antique_shop,tag:retail_service,retail_service,1,0,0,0,sleek_evening_gown
noble girl,aquarium,aquarium,tag:leisure,leisure,1,0,0,0,sleek_evening_gown
noble girl,art_gallery,art_gallery,tag:leisure,leisure,1,0,0,0,sleek_evening_gown
noble girl,bakery_shop,bakery_shop,tag:retail_service,retail_service,1,0,0,0,sleek_evening_gown
noble girl,luxury_bathroom,bedroom_boudoir,tag:luxury,luxury,1,0,0,1,sleek_evening_gown
noble girl,bike_station,bike_station,tag:daily_public,daily_public,1,0,0,0,sleek_evening_gown
noble girl,botanical_garden,botanical_garden,tag:leisure,leisure,1,0,0,0,sleek_evening_gown
noble girl,bus_terminal,bus_terminal,tag:daily_public,daily_public,1,0,0,0,sleek_evening_gown
noble girl,canal_walkway,canal_walkway,tag:daily_public,daily_public,1,0,0,0,sleek_evening_gown
noble girl,cinema_lobby,cinema_lobby,tag:leisure,leisure,1,0,0,0,sleek_evening_gown
noble girl,clean_modern_kitchen,clean_modern_kitchen,universal,,0,1,0,0,sleek_evening_gown
noble girl,clinic_waiting_room,clinic_waiting_room,tag:daily_public,daily_public,1,0,0,0,sleek_evening_gown
noble girl,community_center,community_center,tag:daily_public,daily_public,1,0,0,0,sleek_evening_gown
noble girl,community_theater_backstage,community_theater_backstage,tag:leisure,leisure,1,0,0,0,sleek_evening_gown
noble girl,commuter_transport,commuter_transport,tag:daily_public,daily_public,1,0,0,0,sleek_evening_gown
noble girl,concert_stage,concert_stage,tag:leisure,leisure,1,0,0,0,sleek_evening_gown
noble girl,convenience_store,convenience_store,tag:retail_service,retail_service,1,0,0,0,sleek_evening_gown
noble girl,cozy_bookstore,cozy_bookstore,tag:retail_service,retail_service,1,0,0,0,sleek_evening_gown
noble girl,cozy_living_room,cozy_living_room,universal,,0,1,0,0,sleek_evening_gown
noble girl,neon_city_street,cyberpunk_street,tag:urban,urban,1,0,0,1,sleek_evening_gown
noble girl,drugstore_aisle,drugstore_aisle,tag:retail_service,retail_service,1,0,0,0,sleek_evening_gown
noble girl,family_restaurant,family_restaurant,tag:retail_service,retail_service,1,0,0,0,sleek_evening_gown
noble girl,fashion_boutique,fashion_boutique,tag:retail_service,retail_service,1,0,0,0,sleek_evening_gown
noble girl,ferry_terminal,ferry_terminal,tag:daily_public,daily_public,1,0,0,0,sleek_evening_gown
noble girl,fire_station,fire_station,tag:daily_public,daily_public,1,0,0,0,sleek_evening_gown
noble girl,fitness_gym,fitness_gym,tag:leisure,leisure,1,0,0,0,sleek_evening_gown
noble girl,flower_market,flower_market,tag:retail_service,retail_service,1,0,0,0,sleek_evening_gown
noble girl,food_court,food_court,tag:leisure,leisure,1,0,0,0,sleek_evening_gown
noble girl,forest_cabin,forest_cabin,tag:resort,resort,1,0,0,0,sleek_evening_gown
noble girl,game_arcade,game_arcade,tag:leisure,leisure,1,0,0,0,sleek_evening_gown
noble girl,greenhouse_nursery,greenhouse_nursery,tag:retail_service,retail_service,1,0,0,0,sleek_evening_gown
noble girl,illuminated_park,illuminated_park,tag:daily_public,daily_public,1,0,0,0,sleek_evening_gown
noble girl,karaoke_bar,karaoke_bar,tag:leisure,leisure,1,0,0,0,sleek_evening_gown
noble girl,local_market_street,local_market_street,tag:retail_service,retail_service,1,0,0,0,sleek_evening_gown
noble girl,luxury_hotel_lobby,luxury_hotel_lobby,tag:leisure,leisure,1,0,0,0,sleek_evening_gown
noble girl,luxury_hotel_room,luxury_hotel_room,tag:leisure,leisure,1,0,0,0,sleek_evening_gown
noble girl,mountain_resort,mountain_resort,tag:leisure,leisure,1,0,0,0,sleek_evening_gown
noble girl,museum_hall,museum_hall,tag:leisure,leisure,1,0,0,0,sleek_evening_gown
noble girl,neighborhood_crosswalk,neighborhood_crosswalk,tag:daily_public,daily_public,1,0,0,0,sleek_evening_gown
noble girl,neighborhood_playground,neighborhood_playground,tag:daily_public,daily_public,1,0,0,0,sleek_evening_gown
noble girl,observatory_dome,observatory_dome,tag:leisure,leisure,1,0,0,0,sleek_evening_gown
noble girl,opera_house,opera_house,tag:leisure,leisure,1,0,0,0,sleek_evening_gown
noble girl,picnic_park,picnic_park,tag:daily_public,daily_public,1,0,0,0,sleek_evening_gown
noble girl,poolside_resort,poolside_resort,tag:leisure,leisure,1,0,0,0,sleek_evening_gown
noble girl,postal_service_counter,postal_service_counter,tag:retail_service,retail_service,1,0,0,0,sleek_evening_gown
noble girl,print_shop,print_shop,tag:retail_service,retail_service,1,0,0,0,sleek_evening_gown
noble girl,public_library_lobby,public_library_lobby,tag:daily_public,daily_public,1,0,0,0,sleek_evening_gown
noble girl,public_plaza,public_plaza,tag:leisure,leisure,1,0,0,0,sleek_evening_gown
noble girl,rainy_bus_stop,rainy_alley,tag:daily_public,daily_public,1,0,0,1,sleek_evening_gown
noble girl,recording_studio,recording_studio,tag:leisure,leisure,1,0,0,0,sleek_evening_gown
noble girl,riverside_walk,riverside_walk,tag:daily_public,daily_public,1,0,0,0,sleek_evening_gown
noble girl,rooftop_cafe,rooftop_cafe,tag:leisure,leisure,1,0,0,0,sleek_evening_gown
noble girl,rural_town_street,rural_town_street,tag:daily_public,daily_public,1,0,0,0,sleek_evening_gown
noble girl,school_library,school_library,tag:daily_public,daily_public,1,0,0,0,sleek_evening_gown
noble girl,shopping_arcade,shopping_arcade,tag:retail_service,retail_service,1,0,0,0,sleek_evening_gown
noble girl,shopping_mall_atrium,shopping_mall_atrium,tag:retail_service,retail_service,1,0,0,0,sleek_evening_gown
noble girl,stadium_court,stadium_court,tag:leisure,leisure,1,0,0,0,sleek_evening_gown
noble girl,street_cafe,street_cafe,tag:retail_service,retail_service,1,0,0,0,sleek_evening_gown
noble girl,suburban_neighborhood,suburban_neighborhood,tag:daily_public,daily_public,1,0,0,0,sleek_evening_gown
noble girl,subway_ticket_gate,subway_ticket_gate,tag:urban,urban,1,0,0,0,sleek_evening_gown
noble girl,supermarket_aisle,supermarket_aisle,tag:retail_service,retail_service,1,0,0,0,sleek_evening_gown
noble girl,train_station_platform,train_station_platform,tag:urban,urban,1,0,0,0,sleek_evening_gown
noble girl,tram_platform,tram_platform,tag:daily_public,daily_public,1,0,0,0,sleek_evening_gown
noble girl,tropical_beach,tropical_beach,tag:leisure,leisure,1,0,0,0,sleek_evening_gown
noble girl,underground_bar,underground_bar,tag:leisure,leisure,1,0,0,0,sleek_evening_gown
noble girl,vehicle_repair_garage,vehicle_repair_garage,tag:urban,urban,1,0,0,0,sleek_evening_gown
noble girl,wave_barrel,wave_barrel,tag:leisure,leisure,1,0,0,0,sleek_evening_gown
noble girl,winter_street,winter_street,tag:daily_public,daily_public,1,0,0,0,sleek_evening_gown
noble girl,yoga_studio,yoga_studio,tag:leisure,leisure,1,0,0,0,sleek_evening_gown
nurse,airship_deck,airship_deck,tag:scifi,scifi,1,0,0,0,street_casual
nurse,alien_planet,alien_planet,tag:scifi,scifi,1,0,0,0,street_casual
nurse,antique_shop,antique_shop,tag:quiet_indoor,quiet_indoor,1,0,0,0,street_casual
nurse,aquarium,aquarium,tag:quiet_indoor,quiet_indoor,1,0,0,0,street_casual
nurse,art_gallery,art_gallery,tag:quiet_indoor,quiet_indoor,1,0,0,0,street_casual
nurse,bedroom_boudoir,bedroom_boudoir,universal,,0,1,0,0,street_casual
nurse,bike_station,bike_station,tag:daily_public,daily_public,1,0,0,0,street_casual
nurse,boardroom,boardroom,tag:workplace,workplace,1,0,0,0,street_casual
nurse,botanical_garden,botanical_garden,tag:daily_public,daily_public,1,0,0,0,street_casual
nurse,bus_terminal,bus_terminal,tag:daily_public,daily_public,1,0,0,0,street_casual
nurse,canal_walkway,canal_walkway,tag:daily_public,daily_public,1,0,0,0,street_casual
nurse,clean_modern_kitchen,clean_modern_kitchen,universal,,0,1,0,0,street_casual
nurse,clinic_waiting_room,clinic_waiting_room,tag:quiet_indoor,quiet_indoor,1,0,0,0,street_casual
nurse,community_center,community_center,tag:daily_public,daily_public,1,0,0,0,street_casual
nurse,community_theater_backstage,community_theater_backstage,tag:workplace,workplace,1,0,0,0,street_casual
nurse,commuter_transport,commuter_transport,tag:daily_public,daily_public,1,0,0,0,street_casual
nurse,coworking_space,coworking_space,tag:workplace,workplace,1,0,0,0,street_casual
nurse,cozy_bookstore,cozy_bookstore,tag:quiet_indoor,quiet_indoor,1,0,0,0,street_casual
nurse,cozy_living_room,cozy_living_room,universal,,0,1,0,0,street_casual
nurse,cyber_lab,cyber_lab,tag:scifi,scifi,1,0,0,0,street_casual
nurse,neon_city_street,cyberpunk_street,tag:scifi,scifi,1,0,0,1,street_casual
nurse,design_studio,design_studio,tag:quiet_indoor,quiet_indoor,1,0,0,0,street_casual
nurse,ferry_terminal,ferry_terminal,tag:daily_public,daily_public,1,0,0,0,street_casual
nurse,fire_station,fire_station,tag:daily_public,daily_public,1,0,0,0,street_casual
nurse,greenhouse_nursery,greenhouse_nursery,tag:workplace,workplace,1,0,0,0,street_casual
nurse,high_tech_medbay,high_tech_medbay,tag:scifi,scifi,1,0,0,0,street_casual
nurse,illuminated_park,illuminated_park,tag:daily_public,daily_public,1,0,0,0,street_casual
nurse,local_market_street,local_market_street,tag:daily_public,daily_public,1,0,0,0,street_casual
nurse,maker_space,maker_space,tag:scifi,scifi,1,0,0,0,street_casual
nurse,messy_copy_room,messy_copy_room,tag:workplace,workplace,1,0,0,0,street_casual
nurse,modern_office,modern_office,tag:workplace,workplace,1,0,0,0,street_casual
nurse,museum_hall,museum_hall,tag:quiet_indoor,quiet_indoor,1,0,0,0,street_casual
nurse,neighborhood_crosswalk,neighborhood_crosswalk,tag:daily_public,daily_public,1,0,0,0,street_casual
nurse,neighborhood_playground,neighborhood_playground,tag:daily_public,daily_public,1,0,0,0,street_casual
nurse,observatory_dome,observatory_dome,existing,,0,0,1,0,street_casual
nurse,office_elevator,office_elevator,tag:workplace,workplace,1,0,0,0,street_casual
nurse,picnic_park,picnic_park,tag:daily_public,daily_public,1,0,0,0,street_casual
nurse,postal_service_counter,postal_service_counter,tag:daily_public,daily_public,1,0,0,0,street_casual
nurse,print_shop,print_shop,tag:workplace,workplace,1,0,0,0,street_casual
nurse,public_library_lobby,public_library_lobby,tag:quiet_indoor,quiet_indoor,1,0,0,0,street_casual
nurse,public_plaza,public_plaza,tag:daily_public,daily_public,1,0,0,0,street_casual
nurse,rainy_bus_stop,rainy_alley,tag:daily_public,daily_public,1,0,0,1,street_casual
nurse,riverside_walk,riverside_walk,tag:daily_public,daily_public,1,0,0,0,street_casual
nurse,rural_town_street,rural_town_street,tag:daily_public,daily_public,1,0,0,0,street_casual
nurse,school_clubroom,school_clubroom,tag:quiet_indoor,quiet_indoor,1,0,0,0,street_casual
nurse,school_library,school_library,tag:quiet_indoor,quiet_indoor,1,0,0,0,street_casual
nurse,shopping_mall_atrium,shopping_mall_atrium,tag:daily_public,daily_public,1,0,0,0,street_casual
nurse,spaceship_bridge,spaceship_bridge,tag:scifi,scifi,1,0,0,0,street_casual
nurse,starship_quarters,starship_quarters,tag:scifi,scifi,1,0,0,0,street_casual
nurse,street_cafe,street_cafe,tag:daily_public,daily_public,1,0,0,0,street_casual
nurse,suburban_neighborhood,suburban_neighborhood,tag:daily_public,daily_public,1,0,0,0,street_casual
nurse,surveillance_room,surveillance_room,tag:workplace,workplace,1,0,0,0,street_casual
nurse,tea_room,tea_room,tag:quiet_indoor,quiet_indoor,1,0,0,0,street_casual
nurse,train_station_platform,train_station_platform,tag:workplace,workplace,1,0,0,0,street_casual
nurse,tram_platform,tram_platform,tag:daily_public,daily_public,1,0,0,0,street_casual
nurse,vehicle_repair_garage,vehicle_repair_garage,tag:workplace,workplace,1,0,0,0,street_casual
nurse,winter_street,winter_street,tag:daily_public,daily_public,1,0,0,0,street_casual
office girl,antique_shop,antique_shop,tag:retail_service,retail_service,1,0,0,0,office_lady
office girl,aquarium,aquarium,tag:leisure,leisure,1,0,0,0,office_lady
office girl,art_gallery,art_gallery,tag:leisure,leisure,1,0,0,0,office_lady
office girl,bakery_shop,bakery_shop,tag:retail_service,retail_service,1,0,0,0,office_lady
office girl,bedroom_boudoir,bedroom_boudoir,universal,,0,1,0,0,office_lady
office girl,bike_station,bike_station,tag:transit,transit,1,0,0,0,office_lady
office girl,boardroom,boardroom,tag:workplace,workplace,1,0,0,0,office_lady
office girl,botanical_garden,botanical_garden,tag:leisure,leisure,1,0,0,0,office_lady
office girl,bus_terminal,bus_terminal,tag:transit,transit,1,0,0,0,office_lady
office girl,canal_walkway,canal_walkway,tag:daily_public,daily_public,1,0,0,0,office_lady
office girl,cinema_lobby,cinema_lobby,tag:leisure,leisure,1,0,0,0,office_lady
office girl,clean_modern_kitchen,clean_modern_kitchen,universal,,0,1,0,0,office_lady
office girl,clinic_waiting_room,clinic_waiting_room,tag:workplace,workplace,1,0,0,0,office_lady
office girl,community_center,community_center,tag:daily_public,daily_public,1,0,0,0,office_lady
office girl,community_garden,community_garden,tag:suburban,suburban,1,0,0,0,office_lady
office girl,community_theater_backstage,community_theater_backstage,tag:leisure,leisure,1,0,0,0,office_lady
office girl,commuter_transport,commuter_transport,tag:transit,transit,1,0,0,0,office_lady
office girl,concert_stage,concert_stage,tag:leisure,leisure,1,0,0,0,office_lady
office girl,convenience_store,convenience_store,tag:retail_service,retail_service,1,0,0,0,office_lady
office girl,coworking_space,coworking_space,tag:workplace,workplace,1,0,0,0,office_lady
office girl,cozy_bookstore,cozy_bookstore,tag:retail_service,retail_service,1,0,0,0,office_lady
office girl,cozy_living_room,cozy_living_room,universal,,0,1,0,0,office_lady
office girl,neon_city_street,cyberpunk_street,tag:urban,urban,1,0,0,1,office_lady
office girl,design_studio,design_studio,tag:workplace,workplace,1,0,0,0,office_lady
office girl,drugstore_aisle,drugstore_aisle,tag:retail_service,retail_service,1,0,0,0,office_lady
office girl,family_restaurant,family_restaurant,tag:retail_service,retail_service,1,0,0,0,office_lady
office girl,fashion_boutique,fashion_boutique,tag:retail_service,retail_service,1,0,0,0,office_lady
office girl,ferry_terminal,ferry_terminal,tag:transit,transit,1,0,0,0,office_lady
office girl,fire_station,fire_station,tag:workplace,workplace,1,0,0,0,office_lady
office girl,fitness_gym,fitness_gym,tag:leisure,leisure,1,0,0,0,office_lady
office girl,flower_market,flower_market,tag:retail_service,retail_service,1,0,0,0,office_lady
office girl,food_court,food_court,tag:leisure,leisure,1,0,0,0,office_lady
office girl,game_arcade,game_arcade,tag:leisure,leisure,1,0,0,0,office_lady
office girl,greenhouse_nursery,greenhouse_nursery,tag:retail_service,retail_service,1,0,0,0,office_lady
office girl,illuminated_park,illuminated_park,tag:daily_public,daily_public,1,0,0,0,office_lady
office girl,karaoke_bar,karaoke_bar,tag:leisure,leisure,1,0,0,0,office_lady
office girl,local_market_street,local_market_street,tag:retail_service,retail_service,1,0,0,0,office_lady
office girl,luxury_hotel_lobby,luxury_hotel_lobby,tag:leisure,leisure,1,0,0,0,office_lady
office girl,luxury_hotel_room,luxury_hotel_room,tag:leisure,leisure,1,0,0,0,office_lady
office girl,maker_space,maker_space,tag:workplace,workplace,1,0,0,0,office_lady
office girl,messy_copy_room,messy_copy_room,tag:workplace,workplace,1,0,0,0,office_lady
office girl,modern_office,modern_office,tag:workplace,workplace,1,0,0,0,office_lady
office girl,mountain_resort,mountain_resort,tag:leisure,leisure,1,0,0,0,office_lady
office girl,museum_hall,museum_hall,tag:leisure,leisure,1,0,0,0,office_lady
office girl,neighborhood_crosswalk,neighborhood_crosswalk,tag:transit,transit,1,0,0,0,office_lady
office girl,neighborhood_playground,neighborhood_playground,tag:daily_public,daily_public,1,0,0,0,office_lady
office girl,observatory_dome,observatory_dome,tag:leisure,leisure,1,0,0,0,office_lady
office girl,office_elevator,office_elevator,tag:workplace,workplace,1,0,0,0,office_lady
office girl,opera_house,opera_house,tag:leisure,leisure,1,0,0,0,office_lady
office girl,picnic_park,picnic_park,tag:daily_public,daily_public,1,0,0,0,office_lady
office girl,poolside_resort,poolside_resort,tag:leisure,leisure,1,0,0,0,office_lady
office girl,postal_service_counter,postal_service_counter,tag:retail_service,retail_service,1,0,0,0,office_lady
office girl,print_shop,print_shop,tag:retail_service,retail_service,1,0,0,0,office_lady
office girl,public_library_lobby,public_library_lobby,tag:daily_public,daily_public,1,0,0,0,office_lady
office girl,public_plaza,public_plaza,tag:leisure,leisure,1,0,0,0,office_lady
office girl,rainy_bus_stop,rainy_alley,tag:transit,transit,1,0,0,1,office_lady
office girl,recording_studio,recording_studio,tag:leisure,leisure,1,0,0,0,office_lady
office girl,riverside_walk,riverside_walk,tag:daily_public,daily_public,1,0,0,0,office_lady
office girl,rooftop_cafe,rooftop_cafe,tag:leisure,leisure,1,0,0,0,office_lady
office girl,rural_town_street,rural_town_street,tag:daily_public,daily_public,1,0,0,0,office_lady
office girl,school_library,school_library,tag:daily_public,daily_public,1,0,0,0,office_lady
office girl,shopping_arcade,shopping_arcade,tag:retail_service,retail_service,1,0,0,0,office_lady
office girl,shopping_mall_atrium,shopping_mall_atrium,tag:retail_service,retail_service,1,0,0,0,office_lady
office girl,stadium_court,stadium_court,tag:leisure,leisure,1,0,0,0,office_lady
office girl,street_cafe,street_cafe,tag:retail_service,retail_service,1,0,0,0,office_lady
office girl,suburban_neighborhood,suburban_neighborhood,tag:daily_public,daily_public,1,0,0,0,office_lady
office girl,subway_ticket_gate,subway_ticket_gate,tag:transit,transit,1,0,0,0,office_lady
office girl,supermarket_aisle,supermarket_aisle,tag:retail_service,retail_service,1,0,0,0,office_lady
office girl,surveillance_room,surveillance_room,tag:workplace,workplace,1,0,0,0,office_lady
office girl,train_station_platform,train_station_platform,tag:transit,transit,1,0,0,0,office_lady
office girl,tram_platform,tram_platform,tag:transit,transit,1,0,0,0,office_lady
office girl,tropical_beach,tropical_beach,tag:leisure,leisure,1,0,0,0,office_lady
office girl,underground_bar,underground_bar,tag:leisure,leisure,1,0,0,0,office_lady
office girl,vehicle_repair_garage,vehicle_repair_garage,tag:workplace,workplace,1,0,0,0,office_lady
office girl,wave_barrel,wave_barrel,tag:leisure,leisure,1,0,0,0,office_lady
office girl,winter_street,winter_street,tag:daily_public,daily_public,1,0,0,0,office_lady
office girl,yoga_studio,yoga_studio,tag:leisure,leisure,1,0,0,0,office_lady
office worker,antique_shop,antique_shop,tag:retail_service,retail_service,1,0,0,0,office_lady
office worker,aquarium,aquarium,tag:leisure,leisure,1,0,0,0,office_lady
office worker,art_gallery,art_gallery,tag:leisure,leisure,1,0,0,0,office_lady
office worker,bakery_shop,bakery_shop,tag:retail_service,retail_service,1,0,0,0,office_lady
office worker,bedroom_boudoir,bedroom_boudoir,universal,,0,1,0,0,office_lady
office worker,bike_station,bike_station,tag:transit,transit,1,0,0,0,office_lady
office worker,boardroom,boardroom,tag:workplace,workplace,1,0,0,0,office_lady
office worker,botanical_garden,botanical_garden,tag:leisure,leisure,1,0,0,0,office_lady
office worker,bus_terminal,bus_terminal,existing,,0,0,1,0,office_lady
office worker,canal_walkway,canal_walkway,tag:daily_public,daily_public,1,0,0,0,office_lady
office worker,cinema_lobby,cinema_lobby,tag:leisure,leisure,1,0,0,0,office_lady
office worker,clean_modern_kitchen,clean_modern_kitchen,universal,,0,1,0,0,office_lady
office worker,clinic_waiting_room,clinic_waiting_room,tag:workplace,workplace,1,0,0,0,office_lady
office worker,community_center,community_center,tag:daily_public,daily_public,1,0,0,0,office_lady
office worker,community_garden,community_garden,tag:suburban,suburban,1,0,0,0,office_lady
office worker,community_theater_backstage,community_theater_backstage,tag:leisure,leisure,1,0,0,0,office_lady
office worker,commuter_transport,commuter_transport,existing,,0,0,1,0,office_lady
office worker,concert_stage,concert_stage,tag:leisure,leisure,1,0,0,0,office_lady
office worker,convenience_store,convenience_store,tag:retail_service,retail_service,1,0,0,0,office_lady
office worker,coworking_space,coworking_space,tag:workplace,workplace,1,0,0,0,office_lady
office worker,cozy_bookstore,cozy_bookstore,tag:retail_service,retail_service,1,0,0,0,office_lady
office worker,cozy_living_room,cozy_living_room,universal,,0,1,0,0,office_lady
office worker,neon_city_street,cyberpunk_street,tag:urban,urban,1,0,0,1,office_lady
office worker,design_studio,design_studio,tag:workplace,workplace,1,0,0,0,office_lady
office worker,drugstore_aisle,drugstore_aisle,tag:retail_service,retail_service,1,0,0,0,office_lady
office worker,family_restaurant,family_restaurant,existing,,0,0,1,0,office_lady
office worker,ferry_terminal,ferry_terminal,tag:transit,transit,1,0,0,0,office_lady
office worker,fire_station,fire_station,tag:workplace,workplace,1,0,0,0,office_lady
office worker,fitness_gym,fitness_gym,tag:leisure,leisure,1,0,0,0,office_lady
office worker,flower_market,flower_market,tag:retail_service,retail_service,1,0,0,0,office_lady
office worker,food_court,food_court,tag:leisure,leisure,1,0,0,0,office_lady
office worker,game_arcade,game_arcade,tag:leisure,leisure,1,0,0,0,office_lady
office worker,greenhouse_nursery,greenhouse_nursery,tag:retail_service,retail_service,1,0,0,0,office_lady
office worker,illuminated_park,illuminated_park,tag:daily_public,daily_public,1,0,0,0,office_lady
office worker,local_market_street,local_market_street,tag:retail_service,retail_service,1,0,0,0,office_lady
office worker,luxury_hotel_room,luxury_hotel_room,tag:leisure,leisure,1,0,0,0,office_lady
office worker,maker_space,maker_space,tag:workplace,workplace,1,0,0,0,office_lady
office worker,messy_copy_room,messy_copy_room,tag:workplace,workplace,1,0,0,0,office_lady
office worker,modern_office,modern_office,existing,,0,0,1,0,office_lady
office worker,mountain_resort,mountain_resort,tag:leisure,leisure,1,0,0,0,office_lady
office worker,museum_hall,museum_hall,tag:leisure,leisure,1,0,0,0,office_lady
office worker,neighborhood_crosswalk,neighborhood_crosswalk,tag:transit,transit,1,0,0,0,office_lady
office worker,neighborhood_playground,neighborhood_playground,tag:daily_public,daily_public,1,0,0,0,office_lady
office worker,observatory_dome,observatory_dome,tag:leisure,leisure,1,0,0,0,office_lady
office worker,office_elevator,office_elevator,existing,,0,0,1,0,office_lady
office worker,opera_house,opera_house,tag:leisure,leisure,1,0,0,0,office_lady
office worker,picnic_park,picnic_park,tag:daily_public,daily_public,1,0,0,0,office_lady
office worker,poolside_resort,poolside_resort,tag:leisure,leisure,1,0,0,0,office_lady
office worker,postal_service_counter,postal_service_counter,tag:retail_service,retail_service,1,0,0,0,office_lady
office worker,print_shop,print_shop,tag:retail_service,retail_service,1,0,0,0,office_lady
office worker,public_library_lobby,public_library_lobby,tag:daily_public,daily_public,1,0,0,0,office_lady
office worker,public_plaza,public_plaza,tag:leisure,leisure,1,0,0,0,office_lady
office worker,rainy_bus_stop,rainy_alley,tag:transit,transit,1,0,0,1,office_lady
office worker,recording_studio,recording_studio,tag:leisure,leisure,1,0,0,0,office_lady
office worker,riverside_walk,riverside_walk,tag:daily_public,daily_public,1,0,0,0,office_lady
office worker,rooftop_cafe,rooftop_cafe,tag:leisure,leisure,1,0,0,0,office_lady
office worker,rural_town_street,rural_town_street,tag:daily_public,daily_public,1,0,0,0,office_lady
office worker,school_library,school_library,tag:daily_public,daily_public,1,0,0,0,office_lady
office worker,shopping_arcade,shopping_arcade,tag:retail_service,retail_service,1,0,0,0,office_lady
office worker,shopping_mall_atrium,shopping_mall_atrium,tag:retail_service,retail_service,1,0,0,0,office_lady
office worker,stadium_court,stadium_court,tag:leisure,leisure,1,0,0,0,office_lady
office worker,street_cafe,street_cafe,existing,,0,0,1,0,office_lady
office worker,suburban_neighborhood,suburban_neighborhood,tag:daily_public,daily_public,1,0,0,0,office_lady
office worker,subway_ticket_gate,subway_ticket_gate,tag:transit,transit,1,0,0,0,office_lady
office worker,supermarket_aisle,supermarket_aisle,existing,,0,0,1,0,office_lady
office worker,surveillance_room,surveillance_room,tag:workplace,workplace,1,0,0,0,office_lady
office worker,train_station_platform,train_station_platform,tag:transit,transit,1,0,0,0,office_lady
office worker,tram_platform,tram_platform,tag:transit,transit,1,0,0,0,office_lady
office worker,tropical_beach,tropical_beach,tag:leisure,leisure,1,0,0,0,office_lady
office worker,vehicle_repair_garage,vehicle_repair_garage,tag:workplace,workplace,1,0,0,0,office_lady
office worker,wave_barrel,wave_barrel,tag:leisure,leisure,1,0,0,0,office_lady
office worker,winter_street,winter_street,tag:daily_public,daily_public,1,0,0,0,office_lady
office worker,yoga_studio,yoga_studio,tag:leisure,leisure,1,0,0,0,office_lady
opera singer,aquarium,aquarium,tag:leisure,leisure,1,0,0,0,gothic_lolita
opera singer,art_gallery,art_gallery,tag:leisure,leisure,1,0,0,0,gothic_lolita
opera singer,bedroom_boudoir,bedroom_boudoir,universal,,0,1,0,0,gothic_lolita
opera singer,bike_station,bike_station,tag:daily_public,daily_public,1,0,0,0,gothic_lolita
opera singer,botanical_garden,botanical_garden,tag:leisure,leisure,1,0,0,0,gothic_lolita
opera singer,bus_terminal,bus_terminal,tag:daily_public,daily_public,1,0,0,0,gothic_lolita
opera singer,canal_walkway,canal_walkway,tag:daily_public,daily_public,1,0,0,0,gothic_lolita
opera singer,cinema_lobby,cinema_lobby,tag:leisure,leisure,1,0,0,0,gothic_lolita
opera singer,clean_modern_kitchen,clean_modern_kitchen,universal,,0,1,0,0,gothic_lolita
opera singer,clinic_waiting_room,clinic_waiting_room,tag:daily_public,daily_public,1,0,0,0,gothic_lolita
opera singer,community_center,community_center,tag:daily_public,daily_public,1,0,0,0,gothic_lolita
opera singer,community_theater_backstage,community_theater_backstage,tag:leisure,leisure,1,0,0,0,gothic_lolita
opera singer,commuter_transport,commuter_transport,tag:daily_public,daily_public,1,0,0,0,gothic_lolita
opera singer,concert_stage,concert_stage,tag:leisure,leisure,1,0,0,0,gothic_lolita
opera singer,cozy_bookstore,cozy_bookstore,tag:daily_public,daily_public,1,0,0,0,gothic_lolita
opera singer,cozy_living_room,cozy_living_room,universal,,0,1,0,0,gothic_lolita
opera singer,ferry_terminal,ferry_terminal,tag:daily_public,daily_public,1,0,0,0,gothic_lolita
opera singer,fire_station,fire_station,tag:daily_public,daily_public,1,0,0,0,gothic_lolita
opera singer,fitness_gym,fitness_gym,tag:leisure,leisure,1,0,0,0,gothic_lolita
opera singer,food_court,food_court,tag:leisure,leisure,1,0,0,0,gothic_lolita
opera singer,game_arcade,game_arcade,tag:leisure,leisure,1,0,0,0,gothic_lolita
opera singer,illuminated_park,illuminated_park,tag:daily_public,daily_public,1,0,0,0,gothic_lolita
opera singer,karaoke_bar,karaoke_bar,tag:leisure,leisure,1,0,0,0,gothic_lolita
opera singer,local_market_street,local_market_street,tag:daily_public,daily_public,1,0,0,0,gothic_lolita
opera singer,luxury_hotel_lobby,luxury_hotel_lobby,tag:leisure,leisure,1,0,0,0,gothic_lolita
opera singer,luxury_hotel_room,luxury_hotel_room,tag:leisure,leisure,1,0,0,0,gothic_lolita
opera singer,mountain_resort,mountain_resort,tag:leisure,leisure,1,0,0,0,gothic_lolita
opera singer,museum_hall,museum_hall,tag:leisure,leisure,1,0,0,0,gothic_lolita
opera singer,neighborhood_crosswalk,neighborhood_crosswalk,tag:daily_public,daily_public,1,0,0,0,gothic_lolita
opera singer,neighborhood_playground,neighborhood_playground,tag:daily_public,daily_public,1,0,0,0,gothic_lolita
opera singer,observatory_dome,observatory_dome,tag:leisure,leisure,1,0,0,0,gothic_lolita
opera singer,opera_house,opera_house,existing,,0,0,1,0,gothic_lolita
opera singer,picnic_park,picnic_park,tag:daily_public,daily_public,1,0,0,0,gothic_lolita
opera singer,poolside_resort,poolside_resort,tag:leisure,leisure,1,0,0,0,gothic_lolita
opera singer,postal_service_counter,postal_service_counter,tag:daily_public,daily_public,1,0,0,0,gothic_lolita
opera singer,public_library_lobby,public_library_lobby,tag:daily_public,daily_public,1,0,0,0,gothic_lolita
opera singer,public_plaza,public_plaza,tag:leisure,leisure,1,0,0,0,gothic_lolita
opera singer,rainy_bus_stop,rainy_alley,tag:daily_public,daily_public,1,0,0,1,gothic_lolita
opera singer,recording_studio,recording_studio,tag:leisure,leisure,1,0,0,0,gothic_lolita
opera singer,riverside_walk,riverside_walk,tag:daily_public,daily_public,1,0,0,0,gothic_lolita
opera singer,rooftop_cafe,rooftop_cafe,tag:leisure,leisure,1,0,0,0,gothic_lolita
opera singer,rural_town_street,rural_town_street,tag:daily_public,daily_public,1,0,0,0,gothic_lolita
opera singer,school_library,school_library,tag:daily_public,daily_public,1,0,0,0,gothic_lolita
opera singer,shopping_mall_atrium,shopping_mall_atrium,tag:daily_public,daily_public,1,0,0,0,gothic_lolita
opera singer,stadium_court,stadium_court,tag:leisure,leisure,1,0,0,0,gothic_lolita
opera singer,street_cafe,street_cafe,tag:daily_public,daily_public,1,0,0,0,gothic_lolita
opera singer,suburban_neighborhood,suburban_neighborhood,tag:daily_public,daily_public,1,0,0,0,gothic_lolita
opera singer,tram_platform,tram_platform,tag:daily_public,daily_public,1,0,0,0,gothic_lolita
opera singer,tropical_beach,tropical_beach,tag:leisure,leisure,1,0,0,0,gothic_lolita
opera singer,underground_bar,underground_bar,tag:leisure,leisure,1,0,0,0,gothic_lolita
opera singer,wave_barrel,wave_barrel,tag:leisure,leisure,1,0,0,0,gothic_lolita
opera singer,winter_street,winter_street,tag:daily_public,daily_public,1,0,0,0,gothic_lolita
opera singer,yoga_studio,yoga_studio,tag:leisure,leisure,1,0,0,0,gothic_lolita
paramedic,aquarium,aquarium,tag:daily_public,daily_public,1,0,0,0,street_casual
paramedic,art_gallery,art_gallery,tag:daily_public,daily_public,1,0,0,0,street_casual
paramedic,bedroom_boudoir,bedroom_boudoir,universal,,0,1,0,0,street_casual
paramedic,bike_station,bike_station,tag:transit,transit,1,0,0,0,street_casual
paramedic,boardroom,boardroom,tag:workplace,workplace,1,0,0,0,street_casual
paramedic,botanical_garden,botanical_garden,tag:daily_public,daily_public,1,0,0,0,street_casual
paramedic,bus_terminal,bus_terminal,tag:transit,transit,1,0,0,0,street_casual
paramedic,canal_walkway,canal_walkway,tag:daily_public,daily_public,1,0,0,0,street_casual
paramedic,clean_modern_kitchen,clean_modern_kitchen,universal,,0,1,0,0,street_casual
paramedic,clinic_waiting_room,clinic_waiting_room,tag:daily_public,daily_public,1,0,0,0,street_casual
paramedic,community_center,community_center,tag:daily_public,daily_public,1,0,0,0,street_casual
paramedic,community_theater_backstage,community_theater_backstage,tag:workplace,workplace,1,0,0,0,street_casual
paramedic,commuter_transport,commuter_transport,tag:transit,transit,1,0,0,0,street_casual
paramedic,coworking_space,coworking_space,tag:workplace,workplace,1,0,0,0,street_casual
paramedic,cozy_bookstore,cozy_bookstore,tag:daily_public,daily_public,1,0,0,0,street_casual
paramedic,cozy_living_room,cozy_living_room,universal,,0,1,0,0,street_casual
paramedic,design_studio,design_studio,tag:workplace,workplace,1,0,0,0,street_casual
paramedic,ferry_terminal,ferry_terminal,tag:transit,transit,1,0,0,0,street_casual
paramedic,fire_station,fire_station,tag:daily_public,daily_public,1,0,0,0,street_casual
paramedic,greenhouse_nursery,greenhouse_nursery,tag:workplace,workplace,1,0,0,0,street_casual
paramedic,illuminated_park,illuminated_park,tag:daily_public,daily_public,1,0,0,0,street_casual
paramedic,local_market_street,local_market_street,tag:daily_public,daily_public,1,0,0,0,street_casual
paramedic,maker_space,maker_space,tag:workplace,workplace,1,0,0,0,street_casual
paramedic,messy_copy_room,messy_copy_room,tag:workplace,workplace,1,0,0,0,street_casual
paramedic,modern_office,modern_office,tag:workplace,workplace,1,0,0,0,street_casual
paramedic,museum_hall,museum_hall,tag:daily_public,daily_public,1,0,0,0,street_casual
paramedic,neighborhood_crosswalk,neighborhood_crosswalk,tag:transit,transit,1,0,0,0,street_casual
paramedic,neighborhood_playground,neighborhood_playground,tag:daily_public,daily_public,1,0,0,0,street_casual
paramedic,office_elevator,office_elevator,tag:workplace,workplace,1,0,0,0,street_casual
paramedic,picnic_park,picnic_park,tag:daily_public,daily_public,1,0,0,0,street_casual
paramedic,postal_service_counter,postal_service_counter,tag:daily_public,daily_public,1,0,0,0,street_casual
paramedic,print_shop,print_shop,existing,,0,0,1,0,street_casual
paramedic,public_library_lobby,public_library_lobby,tag:daily_public,daily_public,1,0,0,0,street_casual
paramedic,public_plaza,public_plaza,tag:daily_public,daily_public,1,0,0,0,street_casual
paramedic,rainy_bus_stop,rainy_alley,tag:transit,transit,1,0,0,1,street_casual
paramedic,riverside_walk,riverside_walk,tag:daily_public,daily_public,1,0,0,0,street_casual
paramedic,rural_town_street,rural_town_street,tag:daily_public,daily_public,1,0,0,0,street_casual
paramedic,school_library,school_library,tag:daily_public,daily_public,1,0,0,0,street_casual
paramedic,shopping_mall_atrium,shopping_mall_atrium,tag:daily_public,daily_public,1,0,0,0,street_casual
paramedic,street_cafe,street_cafe,tag:daily_public,daily_public,1,0,0,0,street_casual
paramedic,suburban_neighborhood,suburban_neighborhood,tag:daily_public,daily_public,1,0,0,0,street_casual
paramedic,subway_ticket_gate,subway_ticket_gate,tag:transit,transit,1,0,0,0,street_casual
paramedic,surveillance_room,surveillance_room,tag:workplace,workplace,1,0,0,0,street_casual
paramedic,train_station_platform,train_station_platform,tag:transit,transit,1,0,0,0,street_casual
paramedic,tram_platform,tram_platform,tag:transit,transit,1,0,0,0,street_casual
paramedic,vehicle_repair_garage,vehicle_repair_garage,tag:workplace,workplace,1,0,0,0,street_casual
paramedic,winter_street,winter_street,tag:daily_public,daily_public,1,0,0,0,street_casual
park girl,abandoned_shrine,abandoned_shrine,tag:nature,nature,1,0,0,0,cozy_cafe
park girl,antique_shop,antique_shop,tag:retail_service,retail_service,1,0,0,0,cozy_cafe
park girl,aquarium,aquarium,tag:leisure,leisure,1,0,0,0,cozy_cafe
park girl,art_gallery,art_gallery,tag:leisure,leisure,1,0,0,0,cozy_cafe
park girl,bakery_shop,bakery_shop,tag:retail_service,retail_service,1,0,0,0,cozy_cafe
park girl,bamboo_forest,bamboo_forest,tag:nature,nature,1,0,0,0,cozy_cafe
park girl,bedroom_boudoir,bedroom_boudoir,universal,,0,1,0,0,cozy_cafe
park girl,bike_station,bike_station,tag:daily_public,daily_public,1,0,0,0,cozy_cafe
park girl,botanical_garden,botanical_garden,tag:leisure,leisure,1,0,0,0,cozy_cafe
park girl,bus_terminal,bus_terminal,tag:daily_public,daily_public,1,0,0,0,cozy_cafe
park girl,canal_walkway,canal_walkway,tag:daily_public,daily_public,1,0,0,0,cozy_cafe
park girl,cinema_lobby,cinema_lobby,tag:leisure,leisure,1,0,0,0,cozy_cafe
park girl,clean_modern_kitchen,clean_modern_kitchen,universal,,0,1,0,0,cozy_cafe
park girl,clinic_waiting_room,clinic_waiting_room,tag:daily_public,daily_public,1,0,0,0,cozy_cafe
park girl,community_center,community_center,tag:daily_public,daily_public,1,0,0,0,cozy_cafe
park girl,community_garden,community_garden,tag:nature,nature,1,0,0,0,cozy_cafe
park girl,community_theater_backstage,community_theater_backstage,tag:leisure,leisure,1,0,0,0,cozy_cafe
park girl,commuter_transport,commuter_transport,tag:daily_public,daily_public,1,0,0,0,cozy_cafe
park girl,concert_stage,concert_stage,tag:leisure,leisure,1,0,0,0,cozy_cafe
park girl,convenience_store,convenience_store,tag:retail_service,retail_service,1,0,0,0,cozy_cafe
park girl,cozy_bookstore,cozy_bookstore,tag:retail_service,retail_service,1,0,0,0,cozy_cafe
park girl,cozy_living_room,cozy_living_room,universal,,0,1,0,0,cozy_cafe
park girl,drugstore_aisle,drugstore_aisle,tag:retail_service,retail_service,1,0,0,0,cozy_cafe
park girl,enchanted_lake,enchanted_lake,tag:nature,nature,1,0,0,0,cozy_cafe
park girl,family_restaurant,family_restaurant,tag:retail_service,retail_service,1,0,0,0,cozy_cafe
park girl,fantasy_forest,fantasy_forest,tag:nature,nature,1,0,0,0,cozy_cafe
park girl,fashion_boutique,fashion_boutique,tag:retail_service,retail_service,1,0,0,0,cozy_cafe
park girl,ferry_terminal,ferry_terminal,tag:daily_public,daily_public,1,0,0,0,cozy_cafe
park girl,fire_station,fire_station,tag:daily_public,daily_public,1,0,0,0,cozy_cafe
park girl,fitness_gym,fitness_gym,tag:leisure,leisure,1,0,0,0,cozy_cafe
park girl,flower_market,flower_market,tag:retail_service,retail_service,1,0,0,0,cozy_cafe
park girl,food_court,food_court,tag:leisure,leisure,1,0,0,0,cozy_cafe
park girl,forest_cabin,forest_cabin,tag:nature,nature,1,0,0,0,cozy_cafe
park girl,game_arcade,game_arcade,tag:leisure,leisure,1,0,0,0,cozy_cafe
park girl,greenhouse_nursery,greenhouse_nursery,tag:retail_service,retail_service,1,0,0,0,cozy_cafe
park girl,illuminated_park,illuminated_park,tag:daily_public,daily_public,1,0,0,0,cozy_cafe
park girl,japanese_garden,japanese_garden,tag:nature,nature,1,0,0,0,cozy_cafe
park girl,karaoke_bar,karaoke_bar,tag:leisure,leisure,1,0,0,0,cozy_cafe
park girl,local_market_street,local_market_street,tag:retail_service,retail_service,1,0,0,0,cozy_cafe
park girl,luxury_hotel_lobby,luxury_hotel_lobby,tag:leisure,leisure,1,0,0,0,cozy_cafe
park girl,luxury_hotel_room,luxury_hotel_room,tag:leisure,leisure,1,0,0,0,cozy_cafe
park girl,mountain_resort,mountain_resort,tag:leisure,leisure,1,0,0,0,cozy_cafe
park girl,museum_hall,museum_hall,tag:leisure,leisure,1,0,0,0,cozy_cafe
park girl,neighborhood_crosswalk,neighborhood_crosswalk,tag:daily_public,daily_public,1,0,0,0,cozy_cafe
park girl,neighborhood_playground,neighborhood_playground,tag:daily_public,daily_public,1,0,0,0,cozy_cafe
park girl,observatory_dome,observatory_dome,tag:leisure,leisure,1,0,0,0,cozy_cafe
park girl,opera_house,opera_house,tag:leisure,leisure,1,0,0,0,cozy_cafe
park girl,picnic_park,picnic_park,tag:daily_public,daily_public,1,0,0,0,cozy_cafe
park girl,poolside_resort,poolside_resort,tag:leisure,leisure,1,0,0,0,cozy_cafe
park girl,postal_service_counter,postal_service_counter,tag:retail_service,retail_service,1,0,0,0,cozy_cafe
park girl,print_shop,print_shop,tag:retail_service,retail_service,1,0,0,0,cozy_cafe
park girl,public_library_lobby,public_library_lobby,tag:daily_public,daily_public,1,0,0,0,cozy_cafe
park girl,public_plaza,public_plaza,tag:leisure,leisure,1,0,0,0,cozy_cafe
park girl,rainy_bus_stop,rainy_alley,tag:daily_public,daily_public,1,0,0,1,cozy_cafe
park girl,recording_studio,recording_studio,tag:leisure,leisure,1,0,0,0,cozy_cafe
park girl,riverside_walk,riverside_walk,tag:daily_public,daily_public,1,0,0,0,cozy_cafe
park girl,rooftop_cafe,rooftop_cafe,tag:leisure,leisure,1,0,0,0,cozy_cafe
park girl,rural_town_street,rural_town_street,tag:daily_public,daily_public,1,0,0,0,cozy_cafe
park girl,school_library,school_library,tag:daily_public,daily_public,1,0,0,0,cozy_cafe
park girl,shinto_shrine,shinto_shrine,tag:nature,nature,1,0,0,0,cozy_cafe
park girl,shopping_arcade,shopping_arcade,tag:retail_service,retail_service,1,0,0,0,cozy_cafe
park girl,shopping_mall_atrium,shopping_mall_atrium,tag:retail_service,retail_service,1,0,0,0,cozy_cafe
park girl,stadium_court,stadium_court,tag:leisure,leisure,1,0,0,0,cozy_cafe
park girl,street_cafe,street_cafe,tag:retail_service,retail_service,1,0,0,0,cozy_cafe
park girl,suburban_neighborhood,suburban_neighborhood,tag:daily_public,daily_public,1,0,0,0,cozy_cafe
park girl,supermarket_aisle,supermarket_aisle,tag:retail_service,retail_service,1,0,0,0,cozy_cafe
park girl,tram_platform,tram_platform,tag:daily_public,daily_public,1,0,0,0,cozy_cafe
park girl,tropical_beach,tropical_beach,tag:leisure,leisure,1,0,0,0,cozy_cafe
park girl,underground_bar,underground_bar,tag:leisure,leisure,1,0,0,0,cozy_cafe
park girl,wave_barrel,wave_barrel,tag:leisure,leisure,1,0,0,0,cozy_cafe
park girl,winter_street,winter_street,tag:daily_public,daily_public,1,0,0,0,cozy_cafe
park girl,yoga_studio,yoga_studio,tag:leisure,leisure,1,0,0,0,cozy_cafe
pharmacy customer,antique_shop,antique_shop,tag:retail_service,retail_service,1,0,0,0,cozy_cafe
pharmacy customer,aquarium,aquarium,tag:leisure,leisure,1,0,0,0,cozy_cafe
pharmacy customer,art_gallery,art_gallery,tag:leisure,leisure,1,0,0,0,cozy_cafe
pharmacy customer,bakery_shop,bakery_shop,tag:retail_service,retail_service,1,0,0,0,cozy_cafe
pharmacy customer,bedroom_boudoir,bedroom_boudoir,universal,,0,1,0,0,cozy_cafe
pharmacy customer,bike_station,bike_station,tag:daily_public,daily_public,1,0,0,0,cozy_cafe
pharmacy customer,botanical_garden,botanical_garden,tag:leisure,leisure,1,0,0,0,cozy_cafe
pharmacy customer,bus_terminal,bus_terminal,tag:suburban,suburban,1,0,0,0,cozy_cafe
pharmacy customer,canal_walkway,canal_walkway,tag:daily_public,daily_public,1,0,0,0,cozy_cafe
pharmacy customer,cinema_lobby,cinema_lobby,tag:leisure,leisure,1,0,0,0,cozy_cafe
pharmacy customer,clean_modern_kitchen,clean_modern_kitchen,universal,,0,1,0,0,cozy_cafe
pharmacy customer,clinic_waiting_room,clinic_waiting_room,tag:daily_public,daily_public,1,0,0,0,cozy_cafe
pharmacy customer,community_center,community_center,tag:suburban,suburban,1,0,0,0,cozy_cafe
pharmacy customer,community_garden,community_garden,tag:suburban,suburban,1,0,0,0,cozy_cafe
pharmacy customer,community_theater_backstage,community_theater_backstage,tag:leisure,leisure,1,0,0,0,cozy_cafe
pharmacy customer,commuter_transport,commuter_transport,tag:daily_public,daily_public,1,0,0,0,cozy_cafe
pharmacy customer,concert_stage,concert_stage,tag:leisure,leisure,1,0,0,0,cozy_cafe
pharmacy customer,convenience_store,convenience_store,tag:retail_service,retail_service,1,0,0,0,cozy_cafe
pharmacy customer,cozy_bookstore,cozy_bookstore,tag:daily_public,daily_public,1,0,0,0,cozy_cafe
pharmacy customer,cozy_living_room,cozy_living_room,universal,,0,1,0,0,cozy_cafe
pharmacy customer,drugstore_aisle,drugstore_aisle,tag:retail_service,retail_service,1,0,0,0,cozy_cafe
pharmacy customer,family_restaurant,family_restaurant,tag:retail_service,retail_service,1,0,0,0,cozy_cafe
pharmacy customer,fashion_boutique,fashion_boutique,tag:retail_service,retail_service,1,0,0,0,cozy_cafe
pharmacy customer,ferry_terminal,ferry_terminal,tag:daily_public,daily_public,1,0,0,0,cozy_cafe
pharmacy customer,fire_station,fire_station,tag:daily_public,daily_public,1,0,0,0,cozy_cafe
pharmacy customer,fitness_gym,fitness_gym,tag:leisure,leisure,1,0,0,0,cozy_cafe
pharmacy customer,flower_market,flower_market,tag:retail_service,retail_service,1,0,0,0,cozy_cafe
pharmacy customer,food_court,food_court,tag:leisure,leisure,1,0,0,0,cozy_cafe
pharmacy customer,game_arcade,game_arcade,tag:leisure,leisure,1,0,0,0,cozy_cafe
pharmacy customer,greenhouse_nursery,greenhouse_nursery,tag:retail_service,retail_service,1,0,0,0,cozy_cafe
pharmacy customer,illuminated_park,illuminated_park,tag:daily_public,daily_public,1,0,0,0,cozy_cafe
pharmacy customer,karaoke_bar,karaoke_bar,tag:leisure,leisure,1,0,0,0,cozy_cafe
pharmacy customer,local_market_street,local_market_street,tag:daily_public,daily_public,1,0,0,0,cozy_cafe
pharmacy customer,luxury_hotel_lobby,luxury_hotel_lobby,tag:leisure,leisure,1,0,0,0,cozy_cafe
pharmacy customer,luxury_hotel_room,luxury_hotel_room,tag:leisure,leisure,1,0,0,0,cozy_cafe
pharmacy customer,mountain_resort,mountain_resort,tag:leisure,leisure,1,0,0,0,cozy_cafe
pharmacy customer,museum_hall,museum_hall,tag:leisure,leisure,1,0,0,0,cozy_cafe
pharmacy customer,neighborhood_crosswalk,neighborhood_crosswalk,tag:suburban,suburban,1,0,0,0,cozy_cafe
pharmacy customer,neighborhood_playground,neighborhood_playground,tag:suburban,suburban,1,0,0,0,cozy_cafe
pharmacy customer,observatory_dome,observatory_dome,tag:leisure,leisure,1,0,0,0,cozy_cafe
pharmacy customer,opera_house,opera_house,tag:leisure,leisure,1,0,0,0,cozy_cafe
pharmacy customer,picnic_park,picnic_park,tag:daily_public,daily_public,1,0,0,0,cozy_cafe
pharmacy customer,poolside_resort,poolside_resort,tag:leisure,leisure,1,0,0,0,cozy_cafe
pharmacy customer,postal_service_counter,postal_service_counter,tag:daily_public,daily_public,1,0,0,0,cozy_cafe
pharmacy customer,print_shop,print_shop,tag:retail_service,retail_service,1,0,0,0,cozy_cafe
pharmacy customer,public_library_lobby,public_library_lobby,tag:suburban,suburban,1,0,0,0,cozy_cafe
pharmacy customer,public_plaza,public_plaza,tag:leisure,leisure,1,0,0,0,cozy_cafe
pharmacy customer,rainy_bus_stop,rainy_alley,tag:suburban,suburban,1,0,0,1,cozy_cafe
pharmacy customer,recording_studio,recording_studio,tag:leisure,leisure,1,0,0,0,cozy_cafe
pharmacy customer,riverside_walk,riverside_walk,tag:suburban,suburban,1,0,0,0,cozy_cafe
pharmacy customer,rooftop_cafe,rooftop_cafe,tag:leisure,leisure,1,0,0,0,cozy_cafe
pharmacy customer,rural_town_street,rural_town_street,tag:suburban,suburban,1,0,0,0,cozy_cafe
pharmacy customer,school_library,school_library,tag:daily_public,daily_public,1,0,0,0,cozy_cafe
pharmacy customer,shopping_arcade,shopping_arcade,tag:retail_service,retail_service,1,0,0,0,cozy_cafe
pharmacy customer,shopping_mall_atrium,shopping_mall_atrium,tag:daily_public,daily_public,1,0,0,0,cozy_cafe
pharmacy customer,stadium_court,stadium_court,tag:leisure,leisure,1,0,0,0,cozy_cafe
pharmacy customer,street_cafe,street_cafe,tag:daily_public,daily_public,1,0,0,0,cozy_cafe
pharmacy customer,suburban_neighborhood,suburban_neighborhood,tag:suburban,suburban,1,0,0,0,cozy_cafe
pharmacy customer,supermarket_aisle,supermarket_aisle,tag:retail_service,retail_service,1,0,0,0,cozy_cafe
pharmacy customer,tram_platform,tram_platform,tag:daily_public,daily_public,1,0,0,0,cozy_cafe
pharmacy customer,tropical_beach,tropical_beach,tag:leisure,leisure,1,0,0,0,cozy_cafe
pharmacy customer,underground_bar,underground_bar,tag:leisure,leisure,1,0,0,0,cozy_cafe
pharmacy customer,wave_barrel,wave_barrel,tag:leisure,leisure,1,0,0,0,cozy_cafe
pharmacy customer,winter_street,winter_street,tag:daily_public,daily_public,1,0,0,0,cozy_cafe
pharmacy customer,yoga_studio,yoga_studio,tag:leisure,leisure,1,0,0,0,cozy_cafe
photographer,abandoned_shrine,abandoned_shrine,tag:nature,nature,1,0,0,0,street_casual
photographer,aquarium,aquarium,tag:leisure,leisure,1,0,0,0,street_casual
photographer,art_gallery,art_gallery,tag:leisure,leisure,1,0,0,0,street_casual
photographer,bakery_shop,bakery_shop,tag:urban,urban,1,0,0,0,street_casual
photographer,bamboo_forest,bamboo_forest,tag:nature,nature,1,0,0,0,street_casual
photographer,bedroom_boudoir,bedroom_boudoir,universal,,0,1,0,0,street_casual
photographer,bike_station,bike_station,tag:urban,urban,1,0,0,0,street_casual
photographer,botanical_garden,botanical_garden,tag:leisure,leisure,1,0,0,0,street_casual
photographer,canal_walkway,canal_walkway,tag:nature,nature,1,0,0,0,street_casual
photographer,cinema_lobby,cinema_lobby,tag:leisure,leisure,1,0,0,0,street_casual
photographer,clean_modern_kitchen,clean_modern_kitchen,universal,,0,1,0,0,street_casual
photographer,community_garden,community_garden,tag:nature,nature,1,0,0,0,street_casual
photographer,community_theater_backstage,community_theater_backstage,tag:leisure,leisure,1,0,0,0,street_casual
photographer,commuter_transport,commuter_transport,universal,,0,1,0,0,street_casual
photographer,concert_stage,concert_stage,tag:leisure,leisure,1,0,0,0,street_casual
photographer,convenience_store,convenience_store,tag:urban,urban,1,0,0,0,street_casual
photographer,cozy_bookstore,cozy_bookstore,tag:urban,urban,1,0,0,0,street_casual
photographer,cozy_living_room,cozy_living_room,universal,,0,1,0,0,street_casual
photographer,neon_city_street,cyberpunk_street,tag:urban,urban,1,0,0,1,street_casual
photographer,drugstore_aisle,drugstore_aisle,tag:urban,urban,1,0,0,0,street_casual
photographer,enchanted_lake,enchanted_lake,tag:nature,nature,1,0,0,0,street_casual
photographer,family_restaurant,family_restaurant,tag:urban,urban,1,0,0,0,street_casual
photographer,fantasy_forest,fantasy_forest,tag:nature,nature,1,0,0,0,street_casual
photographer,fashion_boutique,fashion_boutique,tag:urban,urban,1,0,0,0,street_casual
photographer,fitness_gym,fitness_gym,tag:leisure,leisure,1,0,0,0,street_casual
photographer,flower_market,flower_market,tag:nature,nature,1,0,0,0,street_casual
photographer,food_court,food_court,tag:leisure,leisure,1,0,0,0,street_casual
photographer,forest_cabin,forest_cabin,tag:nature,nature,1,0,0,0,street_casual
photographer,game_arcade,game_arcade,tag:leisure,leisure,1,0,0,0,street_casual
photographer,greenhouse_nursery,greenhouse_nursery,tag:nature,nature,1,0,0,0,street_casual
photographer,illuminated_park,illuminated_park,tag:urban,urban,1,0,0,0,street_casual
photographer,japanese_garden,japanese_garden,tag:nature,nature,1,0,0,0,street_casual
photographer,karaoke_bar,karaoke_bar,tag:leisure,leisure,1,0,0,0,street_casual
photographer,local_market_street,local_market_street,tag:urban,urban,1,0,0,0,street_casual
photographer,luxury_hotel_lobby,luxury_hotel_lobby,tag:leisure,leisure,1,0,0,0,street_casual
photographer,luxury_hotel_room,luxury_hotel_room,tag:leisure,leisure,1,0,0,0,street_casual
photographer,mountain_resort,mountain_resort,tag:leisure,leisure,1,0,0,0,street_casual
photographer,museum_hall,museum_hall,tag:leisure,leisure,1,0,0,0,street_casual
photographer,observatory_dome,observatory_dome,tag:leisure,leisure,1,0,0,0,street_casual
photographer,opera_house,opera_house,tag:leisure,leisure,1,0,0,0,street_casual
photographer,picnic_park,picnic_park,universal,,0,1,0,0,street_casual
photographer,poolside_resort,poolside_resort,tag:leisure,leisure,1,0,0,0,street_casual
photographer,print_shop,print_shop,tag:urban,urban,1,0,0,0,street_casual
photographer,public_plaza,public_plaza,tag:leisure,leisure,1,0,0,0,street_casual
photographer,rainy_alley,rainy_alley,tag:urban,urban,1,0,0,0,street_casual
photographer,recording_studio,recording_studio,tag:leisure,leisure,1,0,0,0,street_casual
photographer,rooftop_cafe,rooftop_cafe,tag:leisure,leisure,1,0,0,0,street_casual
photographer,rural_town_street,rural_town_street,universal,,0,1,0,0,street_casual
photographer,school_library,school_library,universal,,0,1,0,0,street_casual
photographer,shinto_shrine,shinto_shrine,tag:nature,nature,1,0,0,0,street_casual
photographer,shopping_arcade,shopping_arcade,tag:urban,urban,1,0,0,0,street_casual
photographer,shopping_mall_atrium,shopping_mall_atrium,tag:urban,urban,1,0,0,0,street_casual
photographer,stadium_court,stadium_court,tag:leisure,leisure,1,0,0,0,street_casual
photographer,street_cafe,street_cafe,tag:urban,urban,1,0,0,0,street_casual
photographer,suburban_neighborhood,suburban_neighborhood,universal,,0,1,0,0,street_casual
photographer,subway_ticket_gate,subway_ticket_gate,tag:urban,urban,1,0,0,0,street_casual
photographer,supermarket_aisle,supermarket_aisle,tag:urban,urban,1,0,0,0,street_casual
photographer,train_station_platform,train_station_platform,tag:urban,urban,1,0,0,0,street_casual
photographer,tram_platform,tram_platform,existing,,0,0,1,0,street_casual
photographer,tropical_beach,tropical_beach,tag:leisure,leisure,1,0,0,0,street_casual
photographer,underground_bar,underground_bar,tag:leisure,leisure,1,0,0,0,street_casual
photographer,vehicle_repair_garage,vehicle_repair_garage,tag:urban,urban,1,0,0,0,street_casual
photographer,wave_barrel,wave_barrel,tag:leisure,leisure,1,0,0,0,street_casual
photographer,winter_street,winter_street,universal,,0,1,0,0,street_casual
photographer,yoga_studio,yoga_studio,tag:leisure,leisure,1,0,0,0,street_casual
playground caretaker,antique_shop,antique_shop,tag:retail_service,retail_service,1,0,0,0,cozy_cafe
playground caretaker,aquarium,aquarium,tag:leisure,leisure,1,0,0,0,cozy_cafe
playground caretaker,art_gallery,art_gallery,tag:leisure,leisure,1,0,0,0,cozy_cafe
playground caretaker,bakery_shop,bakery_shop,tag:retail_service,retail_service,1,0,0,0,cozy_cafe
playground caretaker,bedroom_boudoir,bedroom_boudoir,universal,,0,1,0,0,cozy_cafe
playground caretaker,bike_station,bike_station,tag:daily_public,daily_public,1,0,0,0,cozy_cafe
playground caretaker,botanical_garden,botanical_garden,tag:leisure,leisure,1,0,0,0,cozy_cafe
playground caretaker,bus_terminal,bus_terminal,tag:suburban,suburban,1,0,0,0,cozy_cafe
playground caretaker,canal_walkway,canal_walkway,tag:daily_public,daily_public,1,0,0,0,cozy_cafe
playground caretaker,cinema_lobby,cinema_lobby,tag:leisure,leisure,1,0,0,0,cozy_cafe
playground caretaker,clean_modern_kitchen,clean_modern_kitchen,universal,,0,1,0,0,cozy_cafe
playground caretaker,clinic_waiting_room,clinic_waiting_room,tag:daily_public,daily_public,1,0,0,0,cozy_cafe
playground caretaker,community_center,community_center,tag:suburban,suburban,1,0,0,0,cozy_cafe
playground caretaker,community_garden,community_garden,tag:suburban,suburban,1,0,0,0,cozy_cafe
playground caretaker,community_theater_backstage,community_theater_backstage,tag:leisure,leisure,1,0,0,0,cozy_cafe
playground caretaker,commuter_transport,commuter_transport,tag:daily_public,daily_public,1,0,0,0,cozy_cafe
playground caretaker,concert_stage,concert_stage,tag:leisure,leisure,1,0,0,0,cozy_cafe
playground caretaker,convenience_store,convenience_store,tag:retail_service,retail_service,1,0,0,0,cozy_cafe
playground caretaker,cozy_bookstore,cozy_bookstore,tag:retail_service,retail_service,1,0,0,0,cozy_cafe
playground caretaker,cozy_living_room,cozy_living_room,universal,,0,1,0,0,cozy_cafe
playground caretaker,drugstore_aisle,drugstore_aisle,tag:retail_service,retail_service,1,0,0,0,cozy_cafe
playground caretaker,family_restaurant,family_restaurant,tag:retail_service,retail_service,1,0,0,0,cozy_cafe
playground caretaker,fashion_boutique,fashion_boutique,tag:retail_service,retail_service,1,0,0,0,cozy_cafe
playground caretaker,ferry_terminal,ferry_terminal,tag:daily_public,daily_public,1,0,0,0,cozy_cafe
playground caretaker,fire_station,fire_station,tag:daily_public,daily_public,1,0,0,0,cozy_cafe
playground caretaker,fitness_gym,fitness_gym,tag:leisure,leisure,1,0,0,0,cozy_cafe
playground caretaker,flower_market,flower_market,tag:retail_service,retail_service,1,0,0,0,cozy_cafe
playground caretaker,food_court,food_court,tag:retail_service,retail_service,1,0,0,0,cozy_cafe
playground caretaker,game_arcade,game_arcade,tag:leisure,leisure,1,0,0,0,cozy_cafe
playground caretaker,greenhouse_nursery,greenhouse_nursery,tag:retail_service,retail_service,1,0,0,0,cozy_cafe
playground caretaker,illuminated_park,illuminated_park,tag:daily_public,daily_public,1,0,0,0,cozy_cafe
playground caretaker,karaoke_bar,karaoke_bar,tag:leisure,leisure,1,0,0,0,cozy_cafe
playground caretaker,local_market_street,local_market_street,tag:retail_service,retail_service,1,0,0,0,cozy_cafe
playground caretaker,luxury_hotel_lobby,luxury_hotel_lobby,tag:leisure,leisure,1,0,0,0,cozy_cafe
playground caretaker,luxury_hotel_room,luxury_hotel_room,tag:leisure,leisure,1,0,0,0,cozy_cafe
playground caretaker,mountain_resort,mountain_resort,tag:leisure,leisure,1,0,0,0,cozy_cafe
playground caretaker,museum_hall,museum_hall,tag:leisure,leisure,1,0,0,0,cozy_cafe
playground caretaker,neighborhood_crosswalk,neighborhood_crosswalk,tag:suburban,suburban,1,0,0,0,cozy_cafe
playground caretaker,neighborhood_playground,neighborhood_playground,tag:suburban,suburban,1,0,0,0,cozy_cafe
playground caretaker,observatory_dome,observatory_dome,tag:leisure,leisure,1,0,0,0,cozy_cafe
playground caretaker,opera_house,opera_house,tag:leisure,leisure,1,0,0,0,cozy_cafe
playground caretaker,picnic_park,picnic_park,tag:daily_public,daily_public,1,0,0,0,cozy_cafe
playground caretaker,poolside_resort,poolside_resort,tag:leisure,leisure,1,0,0,0,cozy_cafe
playground caretaker,postal_service_counter,postal_service_counter,tag:retail_service,retail_service,1,0,0,0,cozy_cafe
playground caretaker,print_shop,print_shop,tag:retail_service,retail_service,1,0,0,0,cozy_cafe
playground caretaker,public_library_lobby,public_library_lobby,tag:suburban,suburban,1,0,0,0,cozy_cafe
playground caretaker,public_plaza,public_plaza,tag:leisure,leisure,1,0,0,0,cozy_cafe
playground caretaker,rainy_bus_stop,rainy_alley,tag:suburban,suburban,1,0,0,1,cozy_cafe
playground caretaker,recording_studio,recording_studio,tag:leisure,leisure,1,0,0,0,cozy_cafe
playground caretaker,riverside_walk,riverside_walk,tag:suburban,suburban,1,0,0,0,cozy_cafe
playground caretaker,rooftop_cafe,rooftop_cafe,tag:leisure,leisure,1,0,0,0,cozy_cafe
playground caretaker,rural_town_street,rural_town_street,tag:suburban,suburban,1,0,0,0,cozy_cafe
playground caretaker,school_library,school_library,tag:daily_public,daily_public,1,0,0,0,cozy_cafe
playground caretaker,shopping_arcade,shopping_arcade,tag:retail_service,retail_service,1,0,0,0,cozy_cafe
playground caretaker,shopping_mall_atrium,shopping_mall_atrium,tag:retail_service,retail_service,1,0,0,0,cozy_cafe
playground caretaker,stadium_court,stadium_court,tag:leisure,leisure,1,0,0,0,cozy_cafe
playground caretaker,street_cafe,street_cafe,tag:retail_service,retail_service,1,0,0,0,cozy_cafe
playground caretaker,suburban_neighborhood,suburban_neighborhood,tag:suburban,suburban,1,0,0,0,cozy_cafe
playground caretaker,supermarket_aisle,supermarket_aisle,tag:retail_service,retail_service,1,0,0,0,cozy_cafe
playground caretaker,tram_platform,tram_platform,tag:daily_public,daily_public,1,0,0,0,cozy_cafe
playground caretaker,tropical_beach,tropical_beach,tag:leisure,leisure,1,0,0,0,cozy_cafe
playground caretaker,underground_bar,underground_bar,tag:leisure,leisure,1,0,0,0,cozy_cafe
playground caretaker,wave_barrel,wave_barrel,tag:leisure,leisure,1,0,0,0,cozy_cafe
playground caretaker,winter_street,winter_street,tag:daily_public,daily_public,1,0,0,0,cozy_cafe
playground caretaker,yoga_studio,yoga_studio,tag:leisure,leisure,1,0,0,0,cozy_cafe
project assistant,antique_shop,antique_shop,tag:retail_service,retail_service,1,0,0,0,office_lady
project assistant,aquarium,aquarium,tag:leisure,leisure,1,0,0,0,office_lady
project assistant,art_gallery,art_gallery,tag:leisure,leisure,1,0,0,0,office_lady
project assistant,bakery_shop,bakery_shop,tag:retail_service,retail_service,1,0,0,0,office_lady
project assistant,bedroom_boudoir,bedroom_boudoir,universal,,0,1,0,0,office_lady
project assistant,bike_station,bike_station,tag:transit,transit,1,0,0,0,office_lady
project assistant,boardroom,boardroom,tag:workplace,workplace,1,0,0,0,office_lady
project assistant,botanical_garden,botanical_garden,tag:leisure,leisure,1,0,0,0,office_lady
project assistant,bus_terminal,bus_terminal,tag:transit,transit,1,0,0,0,office_lady
project assistant,canal_walkway,canal_walkway,tag:daily_public,daily_public,1,0,0,0,office_lady
project assistant,cinema_lobby,cinema_lobby,tag:leisure,leisure,1,0,0,0,office_lady
project assistant,clean_modern_kitchen,clean_modern_kitchen,universal,,0,1,0,0,office_lady
project assistant,clinic_waiting_room,clinic_waiting_room,tag:workplace,workplace,1,0,0,0,office_lady
project assistant,community_center,community_center,tag:daily_public,daily_public,1,0,0,0,office_lady
project assistant,community_garden,community_garden,tag:suburban,suburban,1,0,0,0,office_lady
project assistant,community_theater_backstage,community_theater_backstage,tag:leisure,leisure,1,0,0,0,office_lady
project assistant,commuter_transport,commuter_transport,tag:transit,transit,1,0,0,0,office_lady
project assistant,concert_stage,concert_stage,tag:leisure,leisure,1,0,0,0,office_lady
project assistant,convenience_store,convenience_store,tag:retail_service,retail_service,1,0,0,0,office_lady
project assistant,coworking_space,coworking_space,tag:workplace,workplace,1,0,0,0,office_lady
project assistant,cozy_bookstore,cozy_bookstore,tag:retail_service,retail_service,1,0,0,0,office_lady
project assistant,cozy_living_room,cozy_living_room,universal,,0,1,0,0,office_lady
project assistant,neon_city_street,cyberpunk_street,tag:urban,urban,1,0,0,1,office_lady
project assistant,design_studio,design_studio,tag:workplace,workplace,1,0,0,0,office_lady
project assistant,drugstore_aisle,drugstore_aisle,tag:retail_service,retail_service,1,0,0,0,office_lady
project assistant,family_restaurant,family_restaurant,tag:retail_service,retail_service,1,0,0,0,office_lady
project assistant,fashion_boutique,fashion_boutique,tag:retail_service,retail_service,1,0,0,0,office_lady
project assistant,ferry_terminal,ferry_terminal,tag:transit,transit,1,0,0,0,office_lady
project assistant,fire_station,fire_station,tag:workplace,workplace,1,0,0,0,office_lady
project assistant,fitness_gym,fitness_gym,tag:leisure,leisure,1,0,0,0,office_lady
project assistant,flower_market,flower_market,tag:retail_service,retail_service,1,0,0,0,office_lady
project assistant,food_court,food_court,tag:leisure,leisure,1,0,0,0,office_lady
project assistant,game_arcade,game_arcade,tag:leisure,leisure,1,0,0,0,office_lady
project assistant,greenhouse_nursery,greenhouse_nursery,tag:retail_service,retail_service,1,0,0,0,office_lady
project assistant,illuminated_park,illuminated_park,tag:daily_public,daily_public,1,0,0,0,office_lady
project assistant,karaoke_bar,karaoke_bar,tag:leisure,leisure,1,0,0,0,office_lady
project assistant,local_market_street,local_market_street,tag:retail_service,retail_service,1,0,0,0,office_lady
project assistant,luxury_hotel_lobby,luxury_hotel_lobby,tag:leisure,leisure,1,0,0,0,office_lady
project assistant,luxury_hotel_room,luxury_hotel_room,tag:leisure,leisure,1,0,0,0,office_lady
project assistant,maker_space,maker_space,tag:workplace,workplace,1,0,0,0,office_lady
project assistant,messy_copy_room,messy_copy_room,tag:workplace,workplace,1,0,0,0,office_lady
project assistant,modern_office,modern_office,tag:workplace,workplace,1,0,0,0,office_lady
project assistant,mountain_resort,mountain_resort,tag:leisure,leisure,1,0,0,0,office_lady
project assistant,museum_hall,museum_hall,tag:leisure,leisure,1,0,0,0,office_lady
project assistant,neighborhood_crosswalk,neighborhood_crosswalk,tag:transit,transit,1,0,0,0,office_lady
project assistant,neighborhood_playground,neighborhood_playground,tag:daily_public,daily_public,1,0,0,0,office_lady
project assistant,observatory_dome,observatory_dome,tag:leisure,leisure,1,0,0,0,office_lady
project assistant,office_elevator,office_elevator,tag:workplace,workplace,1,0,0,0,office_lady
project assistant,opera_house,opera_house,tag:leisure,leisure,1,0,0,0,office_lady
project assistant,picnic_park,picnic_park,tag:daily_public,daily_public,1,0,0,0,office_lady
project assistant,poolside_resort,poolside_resort,tag:leisure,leisure,1,0,0,0,office_lady
project assistant,postal_service_counter,postal_service_counter,tag:retail_service,retail_service,1,0,0,0,office_lady
project assistant,print_shop,print_shop,tag:retail_service,retail_service,1,0,0,0,office_lady
project assistant,public_library_lobby,public_library_lobby,tag:daily_public,daily_public,1,0,0,0,office_lady
project assistant,public_plaza,public_plaza,tag:leisure,leisure,1,0,0,0,office_lady
project assistant,rainy_bus_stop,rainy_alley,tag:transit,transit,1,0,0,1,office_lady
project assistant,recording_studio,recording_studio,tag:leisure,leisure,1,0,0,0,office_lady
project assistant,riverside_walk,riverside_walk,tag:daily_public,daily_public,1,0,0,0,office_lady
project assistant,rooftop_cafe,rooftop_cafe,tag:leisure,leisure,1,0,0,0,office_lady
project assistant,rural_town_street,rural_town_street,tag:daily_public,daily_public,1,0,0,0,office_lady
project assistant,school_library,school_library,tag:daily_public,daily_public,1,0,0,0,office_lady
project assistant,shopping_arcade,shopping_arcade,tag:retail_service,retail_service,1,0,0,0,office_lady
project assistant,shopping_mall_atrium,shopping_mall_atrium,tag:retail_service,retail_service,1,0,0,0,office_lady
project assistant,stadium_court,stadium_court,tag:leisure,leisure,1,0,0,0,office_lady
project assistant,street_cafe,street_cafe,tag:retail_service,retail_service,1,0,0,0,office_lady
project assistant,suburban_neighborhood,suburban_neighborhood,tag:daily_public,daily_public,1,0,0,0,office_lady
project assistant,subway_ticket_gate,subway_ticket_gate,tag:transit,transit,1,0,0,0,office_lady
project assistant,supermarket_aisle,supermarket_aisle,tag:retail_service,retail_service,1,0,0,0,office_lady
project assistant,surveillance_room,surveillance_room,tag:workplace,workplace,1,0,0,0,office_lady
project assistant,train_station_platform,train_station_platform,tag:transit,transit,1,0,0,0,office_lady
project assistant,tram_platform,tram_platform,tag:transit,transit,1,0,0,0,office_lady
project assistant,tropical_beach,tropical_beach,tag:leisure,leisure,1,0,0,0,office_lady
project assistant,underground_bar,underground_bar,tag:leisure,leisure,1,0,0,0,office_lady
project assistant,vehicle_repair_garage,vehicle_repair_garage,tag:workplace,workplace,1,0,0,0,office_lady
project assistant,wave_barrel,wave_barrel,tag:leisure,leisure,1,0,0,0,office_lady
project assistant,winter_street,winter_street,tag:daily_public,daily_public,1,0,0,0,office_lady
project assistant,yoga_studio,yoga_studio,tag:leisure,leisure,1,0,0,0,office_lady
public librarian,antique_shop,antique_shop,tag:quiet_indoor,quiet_indoor,1,0,0,0,library_girl
public librarian,aquarium,aquarium,tag:daily_public,daily_public,1,0,0,0,library_girl
public librarian,art_gallery,art_gallery,tag:daily_public,daily_public,1,0,0,0,library_girl
public librarian,bedroom_boudoir,bedroom_boudoir,universal,,0,1,0,0,library_girl
public librarian,bike_station,bike_station,tag:daily_public,daily_public,1,0,0,0,library_girl
public librarian,boardroom,boardroom,tag:workplace,workplace,1,0,0,0,library_girl
public librarian,botanical_garden,botanical_garden,tag:daily_public,daily_public,1,0,0,0,library_girl
public librarian,bus_terminal,bus_terminal,tag:daily_public,daily_public,1,0,0,0,library_girl
public librarian,canal_walkway,canal_walkway,tag:daily_public,daily_public,1,0,0,0,library_girl
public librarian,clean_modern_kitchen,clean_modern_kitchen,universal,,0,1,0,0,library_girl
public librarian,clinic_waiting_room,clinic_waiting_room,tag:workplace,workplace,1,0,0,0,library_girl
public librarian,community_center,community_center,tag:daily_public,daily_public,1,0,0,0,library_girl
public librarian,community_theater_backstage,community_theater_backstage,tag:workplace,workplace,1,0,0,0,library_girl
public librarian,commuter_transport,commuter_transport,tag:daily_public,daily_public,1,0,0,0,library_girl
public librarian,coworking_space,coworking_space,tag:workplace,workplace,1,0,0,0,library_girl
public librarian,cozy_bookstore,cozy_bookstore,tag:daily_public,daily_public,1,0,0,0,library_girl
public librarian,cozy_living_room,cozy_living_room,universal,,0,1,0,0,library_girl
public librarian,design_studio,design_studio,tag:workplace,workplace,1,0,0,0,library_girl
public librarian,ferry_terminal,ferry_terminal,tag:daily_public,daily_public,1,0,0,0,library_girl
public librarian,fire_station,fire_station,tag:workplace,workplace,1,0,0,0,library_girl
public librarian,greenhouse_nursery,greenhouse_nursery,tag:workplace,workplace,1,0,0,0,library_girl
public librarian,illuminated_park,illuminated_park,tag:daily_public,daily_public,1,0,0,0,library_girl
public librarian,local_market_street,local_market_street,tag:daily_public,daily_public,1,0,0,0,library_girl
public librarian,maker_space,maker_space,tag:workplace,workplace,1,0,0,0,library_girl
public librarian,messy_copy_room,messy_copy_room,tag:workplace,workplace,1,0,0,0,library_girl
public librarian,modern_office,modern_office,tag:workplace,workplace,1,0,0,0,library_girl
public librarian,museum_hall,museum_hall,tag:daily_public,daily_public,1,0,0,0,library_girl
public librarian,neighborhood_crosswalk,neighborhood_crosswalk,tag:daily_public,daily_public,1,0,0,0,library_girl
public librarian,neighborhood_playground,neighborhood_playground,tag:daily_public,daily_public,1,0,0,0,library_girl
public librarian,observatory_dome,observatory_dome,tag:quiet_indoor,quiet_indoor,1,0,0,0,library_girl
public librarian,office_elevator,office_elevator,tag:workplace,workplace,1,0,0,0,library_girl
public librarian,picnic_park,picnic_park,tag:daily_public,daily_public,1,0,0,0,library_girl
public librarian,postal_service_counter,postal_service_counter,tag:workplace,workplace,1,0,0,0,library_girl
public librarian,print_shop,print_shop,tag:workplace,workplace,1,0,0,0,library_girl
public librarian,public_library_lobby,public_library_lobby,tag:daily_public,daily_public,1,0,0,0,library_girl
public librarian,public_plaza,public_plaza,tag:daily_public,daily_public,1,0,0,0,library_girl
public librarian,rainy_bus_stop,rainy_alley,tag:daily_public,daily_public,1,0,0,1,library_girl
public librarian,riverside_walk,riverside_walk,tag:daily_public,daily_public,1,0,0,0,library_girl
public librarian,rural_town_street,rural_town_street,tag:daily_public,daily_public,1,0,0,0,library_girl
public librarian,school_clubroom,school_clubroom,tag:quiet_indoor,quiet_indoor,1,0,0,0,library_girl
public librarian,school_library,school_library,tag:daily_public,daily_public,1,0,0,0,library_girl
public librarian,shopping_mall_atrium,shopping_mall_atrium,tag:daily_public,daily_public,1,0,0,0,library_girl
public librarian,street_cafe,street_cafe,tag:daily_public,daily_public,1,0,0,0,library_girl
public librarian,suburban_neighborhood,suburban_neighborhood,tag:daily_public,daily_public,1,0,0,0,library_girl
public librarian,surveillance_room,surveillance_room,tag:workplace,workplace,1,0,0,0,library_girl
public librarian,tea_room,tea_room,tag:quiet_indoor,quiet_indoor,1,0,0,0,library_girl
public librarian,train_station_platform,train_station_platform,tag:workplace,workplace,1,0,0,0,library_girl
public librarian,tram_platform,tram_platform,tag:daily_public,daily_public,1,0,0,0,library_girl
public librarian,vehicle_repair_garage,vehicle_repair_garage,tag:workplace,workplace,1,0,0,0,library_girl
public librarian,winter_street,winter_street,tag:daily_public,daily_public,1,0,0,0,library_girl
quiet reader,antique_shop,antique_shop,tag:retail_service,retail_service,1,0,0,0,library_girl
quiet reader,apartment_balcony,apartment_balcony,tag:home_life,home_life,1,0,0,0,library_girl
quiet reader,apartment_entryway,apartment_entryway,tag:home_life,home_life,1,0,0,0,library_girl
quiet reader,aquarium,aquarium,tag:leisure,leisure,1,0,0,0,library_girl
quiet reader,art_gallery,art_gallery,tag:leisure,leisure,1,0,0,0,library_girl
quiet reader,bakery_shop,bakery_shop,tag:retail_service,retail_service,1,0,0,0,library_girl
quiet reader,luxury_bathroom,bedroom_boudoir,tag:home_life,home_life,1,0,0,1,library_girl
quiet reader,bike_station,bike_station,tag:transit,transit,1,0,0,0,library_girl
quiet reader,botanical_garden,botanical_garden,tag:leisure,leisure,1,0,0,0,library_girl
quiet reader,bus_terminal,bus_terminal,tag:transit,transit,1,0,0,0,library_girl
quiet reader,campus_cafeteria,campus_cafeteria,tag:school,school,1,0,0,0,library_girl
quiet reader,campus_hallway,campus_hallway,tag:school,school,1,0,0,0,library_girl
quiet reader,canal_walkway,canal_walkway,tag:daily_public,daily_public,1,0,0,0,library_girl
quiet reader,cinema_lobby,cinema_lobby,tag:leisure,leisure,1,0,0,0,library_girl
quiet reader,clean_modern_kitchen,clean_modern_kitchen,tag:home_life,home_life,1,0,0,0,library_girl
quiet reader,clinic_waiting_room,clinic_waiting_room,tag:quiet_indoor,quiet_indoor,1,0,0,0,library_girl
quiet reader,community_center,community_center,tag:daily_public,daily_public,1,0,0,0,library_girl
quiet reader,community_garden,community_garden,tag:domestic,domestic,1,0,0,0,library_girl
quiet reader,community_theater_backstage,community_theater_backstage,tag:leisure,leisure,1,0,0,0,library_girl
quiet reader,commuter_transport,commuter_transport,tag:transit,transit,1,0,0,0,library_girl
quiet reader,concert_stage,concert_stage,tag:leisure,leisure,1,0,0,0,library_girl
quiet reader,convenience_store,convenience_store,tag:retail_service,retail_service,1,0,0,0,library_girl
quiet reader,cozy_bookstore,cozy_bookstore,tag:retail_service,retail_service,1,0,0,0,library_girl
quiet reader,cozy_living_room,cozy_living_room,tag:home_life,home_life,1,0,0,0,library_girl
quiet reader,design_studio,design_studio,tag:quiet_indoor,quiet_indoor,1,0,0,0,library_girl
quiet reader,drugstore_aisle,drugstore_aisle,tag:retail_service,retail_service,1,0,0,0,library_girl
quiet reader,family_restaurant,family_restaurant,tag:retail_service,retail_service,1,0,0,0,library_girl
quiet reader,fashion_boutique,fashion_boutique,tag:retail_service,retail_service,1,0,0,0,library_girl
quiet reader,ferry_terminal,ferry_terminal,tag:transit,transit,1,0,0,0,library_girl
quiet reader,fire_station,fire_station,tag:daily_public,daily_public,1,0,0,0,library_girl
quiet reader,fitness_gym,fitness_gym,tag:leisure,leisure,1,0,0,0,library_girl
quiet reader,flower_market,flower_market,tag:retail_service,retail_service,1,0,0,0,library_girl
quiet reader,food_court,food_court,tag:leisure,leisure,1,0,0,0,library_girl
quiet reader,forest_cabin,forest_cabin,tag:domestic,domestic,1,0,0,0,library_girl
quiet reader,game_arcade,game_arcade,tag:leisure,leisure,1,0,0,0,library_girl
quiet reader,greenhouse_nursery,greenhouse_nursery,tag:retail_service,retail_service,1,0,0,0,library_girl
quiet reader,illuminated_park,illuminated_park,tag:daily_public,daily_public,1,0,0,0,library_girl
quiet reader,karaoke_bar,karaoke_bar,tag:leisure,leisure,1,0,0,0,library_girl
quiet reader,laundromat,laundromat,tag:home_life,home_life,1,0,0,0,library_girl
quiet reader,local_market_street,local_market_street,tag:retail_service,retail_service,1,0,0,0,library_girl
quiet reader,luxury_hotel_lobby,luxury_hotel_lobby,tag:leisure,leisure,1,0,0,0,library_girl
quiet reader,luxury_hotel_room,luxury_hotel_room,tag:leisure,leisure,1,0,0,0,library_girl
quiet reader,mountain_resort,mountain_resort,tag:leisure,leisure,1,0,0,0,library_girl
quiet reader,museum_hall,museum_hall,tag:leisure,leisure,1,0,0,0,library_girl
quiet reader,neighborhood_crosswalk,neighborhood_crosswalk,tag:transit,transit,1,0,0,0,library_girl
quiet reader,neighborhood_playground,neighborhood_playground,tag:daily_public,daily_public,1,0,0,0,library_girl
quiet reader,observatory_dome,observatory_dome,tag:leisure,leisure,1,0,0,0,library_girl
quiet reader,opera_house,opera_house,tag:leisure,leisure,1,0,0,0,library_girl
quiet reader,picnic_park,picnic_park,tag:daily_public,daily_public,1,0,0,0,library_girl
quiet reader,poolside_resort,poolside_resort,tag:leisure,leisure,1,0,0,0,library_girl
quiet reader,postal_service_counter,postal_service_counter,tag:retail_service,retail_service,1,0,0,0,library_girl
quiet reader,print_shop,print_shop,tag:retail_service,retail_service,1,0,0,0,library_girl
quiet reader,public_library_lobby,public_library_lobby,tag:quiet_indoor,quiet_indoor,1,0,0,0,library_girl
quiet reader,public_plaza,public_plaza,tag:leisure,leisure,1,0,0,0,library_girl
quiet reader,rainy_bus_stop,rainy_alley,tag:transit,transit,1,0,0,1,library_girl
quiet reader,recording_studio,recording_studio,tag:leisure,leisure,1,0,0,0,library_girl
quiet reader,riverside_walk,riverside_walk,tag:daily_public,daily_public,1,0,0,0,library_girl
quiet reader,rooftop_cafe,rooftop_cafe,tag:leisure,leisure,1,0,0,0,library_girl
quiet reader,rooftop_laundry_area,rooftop_laundry_area,tag:home_life,home_life,1,0,0,0,library_girl
quiet reader,rural_town_street,rural_town_street,tag:daily_public,daily_public,1,0,0,0,library_girl
quiet reader,school_classroom,school_classroom,tag:school,school,1,0,0,0,library_girl
quiet reader,school_clubroom,school_clubroom,tag:quiet_indoor,quiet_indoor,1,0,0,0,library_girl
quiet reader,school_gym_hall,school_gym_hall,tag:school,school,1,0,0,0,library_girl
quiet reader,school_library,school_library,tag:quiet_indoor,quiet_indoor,1,0,0,0,library_girl
quiet reader,school_rooftop,school_rooftop,tag:school,school,1,0,0,0,library_girl
quiet reader,shopping_arcade,shopping_arcade,tag:retail_service,retail_service,1,0,0,0,library_girl
quiet reader,shopping_mall_atrium,shopping_mall_atrium,tag:retail_service,retail_service,1,0,0,0,library_girl
quiet reader,stadium_court,stadium_court,tag:leisure,leisure,1,0,0,0,library_girl
quiet reader,street_cafe,street_cafe,tag:retail_service,retail_service,1,0,0,0,library_girl
quiet reader,suburban_neighborhood,suburban_neighborhood,tag:daily_public,daily_public,1,0,0,0,library_girl
quiet reader,subway_ticket_gate,subway_ticket_gate,tag:transit,transit,1,0,0,0,library_girl
quiet reader,supermarket_aisle,supermarket_aisle,tag:retail_service,retail_service,1,0,0,0,library_girl
quiet reader,tea_room,tea_room,tag:quiet_indoor,quiet_indoor,1,0,0,0,library_girl
quiet reader,train_station_platform,train_station_platform,tag:transit,transit,1,0,0,0,library_girl
quiet reader,tram_platform,tram_platform,tag:transit,transit,1,0,0,0,library_girl
quiet reader,tropical_beach,tropical_beach,tag:leisure,leisure,1,0,0,0,library_girl
quiet reader,underground_bar,underground_bar,tag:leisure,leisure,1,0,0,0,library_girl
quiet reader,university_campus_courtyard,university_campus_courtyard,tag:school,school,1,0,0,0,library_girl
quiet reader,wave_barrel,wave_barrel,tag:leisure,leisure,1,0,0,0,library_girl
quiet reader,winter_street,winter_street,tag:daily_public,daily_public,1,0,0,0,library_girl
quiet reader,yoga_studio,yoga_studio,tag:leisure,leisure,1,0,0,0,library_girl
rainy day girl,antique_shop,antique_shop,tag:retail_service,retail_service,1,0,0,0,rainy_day
rainy day girl,aquarium,aquarium,tag:leisure,leisure,1,0,0,0,rainy_day
rainy day girl,art_gallery,art_gallery,tag:leisure,leisure,1,0,0,0,rainy_day
rainy day girl,bakery_shop,bakery_shop,tag:retail_service,retail_service,1,0,0,0,rainy_day
rainy day girl,bedroom_boudoir,bedroom_boudoir,universal,,0,1,0,0,rainy_day
rainy day girl,bike_station,bike_station,tag:daily_public,daily_public,1,0,0,0,rainy_day
rainy day girl,botanical_garden,botanical_garden,tag:leisure,leisure,1,0,0,0,rainy_day
rainy day girl,bus_terminal,bus_terminal,tag:daily_public,daily_public,1,0,0,0,rainy_day
rainy day girl,canal_walkway,canal_walkway,tag:daily_public,daily_public,1,0,0,0,rainy_day
rainy day girl,cinema_lobby,cinema_lobby,tag:leisure,leisure,1,0,0,0,rainy_day
rainy day girl,clean_modern_kitchen,clean_modern_kitchen,universal,,0,1,0,0,rainy_day
rainy day girl,clinic_waiting_room,clinic_waiting_room,tag:daily_public,daily_public,1,0,0,0,rainy_day
rainy day girl,community_center,community_center,tag:daily_public,daily_public,1,0,0,0,rainy_day
rainy day girl,community_theater_backstage,community_theater_backstage,tag:leisure,leisure,1,0,0,0,rainy_day
rainy day girl,commuter_transport,commuter_transport,tag:daily_public,daily_public,1,0,0,0,rainy_day
rainy day girl,concert_stage,concert_stage,tag:leisure,leisure,1,0,0,0,rainy_day
rainy day girl,convenience_store,convenience_store,tag:retail_service,retail_service,1,0,0,0,rainy_day
rainy day girl,cozy_bookstore,cozy_bookstore,tag:retail_service,retail_service,1,0,0,0,rainy_day
rainy day girl,cozy_living_room,cozy_living_room,universal,,0,1,0,0,rainy_day
rainy day girl,neon_city_street,cyberpunk_street,tag:urban,urban,1,0,0,1,rainy_day
rainy day girl,drugstore_aisle,drugstore_aisle,tag:retail_service,retail_service,1,0,0,0,rainy_day
rainy day girl,family_restaurant,family_restaurant,tag:retail_service,retail_service,1,0,0,0,rainy_day
rainy day girl,fashion_boutique,fashion_boutique,tag:retail_service,retail_service,1,0,0,0,rainy_day
rainy day girl,ferry_terminal,ferry_terminal,tag:daily_public,daily_public,1,0,0,0,rainy_day
rainy day girl,fire_station,fire_station,tag:daily_public,daily_public,1,0,0,0,rainy_day
rainy day girl,fitness_gym,fitness_gym,tag:leisure,leisure,1,0,0,0,rainy_day
rainy day girl,flower_market,flower_market,tag:retail_service,retail_service,1,0,0,0,rainy_day
rainy day girl,food_court,food_court,tag:leisure,leisure,1,0,0,0,rainy_day
rainy day girl,game_arcade,game_arcade,tag:leisure,leisure,1,0,0,0,rainy_day
rainy day girl,greenhouse_nursery,greenhouse_nursery,tag:retail_service,retail_service,1,0,0,0,rainy_day
rainy day girl,illuminated_park,illuminated_park,tag:daily_public,daily_public,1,0,0,0,rainy_day
rainy day girl,karaoke_bar,karaoke_bar,tag:leisure,leisure,1,0,0,0,rainy_day
rainy day girl,local_market_street,local_market_street,tag:retail_service,retail_service,1,0,0,0,rainy_day
rainy day girl,luxury_hotel_lobby,luxury_hotel_lobby,tag:leisure,leisure,1,0,0,0,rainy_day
rainy day girl,luxury_hotel_room,luxury_hotel_room,tag:leisure,leisure,1,0,0,0,rainy_day
rainy day girl,mountain_resort,mountain_resort,tag:leisure,leisure,1,0,0,0,rainy_day
rainy day girl,museum_hall,museum_hall,tag:leisure,leisure,1,0,0,0,rainy_day
rainy day girl,neighborhood_crosswalk,neighborhood_crosswalk,tag:daily_public,daily_public,1,0,0,0,rainy_day
rainy day girl,neighborhood_playground,neighborhood_playground,tag:daily_public,daily_public,1,0,0,0,rainy_day
rainy day girl,observatory_dome,observatory_dome,tag:leisure,leisure,1,0,0,0,rainy_day
rainy day girl,opera_house,opera_house,tag:leisure,leisure,1,0,0,0,rainy_day
rainy day girl,picnic_park,picnic_park,tag:daily_public,daily_public,1,0,0,0,rainy_day
rainy day girl,poolside_resort,poolside_resort,tag:leisure,leisure,1,0,0,0,rainy_day
rainy day girl,postal_service_counter,postal_service_counter,tag:retail_service,retail_service,1,0,0,0,rainy_day
rainy day girl,print_shop,print_shop,tag:retail_service,retail_service,1,0,0,0,rainy_day
rainy day girl,public_library_lobby,public_library_lobby,tag:daily_public,daily_public,1,0,0,0,rainy_day
rainy day girl,public_plaza,public_plaza,tag:leisure,leisure,1,0,0,0,rainy_day
rainy day girl,rainy_alley,rainy_alley,existing,,0,0,1,0,rainy_day
rainy day girl,recording_studio,recording_studio,tag:leisure,leisure,1,0,0,0,rainy_day
rainy day girl,riverside_walk,riverside_walk,tag:daily_public,daily_public,1,0,0,0,rainy_day
rainy day girl,rooftop_cafe,rooftop_cafe,tag:leisure,leisure,1,0,0,0,rainy_day
rainy day girl,rural_town_street,rural_town_street,tag:daily_public,daily_public,1,0,0,0,rainy_day
rainy day girl,school_library,school_library,tag:daily_public,daily_public,1,0,0,0,rainy_day
rainy day girl,shopping_arcade,shopping_arcade,tag:retail_service,retail_service,1,0,0,0,rainy_day
rainy day girl,shopping_mall_atrium,shopping_mall_atrium,tag:retail_service,retail_service,1,0,0,0,rainy_day
rainy day girl,stadium_court,stadium_court,tag:leisure,leisure,1,0,0,0,rainy_day
rainy day girl,street_cafe,street_cafe,tag:retail_service,retail_service,1,0,0,0,rainy_day
rainy day girl,suburban_neighborhood,suburban_neighborhood,tag:daily_public,daily_public,1,0,0,0,rainy_day
rainy day girl,subway_ticket_gate,subway_ticket_gate,tag:urban,urban,1,0,0,0,rainy_day
rainy day girl,supermarket_aisle,supermarket_aisle,tag:retail_service,retail_service,1,0,0,0,rainy_day
rainy day girl,train_station_platform,train_station_platform,tag:urban,urban,1,0,0,0,rainy_day
rainy day girl,tram_platform,tram_platform,tag:daily_public,daily_public,1,0,0,0,rainy_day
rainy day girl,tropical_beach,tropical_beach,tag:leisure,leisure,1,0,0,0,rainy_day
rainy day girl,underground_bar,underground_bar,tag:leisure,leisure,1,0,0,0,rainy_day
rainy day girl,vehicle_repair_garage,vehicle_repair_garage,tag:urban,urban,1,0,0,0,rainy_day
rainy day girl,wave_barrel,wave_barrel,tag:leisure,leisure,1,0,0,0,rainy_day
rainy day girl,winter_street,winter_street,tag:daily_public,daily_public,1,0,0,0,rainy_day
rainy day girl,yoga_studio,yoga_studio,tag:leisure,leisure,1,0,0,0,rainy_day
recording artist,aquarium,aquarium,tag:leisure,leisure,1,0,0,0,rock_concert
recording artist,art_gallery,art_gallery,tag:leisure,leisure,1,0,0,0,rock_concert
recording artist,bedroom_boudoir,bedroom_boudoir,universal,,0,1,0,0,rock_concert
recording artist,bike_station,bike_station,tag:daily_public,daily_public,1,0,0,0,rock_concert
recording artist,botanical_garden,botanical_garden,tag:leisure,leisure,1,0,0,0,rock_concert
recording artist,bus_terminal,bus_terminal,tag:daily_public,daily_public,1,0,0,0,rock_concert
recording artist,canal_walkway,canal_walkway,tag:daily_public,daily_public,1,0,0,0,rock_concert
recording artist,cinema_lobby,cinema_lobby,tag:leisure,leisure,1,0,0,0,rock_concert
recording artist,clean_modern_kitchen,clean_modern_kitchen,universal,,0,1,0,0,rock_concert
recording artist,clinic_waiting_room,clinic_waiting_room,tag:daily_public,daily_public,1,0,0,0,rock_concert
recording artist,community_center,community_center,tag:daily_public,daily_public,1,0,0,0,rock_concert
recording artist,community_theater_backstage,community_theater_backstage,tag:leisure,leisure,1,0,0,0,rock_concert
recording artist,commuter_transport,commuter_transport,tag:daily_public,daily_public,1,0,0,0,rock_concert
recording artist,concert_stage,concert_stage,tag:leisure,leisure,1,0,0,0,rock_concert
recording artist,cozy_bookstore,cozy_bookstore,tag:daily_public,daily_public,1,0,0,0,rock_concert
recording artist,cozy_living_room,cozy_living_room,universal,,0,1,0,0,rock_concert
recording artist,ferry_terminal,ferry_terminal,tag:daily_public,daily_public,1,0,0,0,rock_concert
recording artist,fire_station,fire_station,tag:daily_public,daily_public,1,0,0,0,rock_concert
recording artist,fitness_gym,fitness_gym,tag:leisure,leisure,1,0,0,0,rock_concert
recording artist,food_court,food_court,tag:leisure,leisure,1,0,0,0,rock_concert
recording artist,game_arcade,game_arcade,tag:leisure,leisure,1,0,0,0,rock_concert
recording artist,illuminated_park,illuminated_park,tag:daily_public,daily_public,1,0,0,0,rock_concert
recording artist,karaoke_bar,karaoke_bar,tag:leisure,leisure,1,0,0,0,rock_concert
recording artist,local_market_street,local_market_street,tag:daily_public,daily_public,1,0,0,0,rock_concert
recording artist,luxury_hotel_lobby,luxury_hotel_lobby,tag:leisure,leisure,1,0,0,0,rock_concert
recording artist,luxury_hotel_room,luxury_hotel_room,tag:leisure,leisure,1,0,0,0,rock_concert
recording artist,mountain_resort,mountain_resort,tag:leisure,leisure,1,0,0,0,rock_concert
recording artist,museum_hall,museum_hall,tag:leisure,leisure,1,0,0,0,rock_concert
recording artist,neighborhood_crosswalk,neighborhood_crosswalk,tag:daily_public,daily_public,1,0,0,0,rock_concert
recording artist,neighborhood_playground,neighborhood_playground,tag:daily_public,daily_public,1,0,0,0,rock_concert
recording artist,observatory_dome,observatory_dome,tag:leisure,leisure,1,0,0,0,rock_concert
recording artist,opera_house,opera_house,tag:leisure,leisure,1,0,0,0,rock_concert
recording artist,picnic_park,picnic_park,tag:daily_public,daily_public,1,0,0,0,rock_concert
recording artist,poolside_resort,poolside_resort,tag:leisure,leisure,1,0,0,0,rock_concert
recording artist,postal_service_counter,postal_service_counter,tag:daily_public,daily_public,1,0,0,0,rock_concert
recording artist,public_library_lobby,public_library_lobby,tag:daily_public,daily_public,1,0,0,0,rock_concert
recording artist,public_plaza,public_plaza,tag:leisure,leisure,1,0,0,0,rock_concert
recording artist,rainy_bus_stop,rainy_alley,tag:daily_public,daily_public,1,0,0,1,rock_concert
recording artist,recording_studio,recording_studio,existing,,0,0,1,0,rock_concert
recording artist,riverside_walk,riverside_walk,tag:daily_public,daily_public,1,0,0,0,rock_concert
recording artist,rooftop_cafe,rooftop_cafe,tag:leisure,leisure,1,0,0,0,rock_concert
recording artist,rural_town_street,rural_town_street,tag:daily_public,daily_public,1,0,0,0,rock_concert
recording artist,school_library,school_library,tag:daily_public,daily_public,1,0,0,0,rock_concert
recording artist,shopping_mall_atrium,shopping_mall_atrium,tag:daily_public,daily_public,1,0,0,0,rock_concert
recording artist,stadium_court,stadium_court,tag:leisure,leisure,1,0,0,0,rock_concert
recording artist,street_cafe,street_cafe,tag:daily_public,daily_public,1,0,0,0,rock_concert
recording artist,suburban_neighborhood,suburban_neighborhood,tag:daily_public,daily_public,1,0,0,0,rock_concert
recording artist,tram_platform,tram_platform,tag:daily_public,daily_public,1,0,0,0,rock_concert
recording artist,tropical_beach,tropical_beach,tag:leisure,leisure,1,0,0,0,rock_concert
recording artist,underground_bar,underground_bar,tag:leisure,leisure,1,0,0,0,rock_concert
recording artist,wave_barrel,wave_barrel,tag:leisure,leisure,1,0,0,0,rock_concert
recording artist,winter_street,winter_street,tag:daily_public,daily_public,1,0,0,0,rock_concert
recording artist,yoga_studio,yoga_studio,tag:leisure,leisure,1,0,0,0,rock_concert
researcher,airship_deck,airship_deck,tag:scifi,scifi,1,0,0,0,office_lady
researcher,alien_planet,alien_planet,tag:scifi,scifi,1,0,0,0,office_lady
researcher,antique_shop,antique_shop,tag:quiet_indoor,quiet_indoor,1,0,0,0,office_lady
researcher,aquarium,aquarium,tag:quiet_indoor,quiet_indoor,1,0,0,0,office_lady
researcher,art_gallery,art_gallery,tag:quiet_indoor,quiet_indoor,1,0,0,0,office_lady
researcher,bedroom_boudoir,bedroom_boudoir,universal,,0,1,0,0,office_lady
researcher,boardroom,boardroom,tag:workplace,workplace,1,0,0,0,office_lady
researcher,botanical_garden,botanical_garden,universal,,0,1,0,0,office_lady
researcher,clean_modern_kitchen,clean_modern_kitchen,universal,,0,1,0,0,office_lady
researcher,clinic_waiting_room,clinic_waiting_room,tag:quiet_indoor,quiet_indoor,1,0,0,0,office_lady
researcher,community_theater_backstage,community_theater_backstage,tag:workplace,workplace,1,0,0,0,office_lady
researcher,commuter_transport,commuter_transport,universal,,0,1,0,0,office_lady
researcher,coworking_space,coworking_space,tag:workplace,workplace,1,0,0,0,office_lady
researcher,cozy_bookstore,cozy_bookstore,tag:quiet_indoor,quiet_indoor,1,0,0,0,office_lady
researcher,cozy_living_room,cozy_living_room,universal,,0,1,0,0,office_lady
researcher,cyber_lab,cyber_lab,tag:scifi,scifi,1,0,0,0,office_lady
researcher,neon_city_street,cyberpunk_street,tag:scifi,scifi,1,0,0,1,office_lady
researcher,design_studio,design_studio,existing,,0,0,1,0,office_lady
researcher,fire_station,fire_station,tag:workplace,workplace,1,0,0,0,office_lady
researcher,greenhouse_nursery,greenhouse_nursery,tag:workplace,workplace,1,0,0,0,office_lady
researcher,high_tech_medbay,high_tech_medbay,tag:scifi,scifi,1,0,0,0,office_lady
researcher,illuminated_park,illuminated_park,universal,,0,1,0,0,office_lady
researcher,maker_space,maker_space,tag:scifi,scifi,1,0,0,0,office_lady
researcher,messy_copy_room,messy_copy_room,tag:workplace,workplace,1,0,0,0,office_lady
researcher,modern_office,modern_office,tag:workplace,workplace,1,0,0,0,office_lady
researcher,museum_hall,museum_hall,tag:quiet_indoor,quiet_indoor,1,0,0,0,office_lady
researcher,observatory_dome,observatory_dome,tag:quiet_indoor,quiet_indoor,1,0,0,0,office_lady
researcher,office_elevator,office_elevator,tag:workplace,workplace,1,0,0,0,office_lady
researcher,picnic_park,picnic_park,universal,,0,1,0,0,office_lady
researcher,postal_service_counter,postal_service_counter,tag:workplace,workplace,1,0,0,0,office_lady
researcher,print_shop,print_shop,tag:workplace,workplace,1,0,0,0,office_lady
researcher,public_library_lobby,public_library_lobby,tag:quiet_indoor,quiet_indoor,1,0,0,0,office_lady
researcher,rainy_bus_stop,rainy_alley,universal,,0,1,0,1,office_lady
researcher,rural_town_street,rural_town_street,universal,,0,1,0,0,office_lady
researcher,school_clubroom,school_clubroom,tag:quiet_indoor,quiet_indoor,1,0,0,0,office_lady
researcher,school_library,school_library,tag:quiet_indoor,quiet_indoor,1,0,0,0,office_lady
researcher,shopping_mall_atrium,shopping_mall_atrium,universal,,0,1,0,0,office_lady
researcher,spaceship_bridge,spaceship_bridge,tag:scifi,scifi,1,0,0,0,office_lady
researcher,starship_quarters,starship_quarters,tag:scifi,scifi,1,0,0,0,office_lady
researcher,street_cafe,street_cafe,universal,,0,1,0,0,office_lady
researcher,suburban_neighborhood,suburban_neighborhood,universal,,0,1,0,0,office_lady
researcher,surveillance_room,surveillance_room,tag:workplace,workplace,1,0,0,0,office_lady
researcher,tea_room,tea_room,tag:quiet_indoor,quiet_indoor,1,0,0,0,office_lady
researcher,train_station_platform,train_station_platform,tag:workplace,workplace,1,0,0,0,office_lady
researcher,vehicle_repair_garage,vehicle_repair_garage,tag:workplace,workplace,1,0,0,0,office_lady
researcher,winter_street,winter_street,universal,,0,1,0,0,office_lady
resident,antique_shop,antique_shop,tag:retail_service,retail_service,1,0,0,0,room_loungewear
resident,apartment_balcony,apartment_balcony,tag:home_life,home_life,1,0,0,0,room_loungewear
resident,apartment_entryway,apartment_entryway,tag:home_life,home_life,1,0,0,0,room_loungewear
resident,aquarium,aquarium,tag:leisure,leisure,1,0,0,0,room_loungewear
resident,art_gallery,art_gallery,tag:leisure,leisure,1,0,0,0,room_loungewear
resident,bakery_shop,bakery_shop,tag:retail_service,retail_service,1,0,0,0,room_loungewear
resident,luxury_bathroom,bedroom_boudoir,tag:home_life,home_life,1,0,0,1,room_loungewear
resident,bike_station,bike_station,tag:daily_public,daily_public,1,0,0,0,room_loungewear
resident,botanical_garden,botanical_garden,tag:leisure,leisure,1,0,0,0,room_loungewear
resident,bus_terminal,bus_terminal,tag:daily_public,daily_public,1,0,0,0,room_loungewear
resident,canal_walkway,canal_walkway,tag:daily_public,daily_public,1,0,0,0,room_loungewear
resident,cinema_lobby,cinema_lobby,tag:leisure,leisure,1,0,0,0,room_loungewear
resident,clean_modern_kitchen,clean_modern_kitchen,tag:home_life,home_life,1,0,0,0,room_loungewear
resident,clinic_waiting_room,clinic_waiting_room,tag:daily_public,daily_public,1,0,0,0,room_loungewear
resident,community_center,community_center,tag:daily_public,daily_public,1,0,0,0,room_loungewear
resident,community_garden,community_garden,tag:suburban,suburban,1,0,0,0,room_loungewear
resident,community_theater_backstage,community_theater_backstage,tag:leisure,leisure,1,0,0,0,room_loungewear
resident,commuter_transport,commuter_transport,tag:daily_public,daily_public,1,0,0,0,room_loungewear
resident,concert_stage,concert_stage,tag:leisure,leisure,1,0,0,0,room_loungewear
resident,convenience_store,convenience_store,tag:retail_service,retail_service,1,0,0,0,room_loungewear
resident,cozy_bookstore,cozy_bookstore,tag:retail_service,retail_service,1,0,0,0,room_loungewear
resident,cozy_living_room,cozy_living_room,tag:home_life,home_life,1,0,0,0,room_loungewear
resident,drugstore_aisle,drugstore_aisle,tag:retail_service,retail_service,1,0,0,0,room_loungewear
resident,family_restaurant,family_restaurant,tag:retail_service,retail_service,1,0,0,0,room_loungewear
resident,fashion_boutique,fashion_boutique,tag:retail_service,retail_service,1,0,0,0,room_loungewear
resident,ferry_terminal,ferry_terminal,tag:daily_public,daily_public,1,0,0,0,room_loungewear
resident,fire_station,fire_station,tag:daily_public,daily_public,1,0,0,0,room_loungewear
resident,fitness_gym,fitness_gym,tag:leisure,leisure,1,0,0,0,room_loungewear
resident,flower_market,flower_market,tag:retail_service,retail_service,1,0,0,0,room_loungewear
resident,food_court,food_court,tag:leisure,leisure,1,0,0,0,room_loungewear
resident,forest_cabin,forest_cabin,tag:domestic,domestic,1,0,0,0,room_loungewear
resident,game_arcade,game_arcade,tag:leisure,leisure,1,0,0,0,room_loungewear
resident,greenhouse_nursery,greenhouse_nursery,tag:retail_service,retail_service,1,0,0,0,room_loungewear
resident,illuminated_park,illuminated_park,tag:daily_public,daily_public,1,0,0,0,room_loungewear
resident,karaoke_bar,karaoke_bar,tag:leisure,leisure,1,0,0,0,room_loungewear
resident,laundromat,laundromat,tag:home_life,home_life,1,0,0,0,room_loungewear
resident,local_market_street,local_market_street,tag:retail_service,retail_service,1,0,0,0,room_loungewear
resident,luxury_hotel_lobby,luxury_hotel_lobby,tag:leisure,leisure,1,0,0,0,room_loungewear
resident,luxury_hotel_room,luxury_hotel_room,tag:leisure,leisure,1,0,0,0,room_loungewear
resident,mountain_resort,mountain_resort,tag:leisure,leisure,1,0,0,0,room_loungewear
resident,museum_hall,museum_hall,tag:leisure,leisure,1,0,0,0,room_loungewear
resident,neighborhood_crosswalk,neighborhood_crosswalk,tag:daily_public,daily_public,1,0,0,0,room_loungewear
resident,neighborhood_playground,neighborhood_playground,tag:daily_public,daily_public,1,0,0,0,room_loungewear
resident,observatory_dome,observatory_dome,tag:leisure,leisure,1,0,0,0,room_loungewear
resident,opera_house,opera_house,tag:leisure,leisure,1,0,0,0,room_loungewear
resident,picnic_park,picnic_park,tag:daily_public,daily_public,1,0,0,0,room_loungewear
resident,poolside_resort,poolside_resort,tag:leisure,leisure,1,0,0,0,room_loungewear
resident,postal_service_counter,postal_service_counter,tag:retail_service,retail_service,1,0,0,0,room_loungewear
resident,print_shop,print_shop,tag:retail_service,retail_service,1,0,0,0,room_loungewear
resident,public_library_lobby,public_library_lobby,tag:daily_public,daily_public,1,0,0,0,room_loungewear
resident,public_plaza,public_plaza,tag:leisure,leisure,1,0,0,0,room_loungewear
resident,rainy_bus_stop,rainy_alley,tag:daily_public,daily_public,1,0,0,1,room_loungewear
resident,recording_studio,recording_studio,tag:leisure,leisure,1,0,0,0,room_loungewear
resident,riverside_walk,riverside_walk,tag:daily_public,daily_public,1,0,0,0,room_loungewear
resident,rooftop_cafe,rooftop_cafe,tag:leisure,leisure,1,0,0,0,room_loungewear
resident,rooftop_laundry_area,rooftop_laundry_area,tag:home_life,home_life,1,0,0,0,room_loungewear
resident,rural_town_street,rural_town_street,tag:daily_public,daily_public,1,0,0,0,room_loungewear
resident,school_library,school_library,tag:daily_public,daily_public,1,0,0,0,room_loungewear
resident,shopping_arcade,shopping_arcade,tag:retail_service,retail_service,1,0,0,0,room_loungewear
resident,shopping_mall_atrium,shopping_mall_atrium,tag:retail_service,retail_service,1,0,0,0,room_loungewear
resident,stadium_court,stadium_court,tag:leisure,leisure,1,0,0,0,room_loungewear
resident,street_cafe,street_cafe,tag:retail_service,retail_service,1,0,0,0,room_loungewear
resident,suburban_neighborhood,suburban_neighborhood,tag:daily_public,daily_public,1,0,0,0,room_loungewear
resident,supermarket_aisle,supermarket_aisle,tag:retail_service,retail_service,1,0,0,0,room_loungewear
resident,tram_platform,tram_platform,tag:daily_public,daily_public,1,0,0,0,room_loungewear
resident,tropical_beach,tropical_beach,tag:leisure,leisure,1,0,0,0,room_loungewear
resident,underground_bar,underground_bar,tag:leisure,leisure,1,0,0,0,room_loungewear
resident,wave_barrel,wave_barrel,tag:leisure,leisure,1,0,0,0,room_loungewear
resident,winter_street,winter_street,tag:daily_public,daily_public,1,0,0,0,room_loungewear
resident,yoga_studio,yoga_studio,tag:leisure,leisure,1,0,0,0,room_loungewear
riverside walker,abandoned_shrine,abandoned_shrine,tag:nature,nature,1,0,0,0,cozy_cafe
riverside walker,antique_shop,antique_shop,tag:retail_service,retail_service,1,0,0,0,cozy_cafe
riverside walker,aquarium,aquarium,tag:leisure,leisure,1,0,0,0,cozy_cafe
riverside walker,art_gallery,art_gallery,tag:leisure,leisure,1,0,0,0,cozy_cafe
riverside walker,bakery_shop,bakery_shop,tag:retail_service,retail_service,1,0,0,0,cozy_cafe
riverside walker,bamboo_forest,bamboo_forest,tag:nature,nature,1,0,0,0,cozy_cafe
riverside walker,bedroom_boudoir,bedroom_boudoir,universal,,0,1,0,0,cozy_cafe
riverside walker,bike_station,bike_station,tag:daily_public,daily_public,1,0,0,0,cozy_cafe
riverside walker,botanical_garden,botanical_garden,tag:leisure,leisure,1,0,0,0,cozy_cafe
riverside walker,bus_terminal,bus_terminal,tag:suburban,suburban,1,0,0,0,cozy_cafe
riverside walker,canal_walkway,canal_walkway,tag:nature,nature,1,0,0,0,cozy_cafe
riverside walker,cinema_lobby,cinema_lobby,tag:leisure,leisure,1,0,0,0,cozy_cafe
riverside walker,clean_modern_kitchen,clean_modern_kitchen,universal,,0,1,0,0,cozy_cafe
riverside walker,clinic_waiting_room,clinic_waiting_room,tag:daily_public,daily_public,1,0,0,0,cozy_cafe
riverside walker,community_center,community_center,tag:suburban,suburban,1,0,0,0,cozy_cafe
riverside walker,community_garden,community_garden,tag:nature,nature,1,0,0,0,cozy_cafe
riverside walker,community_theater_backstage,community_theater_backstage,tag:leisure,leisure,1,0,0,0,cozy_cafe
riverside walker,commuter_transport,commuter_transport,tag:daily_public,daily_public,1,0,0,0,cozy_cafe
riverside walker,concert_stage,concert_stage,tag:leisure,leisure,1,0,0,0,cozy_cafe
riverside walker,convenience_store,convenience_store,tag:retail_service,retail_service,1,0,0,0,cozy_cafe
riverside walker,cozy_bookstore,cozy_bookstore,tag:retail_service,retail_service,1,0,0,0,cozy_cafe
riverside walker,cozy_living_room,cozy_living_room,universal,,0,1,0,0,cozy_cafe
riverside walker,drugstore_aisle,drugstore_aisle,tag:retail_service,retail_service,1,0,0,0,cozy_cafe
riverside walker,enchanted_lake,enchanted_lake,tag:nature,nature,1,0,0,0,cozy_cafe
riverside walker,family_restaurant,family_restaurant,tag:retail_service,retail_service,1,0,0,0,cozy_cafe
riverside walker,fantasy_forest,fantasy_forest,tag:nature,nature,1,0,0,0,cozy_cafe
riverside walker,fashion_boutique,fashion_boutique,tag:retail_service,retail_service,1,0,0,0,cozy_cafe
riverside walker,ferry_terminal,ferry_terminal,tag:daily_public,daily_public,1,0,0,0,cozy_cafe
riverside walker,fire_station,fire_station,tag:daily_public,daily_public,1,0,0,0,cozy_cafe
riverside walker,fitness_gym,fitness_gym,tag:leisure,leisure,1,0,0,0,cozy_cafe
riverside walker,flower_market,flower_market,tag:retail_service,retail_service,1,0,0,0,cozy_cafe
riverside walker,food_court,food_court,tag:leisure,leisure,1,0,0,0,cozy_cafe
riverside walker,forest_cabin,forest_cabin,tag:nature,nature,1,0,0,0,cozy_cafe
riverside walker,game_arcade,game_arcade,tag:leisure,leisure,1,0,0,0,cozy_cafe
riverside walker,greenhouse_nursery,greenhouse_nursery,tag:retail_service,retail_service,1,0,0,0,cozy_cafe
riverside walker,illuminated_park,illuminated_park,tag:daily_public,daily_public,1,0,0,0,cozy_cafe
riverside walker,japanese_garden,japanese_garden,tag:nature,nature,1,0,0,0,cozy_cafe
riverside walker,karaoke_bar,karaoke_bar,tag:leisure,leisure,1,0,0,0,cozy_cafe
riverside walker,local_market_street,local_market_street,tag:retail_service,retail_service,1,0,0,0,cozy_cafe
riverside walker,luxury_hotel_lobby,luxury_hotel_lobby,tag:leisure,leisure,1,0,0,0,cozy_cafe
riverside walker,luxury_hotel_room,luxury_hotel_room,tag:leisure,leisure,1,0,0,0,cozy_cafe
riverside walker,mountain_resort,mountain_resort,tag:leisure,leisure,1,0,0,0,cozy_cafe
riverside walker,museum_hall,museum_hall,tag:leisure,leisure,1,0,0,0,cozy_cafe
riverside walker,neighborhood_crosswalk,neighborhood_crosswalk,tag:suburban,suburban,1,0,0,0,cozy_cafe
riverside walker,neighborhood_playground,neighborhood_playground,tag:suburban,suburban,1,0,0,0,cozy_cafe
riverside walker,observatory_dome,observatory_dome,tag:leisure,leisure,1,0,0,0,cozy_cafe
riverside walker,opera_house,opera_house,tag:leisure,leisure,1,0,0,0,cozy_cafe
riverside walker,picnic_park,picnic_park,tag:daily_public,daily_public,1,0,0,0,cozy_cafe
riverside walker,poolside_resort,poolside_resort,tag:leisure,leisure,1,0,0,0,cozy_cafe
riverside walker,postal_service_counter,postal_service_counter,tag:retail_service,retail_service,1,0,0,0,cozy_cafe
riverside walker,print_shop,print_shop,tag:retail_service,retail_service,1,0,0,0,cozy_cafe
riverside walker,public_library_lobby,public_library_lobby,tag:suburban,suburban,1,0,0,0,cozy_cafe
riverside walker,public_plaza,public_plaza,tag:leisure,leisure,1,0,0,0,cozy_cafe
riverside walker,rainy_bus_stop,rainy_alley,tag:suburban,suburban,1,0,0,1,cozy_cafe
riverside walker,recording_studio,recording_studio,tag:leisure,leisure,1,0,0,0,cozy_cafe
riverside walker,riverside_walk,riverside_walk,tag:suburban,suburban,1,0,0,0,cozy_cafe
riverside walker,rooftop_cafe,rooftop_cafe,tag:leisure,leisure,1,0,0,0,cozy_cafe
riverside walker,rural_town_street,rural_town_street,tag:suburban,suburban,1,0,0,0,cozy_cafe
riverside walker,school_library,school_library,tag:daily_public,daily_public,1,0,0,0,cozy_cafe
riverside walker,shinto_shrine,shinto_shrine,tag:nature,nature,1,0,0,0,cozy_cafe
riverside walker,shopping_arcade,shopping_arcade,tag:retail_service,retail_service,1,0,0,0,cozy_cafe
riverside walker,shopping_mall_atrium,shopping_mall_atrium,tag:retail_service,retail_service,1,0,0,0,cozy_cafe
riverside walker,stadium_court,stadium_court,tag:leisure,leisure,1,0,0,0,cozy_cafe
riverside walker,street_cafe,street_cafe,tag:retail_service,retail_service,1,0,0,0,cozy_cafe
riverside walker,suburban_neighborhood,suburban_neighborhood,tag:suburban,suburban,1,0,0,0,cozy_cafe
riverside walker,supermarket_aisle,supermarket_aisle,tag:retail_service,retail_service,1,0,0,0,cozy_cafe
riverside walker,tram_platform,tram_platform,tag:daily_public,daily_public,1,0,0,0,cozy_cafe
riverside walker,tropical_beach,tropical_beach,tag:leisure,leisure,1,0,0,0,cozy_cafe
riverside walker,underground_bar,underground_bar,tag:leisure,leisure,1,0,0,0,cozy_cafe
riverside walker,wave_barrel,wave_barrel,tag:leisure,leisure,1,0,0,0,cozy_cafe
riverside walker,winter_street,winter_street,tag:daily_public,daily_public,1,0,0,0,cozy_cafe
riverside walker,yoga_studio,yoga_studio,tag:leisure,leisure,1,0,0,0,cozy_cafe
rock singer,antique_shop,antique_shop,tag:retail_service,retail_service,1,0,0,0,rock_concert
rock singer,aquarium,aquarium,tag:leisure,leisure,1,0,0,0,rock_concert
rock singer,art_gallery,art_gallery,tag:leisure,leisure,1,0,0,0,rock_concert
rock singer,bakery_shop,bakery_shop,tag:retail_service,retail_service,1,0,0,0,rock_concert
rock singer,bedroom_boudoir,bedroom_boudoir,universal,,0,1,0,0,rock_concert
rock singer,bike_station,bike_station,tag:daily_public,daily_public,1,0,0,0,rock_concert
rock singer,botanical_garden,botanical_garden,tag:leisure,leisure,1,0,0,0,rock_concert
rock singer,bus_terminal,bus_terminal,tag:daily_public,daily_public,1,0,0,0,rock_concert
rock singer,canal_walkway,canal_walkway,tag:daily_public,daily_public,1,0,0,0,rock_concert
rock singer,cinema_lobby,cinema_lobby,tag:leisure,leisure,1,0,0,0,rock_concert
rock singer,clean_modern_kitchen,clean_modern_kitchen,universal,,0,1,0,0,rock_concert
rock singer,clinic_waiting_room,clinic_waiting_room,tag:daily_public,daily_public,1,0,0,0,rock_concert
rock singer,community_center,community_center,tag:daily_public,daily_public,1,0,0,0,rock_concert
rock singer,community_theater_backstage,community_theater_backstage,tag:leisure,leisure,1,0,0,0,rock_concert
rock singer,commuter_transport,commuter_transport,tag:daily_public,daily_public,1,0,0,0,rock_concert
rock singer,concert_stage,concert_stage,existing,,0,0,1,0,rock_concert
rock singer,convenience_store,convenience_store,tag:retail_service,retail_service,1,0,0,0,rock_concert
rock singer,cozy_bookstore,cozy_bookstore,tag:retail_service,retail_service,1,0,0,0,rock_concert
rock singer,cozy_living_room,cozy_living_room,universal,,0,1,0,0,rock_concert
rock singer,neon_city_street,cyberpunk_street,tag:urban,urban,1,0,0,1,rock_concert
rock singer,drugstore_aisle,drugstore_aisle,tag:retail_service,retail_service,1,0,0,0,rock_concert
rock singer,family_restaurant,family_restaurant,tag:retail_service,retail_service,1,0,0,0,rock_concert
rock singer,fashion_boutique,fashion_boutique,tag:retail_service,retail_service,1,0,0,0,rock_concert
rock singer,ferry_terminal,ferry_terminal,tag:daily_public,daily_public,1,0,0,0,rock_concert
rock singer,fire_station,fire_station,tag:daily_public,daily_public,1,0,0,0,rock_concert
rock singer,fitness_gym,fitness_gym,tag:leisure,leisure,1,0,0,0,rock_concert
rock singer,flower_market,flower_market,tag:retail_service,retail_service,1,0,0,0,rock_concert
rock singer,food_court,food_court,tag:leisure,leisure,1,0,0,0,rock_concert
rock singer,game_arcade,game_arcade,tag:leisure,leisure,1,0,0,0,rock_concert
rock singer,greenhouse_nursery,greenhouse_nursery,tag:retail_service,retail_service,1,0,0,0,rock_concert
rock singer,illuminated_park,illuminated_park,tag:daily_public,daily_public,1,0,0,0,rock_concert
rock singer,karaoke_bar,karaoke_bar,tag:leisure,leisure,1,0,0,0,rock_concert
rock singer,local_market_street,local_market_street,tag:retail_service,retail_service,1,0,0,0,rock_concert
rock singer,luxury_hotel_lobby,luxury_hotel_lobby,tag:leisure,leisure,1,0,0,0,rock_concert
rock singer,luxury_hotel_room,luxury_hotel_room,tag:leisure,leisure,1,0,0,0,rock_concert
rock singer,mountain_resort,mountain_resort,tag:leisure,leisure,1,0,0,0,rock_concert
rock singer,museum_hall,museum_hall,tag:leisure,leisure,1,0,0,0,rock_concert
rock singer,neighborhood_crosswalk,neighborhood_crosswalk,tag:daily_public,daily_public,1,0,0,0,rock_concert
rock singer,neighborhood_playground,neighborhood_playground,tag:daily_public,daily_public,1,0,0,0,rock_concert
rock singer,observatory_dome,observatory_dome,tag:leisure,leisure,1,0,0,0,rock_concert
rock singer,opera_house,opera_house,tag:leisure,leisure,1,0,0,0,rock_concert
rock singer,picnic_park,picnic_park,tag:daily_public,daily_public,1,0,0,0,rock_concert
rock singer,poolside_resort,poolside_resort,tag:leisure,leisure,1,0,0,0,rock_concert
rock singer,postal_service_counter,postal_service_counter,tag:retail_service,retail_service,1,0,0,0,rock_concert
rock singer,print_shop,print_shop,tag:retail_service,retail_service,1,0,0,0,rock_concert
rock singer,public_library_lobby,public_library_lobby,tag:daily_public,daily_public,1,0,0,0,rock_concert
rock singer,public_plaza,public_plaza,tag:leisure,leisure,1,0,0,0,rock_concert
rock singer,rainy_bus_stop,rainy_alley,tag:daily_public,daily_public,1,0,0,1,rock_concert
rock singer,recording_studio,recording_studio,tag:leisure,leisure,1,0,0,0,rock_concert
rock singer,riverside_walk,riverside_walk,tag:daily_public,daily_public,1,0,0,0,rock_concert
rock singer,rooftop_cafe,rooftop_cafe,tag:leisure,leisure,1,0,0,0,rock_concert
rock singer,rural_town_street,rural_town_street,tag:daily_public,daily_public,1,0,0,0,rock_concert
rock singer,school_library,school_library,tag:daily_public,daily_public,1,0,0,0,rock_concert
rock singer,shopping_arcade,shopping_arcade,tag:retail_service,retail_service,1,0,0,0,rock_concert
rock singer,shopping_mall_atrium,shopping_mall_atrium,tag:retail_service,retail_service,1,0,0,0,rock_concert
rock singer,stadium_court,stadium_court,tag:leisure,leisure,1,0,0,0,rock_concert
rock singer,street_cafe,street_cafe,tag:retail_service,retail_service,1,0,0,0,rock_concert
rock singer,suburban_neighborhood,suburban_neighborhood,tag:daily_public,daily_public,1,0,0,0,rock_concert
rock singer,subway_ticket_gate,subway_ticket_gate,tag:urban,urban,1,0,0,0,rock_concert
rock singer,supermarket_aisle,supermarket_aisle,tag:retail_service,retail_service,1,0,0,0,rock_concert
rock singer,train_station_platform,train_station_platform,tag:urban,urban,1,0,0,0,rock_concert
rock singer,tram_platform,tram_platform,tag:daily_public,daily_public,1,0,0,0,rock_concert
rock singer,tropical_beach,tropical_beach,tag:leisure,leisure,1,0,0,0,rock_concert
rock singer,underground_bar,underground_bar,tag:leisure,leisure,1,0,0,0,rock_concert
rock singer,vehicle_repair_garage,vehicle_repair_garage,tag:urban,urban,1,0,0,0,rock_concert
rock singer,wave_barrel,wave_barrel,tag:leisure,leisure,1,0,0,0,rock_concert
rock singer,winter_street,winter_street,tag:daily_public,daily_public,1,0,0,0,rock_concert
rock singer,yoga_studio,yoga_studio,tag:leisure,leisure,1,0,0,0,rock_concert
rock star,antique_shop,antique_shop,tag:retail_service,retail_service,1,0,0,0,rock_concert
rock star,aquarium,aquarium,tag:leisure,leisure,1,0,0,0,rock_concert
rock star,art_gallery,art_gallery,tag:leisure,leisure,1,0,0,0,rock_concert
rock star,bakery_shop,bakery_shop,tag:retail_service,retail_service,1,0,0,0,rock_concert
rock star,bedroom_boudoir,bedroom_boudoir,universal,,0,1,0,0,rock_concert
rock star,bike_station,bike_station,tag:daily_public,daily_public,1,0,0,0,rock_concert
rock star,botanical_garden,botanical_garden,tag:leisure,leisure,1,0,0,0,rock_concert
rock star,bus_terminal,bus_terminal,tag:daily_public,daily_public,1,0,0,0,rock_concert
rock star,canal_walkway,canal_walkway,tag:daily_public,daily_public,1,0,0,0,rock_concert
rock star,cinema_lobby,cinema_lobby,tag:leisure,leisure,1,0,0,0,rock_concert
rock star,clean_modern_kitchen,clean_modern_kitchen,universal,,0,1,0,0,rock_concert
rock star,clinic_waiting_room,clinic_waiting_room,tag:daily_public,daily_public,1,0,0,0,rock_concert
rock star,community_center,community_center,tag:daily_public,daily_public,1,0,0,0,rock_concert
rock star,community_theater_backstage,community_theater_backstage,tag:leisure,leisure,1,0,0,0,rock_concert
rock star,commuter_transport,commuter_transport,tag:daily_public,daily_public,1,0,0,0,rock_concert
rock star,concert_stage,concert_stage,tag:leisure,leisure,1,0,0,0,rock_concert
rock star,convenience_store,convenience_store,tag:retail_service,retail_service,1,0,0,0,rock_concert
rock star,cozy_bookstore,cozy_bookstore,tag:retail_service,retail_service,1,0,0,0,rock_concert
rock star,cozy_living_room,cozy_living_room,universal,,0,1,0,0,rock_concert
rock star,neon_city_street,cyberpunk_street,tag:urban,urban,1,0,0,1,rock_concert
rock star,drugstore_aisle,drugstore_aisle,tag:retail_service,retail_service,1,0,0,0,rock_concert
rock star,family_restaurant,family_restaurant,tag:retail_service,retail_service,1,0,0,0,rock_concert
rock star,fashion_boutique,fashion_boutique,tag:retail_service,retail_service,1,0,0,0,rock_concert
rock star,ferry_terminal,ferry_terminal,tag:daily_public,daily_public,1,0,0,0,rock_concert
rock star,fire_station,fire_station,tag:daily_public,daily_public,1,0,0,0,rock_concert
rock star,fitness_gym,fitness_gym,tag:leisure,leisure,1,0,0,0,rock_concert
rock star,flower_market,flower_market,tag:retail_service,retail_service,1,0,0,0,rock_concert
rock star,food_court,food_court,tag:leisure,leisure,1,0,0,0,rock_concert
rock star,game_arcade,game_arcade,tag:leisure,leisure,1,0,0,0,rock_concert
rock star,greenhouse_nursery,greenhouse_nursery,tag:retail_service,retail_service,1,0,0,0,rock_concert
rock star,illuminated_park,illuminated_park,tag:daily_public,daily_public,1,0,0,0,rock_concert
rock star,karaoke_bar,karaoke_bar,existing,,0,0,1,0,rock_concert
rock star,local_market_street,local_market_street,tag:retail_service,retail_service,1,0,0,0,rock_concert
rock star,luxury_hotel_lobby,luxury_hotel_lobby,tag:leisure,leisure,1,0,0,0,rock_concert
rock star,luxury_hotel_room,luxury_hotel_room,tag:leisure,leisure,1,0,0,0,rock_concert
rock star,mountain_resort,mountain_resort,tag:leisure,leisure,1,0,0,0,rock_concert
rock star,museum_hall,museum_hall,tag:leisure,leisure,1,0,0,0,rock_concert
rock star,neighborhood_crosswalk,neighborhood_crosswalk,tag:daily_public,daily_public,1,0,0,0,rock_concert
rock star,neighborhood_playground,neighborhood_playground,tag:daily_public,daily_public,1,0,0,0,rock_concert
rock star,observatory_dome,observatory_dome,tag:leisure,leisure,1,0,0,0,rock_concert
rock star,opera_house,opera_house,tag:leisure,leisure,1,0,0,0,rock_concert
rock star,picnic_park,picnic_park,tag:daily_public,daily_public,1,0,0,0,rock_concert
rock star,poolside_resort,poolside_resort,tag:leisure,leisure,1,0,0,0,rock_concert
rock star,postal_service_counter,postal_service_counter,tag:retail_service,retail_service,1,0,0,0,rock_concert
rock star,print_shop,print_shop,tag:retail_service,retail_service,1,0,0,0,rock_concert
rock star,public_library_lobby,public_library_lobby,tag:daily_public,daily_public,1,0,0,0,rock_concert
rock star,public_plaza,public_plaza,tag:leisure,leisure,1,0,0,0,rock_concert
rock star,rainy_bus_stop,rainy_alley,tag:daily_public,daily_public,1,0,0,1,rock_concert
rock star,recording_studio,recording_studio,tag:leisure,leisure,1,0,0,0,rock_concert
rock star,riverside_walk,riverside_walk,tag:daily_public,daily_public,1,0,0,0,rock_concert
rock star,rooftop_cafe,rooftop_cafe,tag:leisure,leisure,1,0,0,0,rock_concert
rock star,rural_town_street,rural_town_street,tag:daily_public,daily_public,1,0,0,0,rock_concert
rock star,school_library,school_library,tag:daily_public,daily_public,1,0,0,0,rock_concert
rock star,shopping_arcade,shopping_arcade,tag:retail_service,retail_service,1,0,0,0,rock_concert
rock star,shopping_mall_atrium,shopping_mall_atrium,tag:retail_service,retail_service,1,0,0,0,rock_concert
rock star,stadium_court,stadium_court,tag:leisure,leisure,1,0,0,0,rock_concert
rock star,street_cafe,street_cafe,tag:retail_service,retail_service,1,0,0,0,rock_concert
rock star,suburban_neighborhood,suburban_neighborhood,tag:daily_public,daily_public,1,0,0,0,rock_concert
rock star,subway_ticket_gate,subway_ticket_gate,tag:urban,urban,1,0,0,0,rock_concert
rock star,supermarket_aisle,supermarket_aisle,tag:retail_service,retail_service,1,0,0,0,rock_concert
rock star,train_station_platform,train_station_platform,tag:urban,urban,1,0,0,0,rock_concert
rock star,tram_platform,tram_platform,tag:daily_public,daily_public,1,0,0,0,rock_concert
rock star,tropical_beach,tropical_beach,tag:leisure,leisure,1,0,0,0,rock_concert
rock star,underground_bar,underground_bar,tag:leisure,leisure,1,0,0,0,rock_concert
rock star,vehicle_repair_garage,vehicle_repair_garage,tag:urban,urban,1,0,0,0,rock_concert
rock star,wave_barrel,wave_barrel,tag:leisure,leisure,1,0,0,0,rock_concert
rock star,winter_street,winter_street,tag:daily_public,daily_public,1,0,0,0,rock_concert
rock star,yoga_studio,yoga_studio,tag:leisure,leisure,1,0,0,0,rock_concert
rooftop neighbor,antique_shop,antique_shop,tag:retail_service,retail_service,1,0,0,0,street_casual
rooftop neighbor,apartment_balcony,apartment_balcony,tag:home_life,home_life,1,0,0,0,street_casual
rooftop neighbor,apartment_entryway,apartment_entryway,tag:home_life,home_life,1,0,0,0,street_casual
rooftop neighbor,aquarium,aquarium,tag:leisure,leisure,1,0,0,0,street_casual
rooftop neighbor,art_gallery,art_gallery,tag:leisure,leisure,1,0,0,0,street_casual
rooftop neighbor,bakery_shop,bakery_shop,tag:retail_service,retail_service,1,0,0,0,street_casual
rooftop neighbor,luxury_bathroom,bedroom_boudoir,tag:home_life,home_life,1,0,0,1,street_casual
rooftop neighbor,bike_station,bike_station,tag:daily_public,daily_public,1,0,0,0,street_casual
rooftop neighbor,botanical_garden,botanical_garden,tag:leisure,leisure,1,0,0,0,street_casual
rooftop neighbor,bus_terminal,bus_terminal,tag:suburban,suburban,1,0,0,0,street_casual
rooftop neighbor,canal_walkway,canal_walkway,tag:daily_public,daily_public,1,0,0,0,street_casual
rooftop neighbor,cinema_lobby,cinema_lobby,tag:leisure,leisure,1,0,0,0,street_casual
rooftop neighbor,clean_modern_kitchen,clean_modern_kitchen,tag:home_life,home_life,1,0,0,0,street_casual
rooftop neighbor,clinic_waiting_room,clinic_waiting_room,tag:daily_public,daily_public,1,0,0,0,street_casual
rooftop neighbor,community_center,community_center,tag:suburban,suburban,1,0,0,0,street_casual
rooftop neighbor,community_garden,community_garden,tag:suburban,suburban,1,0,0,0,street_casual
rooftop neighbor,community_theater_backstage,community_theater_backstage,tag:leisure,leisure,1,0,0,0,street_casual
rooftop neighbor,commuter_transport,commuter_transport,tag:daily_public,daily_public,1,0,0,0,street_casual
rooftop neighbor,concert_stage,concert_stage,tag:leisure,leisure,1,0,0,0,street_casual
rooftop neighbor,convenience_store,convenience_store,tag:retail_service,retail_service,1,0,0,0,street_casual
rooftop neighbor,cozy_bookstore,cozy_bookstore,tag:retail_service,retail_service,1,0,0,0,street_casual
rooftop neighbor,cozy_living_room,cozy_living_room,tag:home_life,home_life,1,0,0,0,street_casual
rooftop neighbor,drugstore_aisle,drugstore_aisle,tag:retail_service,retail_service,1,0,0,0,street_casual
rooftop neighbor,family_restaurant,family_restaurant,tag:retail_service,retail_service,1,0,0,0,street_casual
rooftop neighbor,fashion_boutique,fashion_boutique,tag:retail_service,retail_service,1,0,0,0,street_casual
rooftop neighbor,ferry_terminal,ferry_terminal,tag:daily_public,daily_public,1,0,0,0,street_casual
rooftop neighbor,fire_station,fire_station,tag:daily_public,daily_public,1,0,0,0,street_casual
rooftop neighbor,fitness_gym,fitness_gym,tag:leisure,leisure,1,0,0,0,street_casual
rooftop neighbor,flower_market,flower_market,tag:retail_service,retail_service,1,0,0,0,street_casual
rooftop neighbor,food_court,food_court,tag:leisure,leisure,1,0,0,0,street_casual
rooftop neighbor,game_arcade,game_arcade,tag:leisure,leisure,1,0,0,0,street_casual
rooftop neighbor,greenhouse_nursery,greenhouse_nursery,tag:retail_service,retail_service,1,0,0,0,street_casual
rooftop neighbor,illuminated_park,illuminated_park,tag:daily_public,daily_public,1,0,0,0,street_casual
rooftop neighbor,karaoke_bar,karaoke_bar,tag:leisure,leisure,1,0,0,0,street_casual
rooftop neighbor,laundromat,laundromat,tag:home_life,home_life,1,0,0,0,street_casual
rooftop neighbor,local_market_street,local_market_street,tag:retail_service,retail_service,1,0,0,0,street_casual
rooftop neighbor,luxury_hotel_lobby,luxury_hotel_lobby,tag:leisure,leisure,1,0,0,0,street_casual
rooftop neighbor,luxury_hotel_room,luxury_hotel_room,tag:leisure,leisure,1,0,0,0,street_casual
rooftop neighbor,mountain_resort,mountain_resort,tag:leisure,leisure,1,0,0,0,street_casual
rooftop neighbor,museum_hall,museum_hall,tag:leisure,leisure,1,0,0,0,street_casual
rooftop neighbor,neighborhood_crosswalk,neighborhood_crosswalk,tag:suburban,suburban,1,0,0,0,street_casual
rooftop neighbor,neighborhood_playground,neighborhood_playground,tag:suburban,suburban,1,0,0,0,street_casual
rooftop neighbor,observatory_dome,observatory_dome,tag:leisure,leisure,1,0,0,0,street_casual
rooftop neighbor,opera_house,opera_house,tag:leisure,leisure,1,0,0,0,street_casual
rooftop neighbor,picnic_park,picnic_park,tag:daily_public,daily_public,1,0,0,0,street_casual
rooftop neighbor,poolside_resort,poolside_resort,tag:leisure,leisure,1,0,0,0,street_casual
rooftop neighbor,postal_service_counter,postal_service_counter,tag:retail_service,retail_service,1,0,0,0,street_casual
rooftop neighbor,print_shop,print_shop,tag:retail_service,retail_service,1,0,0,0,street_casual
rooftop neighbor,public_library_lobby,public_library_lobby,tag:suburban,suburban,1,0,0,0,street_casual
rooftop neighbor,public_plaza,public_plaza,tag:leisure,leisure,1,0,0,0,street_casual
rooftop neighbor,rainy_bus_stop,rainy_alley,tag:suburban,suburban,1,0,0,1,street_casual
rooftop neighbor,recording_studio,recording_studio,tag:leisure,leisure,1,0,0,0,street_casual
rooftop neighbor,riverside_walk,riverside_walk,tag:suburban,suburban,1,0,0,0,street_casual
rooftop neighbor,rooftop_cafe,rooftop_cafe,tag:leisure,leisure,1,0,0,0,street_casual
rooftop neighbor,rooftop_laundry_area,rooftop_laundry_area,tag:home_life,home_life,1,0,0,0,street_casual
rooftop neighbor,rural_town_street,rural_town_street,tag:suburban,suburban,1,0,0,0,street_casual
rooftop neighbor,school_library,school_library,tag:daily_public,daily_public,1,0,0,0,street_casual
rooftop neighbor,shopping_arcade,shopping_arcade,tag:retail_service,retail_service,1,0,0,0,street_casual
rooftop neighbor,shopping_mall_atrium,shopping_mall_atrium,tag:retail_service,retail_service,1,0,0,0,street_casual
rooftop neighbor,stadium_court,stadium_court,tag:leisure,leisure,1,0,0,0,street_casual
rooftop neighbor,street_cafe,street_cafe,tag:retail_service,retail_service,1,0,0,0,street_casual
rooftop neighbor,suburban_neighborhood,suburban_neighborhood,tag:suburban,suburban,1,0,0,0,street_casual
rooftop neighbor,supermarket_aisle,supermarket_aisle,tag:retail_service,retail_service,1,0,0,0,street_casual
rooftop neighbor,tram_platform,tram_platform,tag:daily_public,daily_public,1,0,0,0,street_casual
rooftop neighbor,tropical_beach,tropical_beach,tag:leisure,leisure,1,0,0,0,street_casual
rooftop neighbor,underground_bar,underground_bar,tag:leisure,leisure,1,0,0,0,street_casual
rooftop neighbor,wave_barrel,wave_barrel,tag:leisure,leisure,1,0,0,0,street_casual
rooftop neighbor,winter_street,winter_street,tag:daily_public,daily_public,1,0,0,0,street_casual
rooftop neighbor,yoga_studio,yoga_studio,tag:leisure,leisure,1,0,0,0,street_casual
runner,aquarium,aquarium,tag:leisure,leisure,1,0,0,0,gym_workout
runner,art_gallery,art_gallery,tag:leisure,leisure,1,0,0,0,gym_workout
runner,bedroom_boudoir,bedroom_boudoir,universal,,0,1,0,0,gym_workout
runner,bike_station,bike_station,tag:daily_public,daily_public,1,0,0,0,gym_workout
runner,botanical_garden,botanical_garden,tag:leisure,leisure,1,0,0,0,gym_workout
runner,bus_terminal,bus_terminal,tag:daily_public,daily_public,1,0,0,0,gym_workout
runner,canal_walkway,canal_walkway,tag:daily_public,daily_public,1,0,0,0,gym_workout
runner,cinema_lobby,cinema_lobby,tag:leisure,leisure,1,0,0,0,gym_workout
runner,clean_modern_kitchen,clean_modern_kitchen,universal,,0,1,0,0,gym_workout
runner,clinic_waiting_room,clinic_waiting_room,tag:daily_public,daily_public,1,0,0,0,gym_workout
runner,community_center,community_center,tag:daily_public,daily_public,1,0,0,0,gym_workout
runner,community_theater_backstage,community_theater_backstage,tag:leisure,leisure,1,0,0,0,gym_workout
runner,commuter_transport,commuter_transport,tag:daily_public,daily_public,1,0,0,0,gym_workout
runner,concert_stage,concert_stage,tag:leisure,leisure,1,0,0,0,gym_workout
runner,cozy_bookstore,cozy_bookstore,tag:daily_public,daily_public,1,0,0,0,gym_workout
runner,cozy_living_room,cozy_living_room,universal,,0,1,0,0,gym_workout
runner,ferry_terminal,ferry_terminal,tag:daily_public,daily_public,1,0,0,0,gym_workout
runner,fire_station,fire_station,tag:daily_public,daily_public,1,0,0,0,gym_workout
runner,fitness_gym,fitness_gym,tag:leisure,leisure,1,0,0,0,gym_workout
runner,food_court,food_court,tag:leisure,leisure,1,0,0,0,gym_workout
runner,game_arcade,game_arcade,tag:leisure,leisure,1,0,0,0,gym_workout
runner,illuminated_park,illuminated_park,tag:daily_public,daily_public,1,0,0,0,gym_workout
runner,karaoke_bar,karaoke_bar,tag:leisure,leisure,1,0,0,0,gym_workout
runner,local_market_street,local_market_street,tag:daily_public,daily_public,1,0,0,0,gym_workout
runner,luxury_hotel_lobby,luxury_hotel_lobby,tag:leisure,leisure,1,0,0,0,gym_workout
runner,luxury_hotel_room,luxury_hotel_room,tag:leisure,leisure,1,0,0,0,gym_workout
runner,mountain_resort,mountain_resort,tag:leisure,leisure,1,0,0,0,gym_workout
runner,museum_hall,museum_hall,tag:leisure,leisure,1,0,0,0,gym_workout
runner,neighborhood_crosswalk,neighborhood_crosswalk,tag:daily_public,daily_public,1,0,0,0,gym_workout
runner,neighborhood_playground,neighborhood_playground,tag:daily_public,daily_public,1,0,0,0,gym_workout
runner,observatory_dome,observatory_dome,tag:leisure,leisure,1,0,0,0,gym_workout
runner,opera_house,opera_house,tag:leisure,leisure,1,0,0,0,gym_workout
runner,picnic_park,picnic_park,tag:daily_public,daily_public,1,0,0,0,gym_workout
runner,poolside_resort,poolside_resort,tag:leisure,leisure,1,0,0,0,gym_workout
runner,postal_service_counter,postal_service_counter,tag:daily_public,daily_public,1,0,0,0,gym_workout
runner,public_library_lobby,public_library_lobby,tag:daily_public,daily_public,1,0,0,0,gym_workout
runner,public_plaza,public_plaza,tag:leisure,leisure,1,0,0,0,gym_workout
runner,rainy_bus_stop,rainy_alley,tag:daily_public,daily_public,1,0,0,1,gym_workout
runner,recording_studio,recording_studio,tag:leisure,leisure,1,0,0,0,gym_workout
runner,riverside_walk,riverside_walk,tag:daily_public,daily_public,1,0,0,0,gym_workout
runner,rooftop_cafe,rooftop_cafe,tag:leisure,leisure,1,0,0,0,gym_workout
runner,rural_town_street,rural_town_street,tag:daily_public,daily_public,1,0,0,0,gym_workout
runner,school_library,school_library,tag:daily_public,daily_public,1,0,0,0,gym_workout
runner,shopping_mall_atrium,shopping_mall_atrium,tag:daily_public,daily_public,1,0,0,0,gym_workout
runner,stadium_court,stadium_court,existing,,0,0,1,0,gym_workout
runner,street_cafe,street_cafe,tag:daily_public,daily_public,1,0,0,0,gym_workout
runner,suburban_neighborhood,suburban_neighborhood,tag:daily_public,daily_public,1,0,0,0,gym_workout
runner,tram_platform,tram_platform,tag:daily_public,daily_public,1,0,0,0,gym_workout
runner,tropical_beach,tropical_beach,tag:leisure,leisure,1,0,0,0,gym_workout
runner,underground_bar,underground_bar,tag:leisure,leisure,1,0,0,0,gym_workout
runner,wave_barrel,wave_barrel,tag:leisure,leisure,1,0,0,0,gym_workout
runner,winter_street,winter_street,tag:daily_public,daily_public,1,0,0,0,gym_workout
runner,yoga_studio,yoga_studio,tag:leisure,leisure,1,0,0,0,gym_workout
secret agent,antique_shop,antique_shop,tag:retail_service,retail_service,1,0,0,0,secret_agent
secret agent,aquarium,aquarium,tag:leisure,leisure,1,0,0,0,secret_agent
secret agent,art_gallery,art_gallery,tag:leisure,leisure,1,0,0,0,secret_agent
secret agent,bakery_shop,bakery_shop,tag:retail_service,retail_service,1,0,0,0,secret_agent
secret agent,bedroom_boudoir,bedroom_boudoir,universal,,0,1,0,0,secret_agent
secret agent,bike_station,bike_station,tag:transit,transit,1,0,0,0,secret_agent
secret agent,boardroom,boardroom,tag:workplace,workplace,1,0,0,0,secret_agent
secret agent,botanical_garden,botanical_garden,tag:leisure,leisure,1,0,0,0,secret_agent
secret agent,bus_terminal,bus_terminal,tag:transit,transit,1,0,0,0,secret_agent
secret agent,canal_walkway,canal_walkway,tag:daily_public,daily_public,1,0,0,0,secret_agent
secret agent,cinema_lobby,cinema_lobby,tag:leisure,leisure,1,0,0,0,secret_agent
secret agent,clean_modern_kitchen,clean_modern_kitchen,universal,,0,1,0,0,secret_agent
secret agent,clinic_waiting_room,clinic_waiting_room,tag:workplace,workplace,1,0,0,0,secret_agent
secret agent,community_center,community_center,tag:daily_public,daily_public,1,0,0,0,secret_agent
secret agent,community_theater_backstage,community_theater_backstage,tag:leisure,leisure,1,0,0,0,secret_agent
secret agent,commuter_transport,commuter_transport,existing,,0,0,1,0,secret_agent
secret agent,concert_stage,concert_stage,tag:leisure,leisure,1,0,0,0,secret_agent
secret agent,convenience_store,convenience_store,tag:retail_service,retail_service,1,0,0,0,secret_agent
secret agent,coworking_space,coworking_space,tag:workplace,workplace,1,0,0,0,secret_agent
secret agent,cozy_bookstore,cozy_bookstore,tag:retail_service,retail_service,1,0,0,0,secret_agent
secret agent,cozy_living_room,cozy_living_room,universal,,0,1,0,0,secret_agent
secret agent,neon_city_street,cyberpunk_street,tag:urban,urban,1,0,0,1,secret_agent
secret agent,design_studio,design_studio,tag:workplace,workplace,1,0,0,0,secret_agent
secret agent,drugstore_aisle,drugstore_aisle,tag:retail_service,retail_service,1,0,0,0,secret_agent
secret agent,family_restaurant,family_restaurant,tag:retail_service,retail_service,1,0,0,0,secret_agent
secret agent,fashion_boutique,fashion_boutique,tag:retail_service,retail_service,1,0,0,0,secret_agent
secret agent,ferry_terminal,ferry_terminal,tag:transit,transit,1,0,0,0,secret_agent
secret agent,fire_station,fire_station,tag:workplace,workplace,1,0,0,0,secret_agent
secret agent,fitness_gym,fitness_gym,tag:leisure,leisure,1,0,0,0,secret_agent
secret agent,flower_market,flower_market,tag:retail_service,retail_service,1,0,0,0,secret_agent
secret agent,food_court,food_court,tag:leisure,leisure,1,0,0,0,secret_agent
secret agent,game_arcade,game_arcade,tag:leisure,leisure,1,0,0,0,secret_agent
secret agent,greenhouse_nursery,greenhouse_nursery,tag:retail_service,retail_service,1,0,0,0,secret_agent
secret agent,illuminated_park,illuminated_park,tag:daily_public,daily_public,1,0,0,0,secret_agent
secret agent,karaoke_bar,karaoke_bar,tag:leisure,leisure,1,0,0,0,secret_agent
secret agent,local_market_street,local_market_street,tag:retail_service,retail_service,1,0,0,0,secret_agent
secret agent,luxury_hotel_room,luxury_hotel_room,tag:leisure,leisure,1,0,0,0,secret_agent
secret agent,maker_space,maker_space,tag:workplace,workplace,1,0,0,0,secret_agent
secret agent,messy_copy_room,messy_copy_room,tag:workplace,workplace,1,0,0,0,secret_agent
secret agent,modern_office,modern_office,tag:workplace,workplace,1,0,0,0,secret_agent
secret agent,mountain_resort,mountain_resort,tag:leisure,leisure,1,0,0,0,secret_agent
secret agent,museum_hall,museum_hall,tag:leisure,leisure,1,0,0,0,secret_agent
secret agent,neighborhood_crosswalk,neighborhood_crosswalk,tag:transit,transit,1,0,0,0,secret_agent
secret agent,neighborhood_playground,neighborhood_playground,tag:daily_public,daily_public,1,0,0,0,secret_agent
secret agent,observatory_dome,observatory_dome,tag:leisure,leisure,1,0,0,0,secret_agent
secret agent,office_elevator,office_elevator,tag:workplace,workplace,1,0,0,0,secret_agent
secret agent,opera_house,opera_house,tag:leisure,leisure,1,0,0,0,secret_agent
secret agent,picnic_park,picnic_park,tag:daily_public,daily_public,1,0,0,0,secret_agent
secret agent,poolside_resort,poolside_resort,tag:leisure,leisure,1,0,0,0,secret_agent
secret agent,postal_service_counter,postal_service_counter,tag:retail_service,retail_service,1,0,0,0,secret_agent
secret agent,print_shop,print_shop,tag:retail_service,retail_service,1,0,0,0,secret_agent
secret agent,public_library_lobby,public_library_lobby,tag:daily_public,daily_public,1,0,0,0,secret_agent
secret agent,public_plaza,public_plaza,tag:leisure,leisure,1,0,0,0,secret_agent
secret agent,rainy_bus_stop,rainy_alley,tag:transit,transit,1,0,0,1,secret_agent
secret agent,recording_studio,recording_studio,tag:leisure,leisure,1,0,0,0,secret_agent
secret agent,riverside_walk,riverside_walk,tag:daily_public,daily_public,1,0,0,0,secret_agent
secret agent,rooftop_cafe,rooftop_cafe,tag:leisure,leisure,1,0,0,0,secret_agent
secret agent,rural_town_street,rural_town_street,tag:daily_public,daily_public,1,0,0,0,secret_agent
secret agent,school_library,school_library,tag:daily_public,daily_public,1,0,0,0,secret_agent
secret agent,shopping_arcade,shopping_arcade,tag:retail_service,retail_service,1,0,0,0,secret_agent
secret agent,shopping_mall_atrium,shopping_mall_atrium,tag:retail_service,retail_service,1,0,0,0,secret_agent
secret agent,stadium_court,stadium_court,tag:leisure,leisure,1,0,0,0,secret_agent
secret agent,street_cafe,street_cafe,tag:retail_service,retail_service,1,0,0,0,secret_agent
secret agent,suburban_neighborhood,suburban_neighborhood,tag:daily_public,daily_public,1,0,0,0,secret_agent
secret agent,subway_ticket_gate,subway_ticket_gate,tag:transit,transit,1,0,0,0,secret_agent
secret agent,supermarket_aisle,supermarket_aisle,tag:retail_service,retail_service,1,0,0,0,secret_agent
secret agent,surveillance_room,surveillance_room,tag:workplace,workplace,1,0,0,0,secret_agent
secret agent,train_station_platform,train_station_platform,tag:transit,transit,1,0,0,0,secret_agent
secret agent,tram_platform,tram_platform,tag:transit,transit,1,0,0,0,secret_agent
secret agent,tropical_beach,tropical_beach,tag:leisure,leisure,1,0,0,0,secret_agent
secret agent,underground_bar,underground_bar,tag:leisure,leisure,1,0,0,0,secret_agent
secret agent,vehicle_repair_garage,vehicle_repair_garage,tag:workplace,workplace,1,0,0,0,secret_agent
secret agent,wave_barrel,wave_barrel,tag:leisure,leisure,1,0,0,0,secret_agent
secret agent,winter_street,winter_street,tag:daily_public,daily_public,1,0,0,0,secret_agent
secret agent,yoga_studio,yoga_studio,tag:leisure,leisure,1,0,0,0,secret_agent
shopkeeper,antique_shop,antique_shop,tag:retail_service,retail_service,1,0,0,0,street_casual
shopkeeper,aquarium,aquarium,tag:daily_public,daily_public,1,0,0,0,street_casual
shopkeeper,art_gallery,art_gallery,tag:daily_public,daily_public,1,0,0,0,street_casual
shopkeeper,bakery_shop,bakery_shop,tag:urban,urban,1,0,0,0,street_casual
shopkeeper,bedroom_boudoir,bedroom_boudoir,universal,,0,1,0,0,street_casual
shopkeeper,bike_station,bike_station,existing,,0,0,1,0,street_casual
shopkeeper,botanical_garden,botanical_garden,tag:daily_public,daily_public,1,0,0,0,street_casual
shopkeeper,bus_terminal,bus_terminal,tag:daily_public,daily_public,1,0,0,0,street_casual
shopkeeper,canal_walkway,canal_walkway,tag:daily_public,daily_public,1,0,0,0,street_casual
shopkeeper,cinema_lobby,cinema_lobby,tag:urban,urban,1,0,0,0,street_casual
shopkeeper,clean_modern_kitchen,clean_modern_kitchen,universal,,0,1,0,0,street_casual
shopkeeper,clinic_waiting_room,clinic_waiting_room,tag:daily_public,daily_public,1,0,0,0,street_casual
shopkeeper,community_center,community_center,tag:daily_public,daily_public,1,0,0,0,street_casual
shopkeeper,commuter_transport,commuter_transport,tag:daily_public,daily_public,1,0,0,0,street_casual
shopkeeper,convenience_store,convenience_store,tag:urban,urban,1,0,0,0,street_casual
shopkeeper,cozy_bookstore,cozy_bookstore,tag:daily_public,daily_public,1,0,0,0,street_casual
shopkeeper,cozy_living_room,cozy_living_room,universal,,0,1,0,0,street_casual
shopkeeper,neon_city_street,cyberpunk_street,tag:urban,urban,1,0,0,1,street_casual
shopkeeper,drugstore_aisle,drugstore_aisle,tag:urban,urban,1,0,0,0,street_casual
shopkeeper,family_restaurant,family_restaurant,tag:urban,urban,1,0,0,0,street_casual
shopkeeper,fashion_boutique,fashion_boutique,tag:urban,urban,1,0,0,0,street_casual
shopkeeper,ferry_terminal,ferry_terminal,tag:daily_public,daily_public,1,0,0,0,street_casual
shopkeeper,fire_station,fire_station,tag:daily_public,daily_public,1,0,0,0,street_casual
shopkeeper,flower_market,flower_market,tag:urban,urban,1,0,0,0,street_casual
shopkeeper,food_court,food_court,tag:urban,urban,1,0,0,0,street_casual
shopkeeper,game_arcade,game_arcade,tag:urban,urban,1,0,0,0,street_casual
shopkeeper,greenhouse_nursery,greenhouse_nursery,tag:retail_service,retail_service,1,0,0,0,street_casual
shopkeeper,illuminated_park,illuminated_park,tag:daily_public,daily_public,1,0,0,0,street_casual
shopkeeper,karaoke_bar,karaoke_bar,tag:urban,urban,1,0,0,0,street_casual
shopkeeper,local_market_street,local_market_street,tag:daily_public,daily_public,1,0,0,0,street_casual
shopkeeper,museum_hall,museum_hall,tag:daily_public,daily_public,1,0,0,0,street_casual
shopkeeper,neighborhood_crosswalk,neighborhood_crosswalk,tag:daily_public,daily_public,1,0,0,0,street_casual
shopkeeper,neighborhood_playground,neighborhood_playground,tag:daily_public,daily_public,1,0,0,0,street_casual
shopkeeper,picnic_park,picnic_park,tag:daily_public,daily_public,1,0,0,0,street_casual
shopkeeper,postal_service_counter,postal_service_counter,tag:daily_public,daily_public,1,0,0,0,street_casual
shopkeeper,print_shop,print_shop,tag:urban,urban,1,0,0,0,street_casual
shopkeeper,public_library_lobby,public_library_lobby,tag:daily_public,daily_public,1,0,0,0,street_casual
shopkeeper,public_plaza,public_plaza,tag:daily_public,daily_public,1,0,0,0,street_casual
shopkeeper,rainy_bus_stop,rainy_alley,tag:daily_public,daily_public,1,0,0,1,street_casual
shopkeeper,riverside_walk,riverside_walk,tag:daily_public,daily_public,1,0,0,0,street_casual
shopkeeper,rooftop_cafe,rooftop_cafe,tag:urban,urban,1,0,0,0,street_casual
shopkeeper,rural_town_street,rural_town_street,tag:daily_public,daily_public,1,0,0,0,street_casual
shopkeeper,school_library,school_library,tag:daily_public,daily_public,1,0,0,0,street_casual
shopkeeper,shopping_arcade,shopping_arcade,tag:urban,urban,1,0,0,0,street_casual
shopkeeper,shopping_mall_atrium,shopping_mall_atrium,tag:daily_public,daily_public,1,0,0,0,street_casual
shopkeeper,street_cafe,street_cafe,tag:daily_public,daily_public,1,0,0,0,street_casual
shopkeeper,suburban_neighborhood,suburban_neighborhood,tag:daily_public,daily_public,1,0,0,0,street_casual
shopkeeper,subway_ticket_gate,subway_ticket_gate,tag:urban,urban,1,0,0,0,street_casual
shopkeeper,supermarket_aisle,supermarket_aisle,tag:urban,urban,1,0,0,0,street_casual
shopkeeper,train_station_platform,train_station_platform,tag:urban,urban,1,0,0,0,street_casual
shopkeeper,tram_platform,tram_platform,tag:daily_public,daily_public,1,0,0,0,street_casual
shopkeeper,underground_bar,underground_bar,tag:urban,urban,1,0,0,0,street_casual
shopkeeper,vehicle_repair_garage,vehicle_repair_garage,tag:urban,urban,1,0,0,0,street_casual
shopkeeper,winter_street,winter_street,tag:daily_public,daily_public,1,0,0,0,street_casual
shopping arcade visitor,antique_shop,antique_shop,tag:retail_service,retail_service,1,0,0,0,urban_shopping
shopping arcade visitor,aquarium,aquarium,tag:daily_public,daily_public,1,0,0,0,urban_shopping
shopping arcade visitor,art_gallery,art_gallery,tag:daily_public,daily_public,1,0,0,0,urban_shopping
shopping arcade visitor,bakery_shop,bakery_shop,tag:retail_service,retail_service,1,0,0,0,urban_shopping
shopping arcade visitor,bedroom_boudoir,bedroom_boudoir,universal,,0,1,0,0,urban_shopping
shopping arcade visitor,bike_station,bike_station,tag:daily_public,daily_public,1,0,0,0,urban_shopping
shopping arcade visitor,botanical_garden,botanical_garden,tag:daily_public,daily_public,1,0,0,0,urban_shopping
shopping arcade visitor,bus_terminal,bus_terminal,tag:daily_public,daily_public,1,0,0,0,urban_shopping
shopping arcade visitor,canal_walkway,canal_walkway,tag:daily_public,daily_public,1,0,0,0,urban_shopping
shopping arcade visitor,cinema_lobby,cinema_lobby,tag:leisure,leisure,1,0,0,0,urban_shopping
shopping arcade visitor,clean_modern_kitchen,clean_modern_kitchen,universal,,0,1,0,0,urban_shopping
shopping arcade visitor,clinic_waiting_room,clinic_waiting_room,tag:daily_public,daily_public,1,0,0,0,urban_shopping
shopping arcade visitor,community_center,community_center,tag:daily_public,daily_public,1,0,0,0,urban_shopping
shopping arcade visitor,community_theater_backstage,community_theater_backstage,tag:leisure,leisure,1,0,0,0,urban_shopping
shopping arcade visitor,commuter_transport,commuter_transport,tag:daily_public,daily_public,1,0,0,0,urban_shopping
shopping arcade visitor,concert_stage,concert_stage,tag:leisure,leisure,1,0,0,0,urban_shopping
shopping arcade visitor,convenience_store,convenience_store,tag:retail_service,retail_service,1,0,0,0,urban_shopping
shopping arcade visitor,cozy_bookstore,cozy_bookstore,tag:daily_public,daily_public,1,0,0,0,urban_shopping
shopping arcade visitor,cozy_living_room,cozy_living_room,universal,,0,1,0,0,urban_shopping
shopping arcade visitor,drugstore_aisle,drugstore_aisle,tag:retail_service,retail_service,1,0,0,0,urban_shopping
shopping arcade visitor,family_restaurant,family_restaurant,tag:retail_service,retail_service,1,0,0,0,urban_shopping
shopping arcade visitor,fashion_boutique,fashion_boutique,tag:retail_service,retail_service,1,0,0,0,urban_shopping
shopping arcade visitor,ferry_terminal,ferry_terminal,tag:daily_public,daily_public,1,0,0,0,urban_shopping
shopping arcade visitor,fire_station,fire_station,tag:daily_public,daily_public,1,0,0,0,urban_shopping
shopping arcade visitor,fitness_gym,fitness_gym,tag:leisure,leisure,1,0,0,0,urban_shopping
shopping arcade visitor,flower_market,flower_market,tag:retail_service,retail_service,1,0,0,0,urban_shopping
shopping arcade visitor,food_court,food_court,tag:leisure,leisure,1,0,0,0,urban_shopping
shopping arcade visitor,game_arcade,game_arcade,tag:leisure,leisure,1,0,0,0,urban_shopping
shopping arcade visitor,greenhouse_nursery,greenhouse_nursery,tag:retail_service,retail_service,1,0,0,0,urban_shopping
shopping arcade visitor,illuminated_park,illuminated_park,tag:daily_public,daily_public,1,0,0,0,urban_shopping
shopping arcade visitor,karaoke_bar,karaoke_bar,tag:leisure,leisure,1,0,0,0,urban_shopping
shopping arcade visitor,local_market_street,local_market_street,tag:daily_public,daily_public,1,0,0,0,urban_shopping
shopping arcade visitor,luxury_hotel_lobby,luxury_hotel_lobby,tag:leisure,leisure,1,0,0,0,urban_shopping
shopping arcade visitor,luxury_hotel_room,luxury_hotel_room,tag:leisure,leisure,1,0,0,0,urban_shopping
shopping arcade visitor,mountain_resort,mountain_resort,tag:leisure,leisure,1,0,0,0,urban_shopping
shopping arcade visitor,museum_hall,museum_hall,tag:daily_public,daily_public,1,0,0,0,urban_shopping
shopping arcade visitor,neighborhood_crosswalk,neighborhood_crosswalk,tag:daily_public,daily_public,1,0,0,0,urban_shopping
shopping arcade visitor,neighborhood_playground,neighborhood_playground,tag:daily_public,daily_public,1,0,0,0,urban_shopping
shopping arcade visitor,observatory_dome,observatory_dome,tag:leisure,leisure,1,0,0,0,urban_shopping
shopping arcade visitor,opera_house,opera_house,tag:leisure,leisure,1,0,0,0,urban_shopping
shopping arcade visitor,picnic_park,picnic_park,tag:daily_public,daily_public,1,0,0,0,urban_shopping
shopping arcade visitor,poolside_resort,poolside_resort,tag:leisure,leisure,1,0,0,0,urban_shopping
shopping arcade visitor,postal_service_counter,postal_service_counter,tag:daily_public,daily_public,1,0,0,0,urban_shopping
shopping arcade visitor,print_shop,print_shop,tag:retail_service,retail_service,1,0,0,0,urban_shopping
shopping arcade visitor,public_library_lobby,public_library_lobby,tag:daily_public,daily_public,1,0,0,0,urban_shopping
shopping arcade visitor,public_plaza,public_plaza,tag:daily_public,daily_public,1,0,0,0,urban_shopping
shopping arcade visitor,rainy_bus_stop,rainy_alley,tag:daily_public,daily_public,1,0,0,1,urban_shopping
shopping arcade visitor,recording_studio,recording_studio,tag:leisure,leisure,1,0,0,0,urban_shopping
shopping arcade visitor,riverside_walk,riverside_walk,tag:daily_public,daily_public,1,0,0,0,urban_shopping
shopping arcade visitor,rooftop_cafe,rooftop_cafe,tag:leisure,leisure,1,0,0,0,urban_shopping
shopping arcade visitor,rural_town_street,rural_town_street,tag:daily_public,daily_public,1,0,0,0,urban_shopping
shopping arcade visitor,school_library,school_library,tag:daily_public,daily_public,1,0,0,0,urban_shopping
shopping arcade visitor,shopping_arcade,shopping_arcade,tag:retail_service,retail_service,1,0,0,0,urban_shopping
shopping arcade visitor,shopping_mall_atrium,shopping_mall_atrium,tag:daily_public,daily_public,1,0,0,0,urban_shopping
shopping arcade visitor,stadium_court,stadium_court,tag:leisure,leisure,1,0,0,0,urban_shopping
shopping arcade visitor,street_cafe,street_cafe,tag:daily_public,daily_public,1,0,0,0,urban_shopping
shopping arcade visitor,suburban_neighborhood,suburban_neighborhood,tag:daily_public,daily_public,1,0,0,0,urban_shopping
shopping arcade visitor,supermarket_aisle,supermarket_aisle,tag:retail_service,retail_service,1,0,0,0,urban_shopping
shopping arcade visitor,tram_platform,tram_platform,tag:daily_public,daily_public,1,0,0,0,urban_shopping
shopping arcade visitor,tropical_beach,tropical_beach,tag:leisure,leisure,1,0,0,0,urban_shopping
shopping arcade visitor,underground_bar,underground_bar,tag:leisure,leisure,1,0,0,0,urban_shopping
shopping arcade visitor,wave_barrel,wave_barrel,tag:leisure,leisure,1,0,0,0,urban_shopping
shopping arcade visitor,winter_street,winter_street,tag:daily_public,daily_public,1,0,0,0,urban_shopping
shopping arcade visitor,yoga_studio,yoga_studio,tag:leisure,leisure,1,0,0,0,urban_shopping
shopping girl,antique_shop,antique_shop,tag:retail_service,retail_service,1,0,0,0,urban_shopping
shopping girl,aquarium,aquarium,tag:leisure,leisure,1,0,0,0,urban_shopping
shopping girl,art_gallery,art_gallery,tag:leisure,leisure,1,0,0,0,urban_shopping
shopping girl,bakery_shop,bakery_shop,tag:retail_service,retail_service,1,0,0,0,urban_shopping
shopping girl,bedroom_boudoir,bedroom_boudoir,universal,,0,1,0,0,urban_shopping
shopping girl,bike_station,bike_station,tag:daily_public,daily_public,1,0,0,0,urban_shopping
shopping girl,botanical_garden,botanical_garden,tag:leisure,leisure,1,0,0,0,urban_shopping
shopping girl,bus_terminal,bus_terminal,tag:daily_public,daily_public,1,0,0,0,urban_shopping
shopping girl,canal_walkway,canal_walkway,tag:daily_public,daily_public,1,0,0,0,urban_shopping
shopping girl,cinema_lobby,cinema_lobby,tag:leisure,leisure,1,0,0,0,urban_shopping
shopping girl,clean_modern_kitchen,clean_modern_kitchen,universal,,0,1,0,0,urban_shopping
shopping girl,clinic_waiting_room,clinic_waiting_room,tag:daily_public,daily_public,1,0,0,0,urban_shopping
shopping girl,community_center,community_center,tag:daily_public,daily_public,1,0,0,0,urban_shopping
shopping girl,community_garden,community_garden,tag:suburban,suburban,1,0,0,0,urban_shopping
shopping girl,community_theater_backstage,community_theater_backstage,tag:leisure,leisure,1,0,0,0,urban_shopping
shopping girl,commuter_transport,commuter_transport,tag:daily_public,daily_public,1,0,0,0,urban_shopping
shopping girl,concert_stage,concert_stage,tag:leisure,leisure,1,0,0,0,urban_shopping
shopping girl,convenience_store,convenience_store,tag:retail_service,retail_service,1,0,0,0,urban_shopping
shopping girl,cozy_bookstore,cozy_bookstore,tag:retail_service,retail_service,1,0,0,0,urban_shopping
shopping girl,cozy_living_room,cozy_living_room,universal,,0,1,0,0,urban_shopping
shopping girl,neon_city_street,cyberpunk_street,tag:urban,urban,1,0,0,1,urban_shopping
shopping girl,drugstore_aisle,drugstore_aisle,tag:retail_service,retail_service,1,0,0,0,urban_shopping
shopping girl,family_restaurant,family_restaurant,tag:retail_service,retail_service,1,0,0,0,urban_shopping
shopping girl,fashion_boutique,fashion_boutique,tag:retail_service,retail_service,1,0,0,0,urban_shopping
shopping girl,ferry_terminal,ferry_terminal,tag:daily_public,daily_public,1,0,0,0,urban_shopping
shopping girl,fire_station,fire_station,tag:daily_public,daily_public,1,0,0,0,urban_shopping
shopping girl,fitness_gym,fitness_gym,tag:leisure,leisure,1,0,0,0,urban_shopping
shopping girl,flower_market,flower_market,tag:retail_service,retail_service,1,0,0,0,urban_shopping
shopping girl,food_court,food_court,tag:leisure,leisure,1,0,0,0,urban_shopping
shopping girl,game_arcade,game_arcade,tag:leisure,leisure,1,0,0,0,urban_shopping
shopping girl,greenhouse_nursery,greenhouse_nursery,tag:retail_service,retail_service,1,0,0,0,urban_shopping
shopping girl,illuminated_park,illuminated_park,tag:daily_public,daily_public,1,0,0,0,urban_shopping
shopping girl,karaoke_bar,karaoke_bar,tag:leisure,leisure,1,0,0,0,urban_shopping
shopping girl,local_market_street,local_market_street,tag:retail_service,retail_service,1,0,0,0,urban_shopping
shopping girl,luxury_hotel_lobby,luxury_hotel_lobby,tag:leisure,leisure,1,0,0,0,urban_shopping
shopping girl,luxury_hotel_room,luxury_hotel_room,tag:leisure,leisure,1,0,0,0,urban_shopping
shopping girl,mountain_resort,mountain_resort,tag:leisure,leisure,1,0,0,0,urban_shopping
shopping girl,museum_hall,museum_hall,tag:leisure,leisure,1,0,0,0,urban_shopping
shopping girl,neighborhood_crosswalk,neighborhood_crosswalk,tag:daily_public,daily_public,1,0,0,0,urban_shopping
shopping girl,neighborhood_playground,neighborhood_playground,tag:daily_public,daily_public,1,0,0,0,urban_shopping
shopping girl,observatory_dome,observatory_dome,tag:leisure,leisure,1,0,0,0,urban_shopping
shopping girl,opera_house,opera_house,tag:leisure,leisure,1,0,0,0,urban_shopping
shopping girl,picnic_park,picnic_park,tag:daily_public,daily_public,1,0,0,0,urban_shopping
shopping girl,poolside_resort,poolside_resort,tag:leisure,leisure,1,0,0,0,urban_shopping
shopping girl,postal_service_counter,postal_service_counter,tag:retail_service,retail_service,1,0,0,0,urban_shopping
shopping girl,print_shop,print_shop,tag:retail_service,retail_service,1,0,0,0,urban_shopping
shopping girl,public_library_lobby,public_library_lobby,tag:daily_public,daily_public,1,0,0,0,urban_shopping
shopping girl,public_plaza,public_plaza,tag:leisure,leisure,1,0,0,0,urban_shopping
shopping girl,rainy_bus_stop,rainy_alley,tag:daily_public,daily_public,1,0,0,1,urban_shopping
shopping girl,recording_studio,recording_studio,tag:leisure,leisure,1,0,0,0,urban_shopping
shopping girl,riverside_walk,riverside_walk,tag:daily_public,daily_public,1,0,0,0,urban_shopping
shopping girl,rooftop_cafe,rooftop_cafe,tag:leisure,leisure,1,0,0,0,urban_shopping
shopping girl,rural_town_street,rural_town_street,tag:daily_public,daily_public,1,0,0,0,urban_shopping
shopping girl,school_library,school_library,tag:daily_public,daily_public,1,0,0,0,urban_shopping
shopping girl,shopping_arcade,shopping_arcade,tag:retail_service,retail_service,1,0,0,0,urban_shopping
shopping girl,shopping_mall_atrium,shopping_mall_atrium,tag:retail_service,retail_service,1,0,0,0,urban_shopping
shopping girl,stadium_court,stadium_court,tag:leisure,leisure,1,0,0,0,urban_shopping
shopping girl,street_cafe,street_cafe,tag:retail_service,retail_service,1,0,0,0,urban_shopping
shopping girl,suburban_neighborhood,suburban_neighborhood,tag:daily_public,daily_public,1,0,0,0,urban_shopping
shopping girl,subway_ticket_gate,subway_ticket_gate,tag:urban,urban,1,0,0,0,urban_shopping
shopping girl,supermarket_aisle,supermarket_aisle,tag:retail_service,retail_service,1,0,0,0,urban_shopping
shopping girl,train_station_platform,train_station_platform,tag:urban,urban,1,0,0,0,urban_shopping
shopping girl,tram_platform,tram_platform,tag:daily_public,daily_public,1,0,0,0,urban_shopping
shopping girl,tropical_beach,tropical_beach,tag:leisure,leisure,1,0,0,0,urban_shopping
shopping girl,underground_bar,underground_bar,tag:leisure,leisure,1,0,0,0,urban_shopping
shopping girl,vehicle_repair_garage,vehicle_repair_garage,tag:urban,urban,1,0,0,0,urban_shopping
shopping girl,wave_barrel,wave_barrel,tag:leisure,leisure,1,0,0,0,urban_shopping
shopping girl,winter_street,winter_street,tag:daily_public,daily_public,1,0,0,0,urban_shopping
shopping girl,yoga_studio,yoga_studio,tag:leisure,leisure,1,0,0,0,urban_shopping
shrine maiden,abandoned_shrine,abandoned_shrine,tag:japanese,japanese,1,0,0,0,traditional_japanese
shrine maiden,aquarium,aquarium,tag:daily_public,daily_public,1,0,0,0,traditional_japanese
shrine maiden,art_gallery,art_gallery,tag:daily_public,daily_public,1,0,0,0,traditional_japanese
shrine maiden,bamboo_forest,bamboo_forest,tag:japanese,japanese,1,0,0,0,traditional_japanese
shrine maiden,bedroom_boudoir,bedroom_boudoir,universal,,0,1,0,0,traditional_japanese
shrine maiden,bike_station,bike_station,tag:daily_public,daily_public,1,0,0,0,traditional_japanese
shrine maiden,botanical_garden,botanical_garden,tag:daily_public,daily_public,1,0,0,0,traditional_japanese
shrine maiden,bus_terminal,bus_terminal,tag:daily_public,daily_public,1,0,0,0,traditional_japanese
shrine maiden,canal_walkway,canal_walkway,tag:daily_public,daily_public,1,0,0,0,traditional_japanese
shrine maiden,clean_modern_kitchen,clean_modern_kitchen,universal,,0,1,0,0,traditional_japanese
shrine maiden,clinic_waiting_room,clinic_waiting_room,tag:daily_public,daily_public,1,0,0,0,traditional_japanese
shrine maiden,community_center,community_center,tag:daily_public,daily_public,1,0,0,0,traditional_japanese
shrine maiden,community_garden,community_garden,tag:nature,nature,1,0,0,0,traditional_japanese
shrine maiden,cozy_bookstore,cozy_bookstore,tag:daily_public,daily_public,1,0,0,0,traditional_japanese
shrine maiden,cozy_living_room,cozy_living_room,universal,,0,1,0,0,traditional_japanese
shrine maiden,enchanted_lake,enchanted_lake,tag:nature,nature,1,0,0,0,traditional_japanese
shrine maiden,fantasy_forest,fantasy_forest,tag:nature,nature,1,0,0,0,traditional_japanese
shrine maiden,ferry_terminal,ferry_terminal,tag:daily_public,daily_public,1,0,0,0,traditional_japanese
shrine maiden,fire_station,fire_station,tag:daily_public,daily_public,1,0,0,0,traditional_japanese
shrine maiden,flower_market,flower_market,tag:nature,nature,1,0,0,0,traditional_japanese
shrine maiden,forest_cabin,forest_cabin,tag:nature,nature,1,0,0,0,traditional_japanese
shrine maiden,greenhouse_nursery,greenhouse_nursery,tag:nature,nature,1,0,0,0,traditional_japanese
shrine maiden,illuminated_park,illuminated_park,tag:daily_public,daily_public,1,0,0,0,traditional_japanese
shrine maiden,japanese_bath,japanese_bath,tag:japanese,japanese,1,0,0,0,traditional_japanese
shrine maiden,japanese_garden,japanese_garden,existing,,0,0,1,0,traditional_japanese
shrine maiden,local_market_street,local_market_street,tag:daily_public,daily_public,1,0,0,0,traditional_japanese
shrine maiden,museum_hall,museum_hall,tag:daily_public,daily_public,1,0,0,0,traditional_japanese
shrine maiden,neighborhood_crosswalk,neighborhood_crosswalk,tag:daily_public,daily_public,1,0,0,0,traditional_japanese
shrine maiden,neighborhood_playground,neighborhood_playground,tag:daily_public,daily_public,1,0,0,0,traditional_japanese
shrine maiden,picnic_park,picnic_park,tag:daily_public,daily_public,1,0,0,0,traditional_japanese
shrine maiden,postal_service_counter,postal_service_counter,tag:daily_public,daily_public,1,0,0,0,traditional_japanese
shrine maiden,public_library_lobby,public_library_lobby,tag:daily_public,daily_public,1,0,0,0,traditional_japanese
shrine maiden,public_plaza,public_plaza,tag:daily_public,daily_public,1,0,0,0,traditional_japanese
shrine maiden,rainy_bus_stop,rainy_alley,tag:daily_public,daily_public,1,0,0,1,traditional_japanese
shrine maiden,riverside_walk,riverside_walk,tag:daily_public,daily_public,1,0,0,0,traditional_japanese
shrine maiden,rural_town_street,rural_town_street,tag:daily_public,daily_public,1,0,0,0,traditional_japanese
shrine maiden,school_library,school_library,tag:daily_public,daily_public,1,0,0,0,traditional_japanese
shrine maiden,shinto_shrine,shinto_shrine,existing,,0,0,1,0,traditional_japanese
shrine maiden,street_cafe,street_cafe,tag:daily_public,daily_public,1,0,0,0,traditional_japanese
shrine maiden,suburban_neighborhood,suburban_neighborhood,tag:daily_public,daily_public,1,0,0,0,traditional_japanese
shrine maiden,tea_room,tea_room,tag:japanese,japanese,1,0,0,0,traditional_japanese
shrine maiden,tram_platform,tram_platform,tag:daily_public,daily_public,1,0,0,0,traditional_japanese
shrine maiden,tropical_beach,tropical_beach,tag:nature,nature,1,0,0,0,traditional_japanese
shrine maiden,wave_barrel,wave_barrel,tag:nature,nature,1,0,0,0,traditional_japanese
shrine maiden,winter_street,winter_street,tag:daily_public,daily_public,1,0,0,0,traditional_japanese
silver-haired girl,antique_shop,antique_shop,tag:quiet_indoor,quiet_indoor,1,0,0,0,school_uniform
silver-haired girl,aquarium,aquarium,tag:quiet_indoor,quiet_indoor,1,0,0,0,school_uniform
silver-haired girl,art_gallery,art_gallery,tag:quiet_indoor,quiet_indoor,1,0,0,0,school_uniform
silver-haired girl,bedroom_boudoir,bedroom_boudoir,universal,,0,1,0,0,school_uniform
silver-haired girl,bike_station,bike_station,tag:transit,transit,1,0,0,0,school_uniform
silver-haired girl,botanical_garden,botanical_garden,tag:daily_public,daily_public,1,0,0,0,school_uniform
silver-haired girl,bus_terminal,bus_terminal,tag:transit,transit,1,0,0,0,school_uniform
silver-haired girl,campus_cafeteria,campus_cafeteria,tag:school,school,1,0,0,0,school_uniform
silver-haired girl,campus_hallway,campus_hallway,tag:school,school,1,0,0,0,school_uniform
silver-haired girl,canal_walkway,canal_walkway,tag:daily_public,daily_public,1,0,0,0,school_uniform
silver-haired girl,clean_modern_kitchen,clean_modern_kitchen,universal,,0,1,0,0,school_uniform
silver-haired girl,clinic_waiting_room,clinic_waiting_room,tag:quiet_indoor,quiet_indoor,1,0,0,0,school_uniform
silver-haired girl,community_center,community_center,tag:daily_public,daily_public,1,0,0,0,school_uniform
silver-haired girl,commuter_transport,commuter_transport,tag:transit,transit,1,0,0,0,school_uniform
silver-haired girl,cozy_bookstore,cozy_bookstore,tag:quiet_indoor,quiet_indoor,1,0,0,0,school_uniform
silver-haired girl,cozy_living_room,cozy_living_room,universal,,0,1,0,0,school_uniform
silver-haired girl,design_studio,design_studio,tag:quiet_indoor,quiet_indoor,1,0,0,0,school_uniform
silver-haired girl,ferry_terminal,ferry_terminal,tag:transit,transit,1,0,0,0,school_uniform
silver-haired girl,fire_station,fire_station,tag:daily_public,daily_public,1,0,0,0,school_uniform
silver-haired girl,illuminated_park,illuminated_park,tag:daily_public,daily_public,1,0,0,0,school_uniform
silver-haired girl,local_market_street,local_market_street,tag:daily_public,daily_public,1,0,0,0,school_uniform
silver-haired girl,museum_hall,museum_hall,tag:quiet_indoor,quiet_indoor,1,0,0,0,school_uniform
silver-haired girl,neighborhood_crosswalk,neighborhood_crosswalk,tag:transit,transit,1,0,0,0,school_uniform
silver-haired girl,neighborhood_playground,neighborhood_playground,tag:daily_public,daily_public,1,0,0,0,school_uniform
silver-haired girl,observatory_dome,observatory_dome,tag:quiet_indoor,quiet_indoor,1,0,0,0,school_uniform
silver-haired girl,picnic_park,picnic_park,tag:daily_public,daily_public,1,0,0,0,school_uniform
silver-haired girl,postal_service_counter,postal_service_counter,tag:daily_public,daily_public,1,0,0,0,school_uniform
silver-haired girl,public_library_lobby,public_library_lobby,tag:quiet_indoor,quiet_indoor,1,0,0,0,school_uniform
silver-haired girl,public_plaza,public_plaza,tag:daily_public,daily_public,1,0,0,0,school_uniform
silver-haired girl,rainy_bus_stop,rainy_alley,tag:transit,transit,1,0,0,1,school_uniform
silver-haired girl,riverside_walk,riverside_walk,tag:daily_public,daily_public,1,0,0,0,school_uniform
silver-haired girl,rural_town_street,rural_town_street,tag:daily_public,daily_public,1,0,0,0,school_uniform
silver-haired girl,school_classroom,school_classroom,existing,,0,0,1,0,school_uniform
silver-haired girl,school_clubroom,school_clubroom,tag:quiet_indoor,quiet_indoor,1,0,0,0,school_uniform
silver-haired girl,school_gym_hall,school_gym_hall,tag:school,school,1,0,0,0,school_uniform
silver-haired girl,school_library,school_library,tag:quiet_indoor,quiet_indoor,1,0,0,0,school_uniform
silver-haired girl,school_rooftop,school_rooftop,tag:school,school,1,0,0,0,school_uniform
silver-haired girl,shopping_mall_atrium,shopping_mall_atrium,tag:daily_public,daily_public,1,0,0,0,school_uniform
silver-haired girl,street_cafe,street_cafe,tag:daily_public,daily_public,1,0,0,0,school_uniform
silver-haired girl,suburban_neighborhood,suburban_neighborhood,tag:daily_public,daily_public,1,0,0,0,school_uniform
silver-haired girl,subway_ticket_gate,subway_ticket_gate,tag:transit,transit,1,0,0,0,school_uniform
silver-haired girl,tea_room,tea_room,tag:quiet_indoor,quiet_indoor,1,0,0,0,school_uniform
silver-haired girl,train_station_platform,train_station_platform,tag:transit,transit,1,0,0,0,school_uniform
silver-haired girl,tram_platform,tram_platform,tag:transit,transit,1,0,0,0,school_uniform
silver-haired girl,university_campus_courtyard,university_campus_courtyard,tag:school,school,1,0,0,0,school_uniform
silver-haired girl,winter_street,winter_street,tag:daily_public,daily_public,1,0,0,0,school_uniform
sleepy girl,antique_shop,antique_shop,tag:retail_service,retail_service,1,0,0,0,winter_date
sleepy girl,apartment_balcony,apartment_balcony,tag:home_life,home_life,1,0,0,0,winter_date
sleepy girl,apartment_entryway,apartment_entryway,tag:home_life,home_life,1,0,0,0,winter_date
sleepy girl,aquarium,aquarium,tag:leisure,leisure,1,0,0,0,winter_date
sleepy girl,art_gallery,art_gallery,tag:leisure,leisure,1,0,0,0,winter_date
sleepy girl,bakery_shop,bakery_shop,tag:retail_service,retail_service,1,0,0,0,winter_date
sleepy girl,bedroom_boudoir,bedroom_boudoir,existing,,0,0,1,0,winter_date
sleepy girl,bike_station,bike_station,tag:transit,transit,1,0,0,0,winter_date
sleepy girl,botanical_garden,botanical_garden,tag:leisure,leisure,1,0,0,0,winter_date
sleepy girl,bus_terminal,bus_terminal,tag:transit,transit,1,0,0,0,winter_date
sleepy girl,campus_cafeteria,campus_cafeteria,tag:school,school,1,0,0,0,winter_date
sleepy girl,campus_hallway,campus_hallway,tag:school,school,1,0,0,0,winter_date
sleepy girl,canal_walkway,canal_walkway,tag:daily_public,daily_public,1,0,0,0,winter_date
sleepy girl,cinema_lobby,cinema_lobby,tag:leisure,leisure,1,0,0,0,winter_date
sleepy girl,clean_modern_kitchen,clean_modern_kitchen,tag:home_life,home_life,1,0,0,0,winter_date
sleepy girl,clinic_waiting_room,clinic_waiting_room,tag:quiet_indoor,quiet_indoor,1,0,0,0,winter_date
sleepy girl,community_center,community_center,tag:daily_public,daily_public,1,0,0,0,winter_date
sleepy girl,community_garden,community_garden,tag:suburban,suburban,1,0,0,0,winter_date
sleepy girl,community_theater_backstage,community_theater_backstage,tag:leisure,leisure,1,0,0,0,winter_date
sleepy girl,commuter_transport,commuter_transport,tag:transit,transit,1,0,0,0,winter_date
sleepy girl,concert_stage,concert_stage,tag:leisure,leisure,1,0,0,0,winter_date
sleepy girl,convenience_store,convenience_store,tag:retail_service,retail_service,1,0,0,0,winter_date
sleepy girl,cozy_bookstore,cozy_bookstore,tag:retail_service,retail_service,1,0,0,0,winter_date
sleepy girl,cozy_living_room,cozy_living_room,existing,,0,0,1,0,winter_date
sleepy girl,design_studio,design_studio,tag:quiet_indoor,quiet_indoor,1,0,0,0,winter_date
sleepy girl,drugstore_aisle,drugstore_aisle,tag:retail_service,retail_service,1,0,0,0,winter_date
sleepy girl,family_restaurant,family_restaurant,tag:retail_service,retail_service,1,0,0,0,winter_date
sleepy girl,fashion_boutique,fashion_boutique,tag:retail_service,retail_service,1,0,0,0,winter_date
sleepy girl,ferry_terminal,ferry_terminal,tag:transit,transit,1,0,0,0,winter_date
sleepy girl,fire_station,fire_station,tag:daily_public,daily_public,1,0,0,0,winter_date
sleepy girl,fitness_gym,fitness_gym,tag:leisure,leisure,1,0,0,0,winter_date
sleepy girl,flower_market,flower_market,tag:retail_service,retail_service,1,0,0,0,winter_date
sleepy girl,food_court,food_court,tag:leisure,leisure,1,0,0,0,winter_date
sleepy girl,forest_cabin,forest_cabin,tag:domestic,domestic,1,0,0,0,winter_date
sleepy girl,game_arcade,game_arcade,tag:leisure,leisure,1,0,0,0,winter_date
sleepy girl,greenhouse_nursery,greenhouse_nursery,tag:retail_service,retail_service,1,0,0,0,winter_date
sleepy girl,illuminated_park,illuminated_park,tag:daily_public,daily_public,1,0,0,0,winter_date
sleepy girl,karaoke_bar,karaoke_bar,tag:leisure,leisure,1,0,0,0,winter_date
sleepy girl,laundromat,laundromat,tag:home_life,home_life,1,0,0,0,winter_date
sleepy girl,local_market_street,local_market_street,tag:retail_service,retail_service,1,0,0,0,winter_date
sleepy girl,luxury_hotel_lobby,luxury_hotel_lobby,tag:leisure,leisure,1,0,0,0,winter_date
sleepy girl,luxury_hotel_room,luxury_hotel_room,tag:leisure,leisure,1,0,0,0,winter_date
sleepy girl,mountain_resort,mountain_resort,tag:leisure,leisure,1,0,0,0,winter_date
sleepy girl,museum_hall,museum_hall,tag:leisure,leisure,1,0,0,0,winter_date
sleepy girl,neighborhood_crosswalk,neighborhood_crosswalk,tag:transit,transit,1,0,0,0,winter_date
sleepy girl,neighborhood_playground,neighborhood_playground,tag:daily_public,daily_public,1,0,0,0,winter_date
sleepy girl,observatory_dome,observatory_dome,tag:leisure,leisure,1,0,0,0,winter_date
sleepy girl,opera_house,opera_house,tag:leisure,leisure,1,0,0,0,winter_date
sleepy girl,picnic_park,picnic_park,tag:daily_public,daily_public,1,0,0,0,winter_date
sleepy girl,poolside_resort,poolside_resort,tag:leisure,leisure,1,0,0,0,winter_date
sleepy girl,postal_service_counter,postal_service_counter,tag:retail_service,retail_service,1,0,0,0,winter_date
sleepy girl,print_shop,print_shop,tag:retail_service,retail_service,1,0,0,0,winter_date
sleepy girl,public_library_lobby,public_library_lobby,tag:quiet_indoor,quiet_indoor,1,0,0,0,winter_date
sleepy girl,public_plaza,public_plaza,tag:leisure,leisure,1,0,0,0,winter_date
sleepy girl,rainy_bus_stop,rainy_alley,tag:transit,transit,1,0,0,1,winter_date
sleepy girl,recording_studio,recording_studio,tag:leisure,leisure,1,0,0,0,winter_date
sleepy girl,riverside_walk,riverside_walk,tag:daily_public,daily_public,1,0,0,0,winter_date
sleepy girl,rooftop_cafe,rooftop_cafe,tag:leisure,leisure,1,0,0,0,winter_date
sleepy girl,rooftop_laundry_area,rooftop_laundry_area,tag:home_life,home_life,1,0,0,0,winter_date
sleepy girl,rural_town_street,rural_town_street,tag:daily_public,daily_public,1,0,0,0,winter_date
sleepy girl,school_classroom,school_classroom,tag:school,school,1,0,0,0,winter_date
sleepy girl,school_clubroom,school_clubroom,tag:quiet_indoor,quiet_indoor,1,0,0,0,winter_date
sleepy girl,school_gym_hall,school_gym_hall,tag:school,school,1,0,0,0,winter_date
sleepy girl,school_library,school_library,tag:quiet_indoor,quiet_indoor,1,0,0,0,winter_date
sleepy girl,school_rooftop,school_rooftop,tag:school,school,1,0,0,0,winter_date
sleepy girl,shopping_arcade,shopping_arcade,tag:retail_service,retail_service,1,0,0,0,winter_date
sleepy girl,shopping_mall_atrium,shopping_mall_atrium,tag:retail_service,retail_service,1,0,0,0,winter_date
sleepy girl,stadium_court,stadium_court,tag:leisure,leisure,1,0,0,0,winter_date
sleepy girl,street_cafe,street_cafe,tag:retail_service,retail_service,1,0,0,0,winter_date
sleepy girl,suburban_neighborhood,suburban_neighborhood,tag:daily_public,daily_public,1,0,0,0,winter_date
sleepy girl,subway_ticket_gate,subway_ticket_gate,tag:transit,transit,1,0,0,0,winter_date
sleepy girl,supermarket_aisle,supermarket_aisle,tag:retail_service,retail_service,1,0,0,0,winter_date
sleepy girl,tea_room,tea_room,tag:quiet_indoor,quiet_indoor,1,0,0,0,winter_date
sleepy girl,train_station_platform,train_station_platform,tag:transit,transit,1,0,0,0,winter_date
sleepy girl,tram_platform,tram_platform,tag:transit,transit,1,0,0,0,winter_date
sleepy girl,tropical_beach,tropical_beach,tag:leisure,leisure,1,0,0,0,winter_date
sleepy girl,underground_bar,underground_bar,tag:leisure,leisure,1,0,0,0,winter_date
sleepy girl,university_campus_courtyard,university_campus_courtyard,tag:school,school,1,0,0,0,winter_date
sleepy girl,wave_barrel,wave_barrel,tag:leisure,leisure,1,0,0,0,winter_date
sleepy girl,winter_street,winter_street,tag:daily_public,daily_public,1,0,0,0,winter_date
sleepy girl,yoga_studio,yoga_studio,tag:leisure,leisure,1,0,0,0,winter_date
solarpunk girl,abandoned_shrine,abandoned_shrine,tag:nature,nature,1,0,0,0,beach_resort
solarpunk girl,airship_deck,airship_deck,tag:scifi,scifi,1,0,0,0,beach_resort
solarpunk girl,alien_planet,alien_planet,existing,,0,0,1,0,beach_resort
solarpunk girl,aquarium,aquarium,universal,,0,1,0,0,beach_resort
solarpunk girl,art_gallery,art_gallery,universal,,0,1,0,0,beach_resort
solarpunk girl,bamboo_forest,bamboo_forest,tag:nature,nature,1,0,0,0,beach_resort
solarpunk girl,bedroom_boudoir,bedroom_boudoir,universal,,0,1,0,0,beach_resort
solarpunk girl,botanical_garden,botanical_garden,universal,,0,1,0,0,beach_resort
solarpunk girl,canal_walkway,canal_walkway,tag:nature,nature,1,0,0,0,beach_resort
solarpunk girl,clean_modern_kitchen,clean_modern_kitchen,universal,,0,1,0,0,beach_resort
solarpunk girl,community_garden,community_garden,tag:nature,nature,1,0,0,0,beach_resort
solarpunk girl,commuter_transport,commuter_transport,universal,,0,1,0,0,beach_resort
solarpunk girl,cozy_bookstore,cozy_bookstore,universal,,0,1,0,0,beach_resort
solarpunk girl,cozy_living_room,cozy_living_room,universal,,0,1,0,0,beach_resort
solarpunk girl,cyber_lab,cyber_lab,tag:scifi,scifi,1,0,0,0,beach_resort
solarpunk girl,neon_city_street,cyberpunk_street,tag:scifi,scifi,1,0,0,1,beach_resort
solarpunk girl,enchanted_lake,enchanted_lake,tag:nature,nature,1,0,0,0,beach_resort
solarpunk girl,fantasy_forest,fantasy_forest,tag:nature,nature,1,0,0,0,beach_resort
solarpunk girl,flower_market,flower_market,tag:nature,nature,1,0,0,0,beach_resort
solarpunk girl,forest_cabin,forest_cabin,tag:nature,nature,1,0,0,0,beach_resort
solarpunk girl,greenhouse_nursery,greenhouse_nursery,tag:nature,nature,1,0,0,0,beach_resort
solarpunk girl,high_tech_medbay,high_tech_medbay,tag:scifi,scifi,1,0,0,0,beach_resort
solarpunk girl,illuminated_park,illuminated_park,universal,,0,1,0,0,beach_resort
solarpunk girl,japanese_garden,japanese_garden,tag:nature,nature,1,0,0,0,beach_resort
solarpunk girl,maker_space,maker_space,tag:scifi,scifi,1,0,0,0,beach_resort
solarpunk girl,museum_hall,museum_hall,universal,,0,1,0,0,beach_resort
solarpunk girl,observatory_dome,observatory_dome,tag:scifi,scifi,1,0,0,0,beach_resort
solarpunk girl,picnic_park,picnic_park,universal,,0,1,0,0,beach_resort
solarpunk girl,rainy_bus_stop,rainy_alley,universal,,0,1,0,1,beach_resort
solarpunk girl,rural_town_street,rural_town_street,universal,,0,1,0,0,beach_resort
solarpunk girl,school_library,school_library,universal,,0,1,0,0,beach_resort
solarpunk girl,shinto_shrine,shinto_shrine,tag:nature,nature,1,0,0,0,beach_resort
solarpunk girl,shopping_mall_atrium,shopping_mall_atrium,universal,,0,1,0,0,beach_resort
solarpunk girl,spaceship_bridge,spaceship_bridge,tag:scifi,scifi,1,0,0,0,beach_resort
solarpunk girl,starship_quarters,starship_quarters,tag:scifi,scifi,1,0,0,0,beach_resort
solarpunk girl,street_cafe,street_cafe,universal,,0,1,0,0,beach_resort
solarpunk girl,suburban_neighborhood,suburban_neighborhood,universal,,0,1,0,0,beach_resort
solarpunk girl,tropical_beach,tropical_beach,tag:nature,nature,1,0,0,0,beach_resort
solarpunk girl,wave_barrel,wave_barrel,tag:nature,nature,1,0,0,0,beach_resort
solarpunk girl,winter_street,winter_street,universal,,0,1,0,0,beach_resort
sorceress,abandoned_shrine,abandoned_shrine,tag:nature,nature,1,0,0,0,fantasy_battle
sorceress,alien_planet,alien_planet,tag:fantasy,fantasy,1,0,0,0,fantasy_battle
sorceress,aquarium,aquarium,universal,,0,1,0,0,fantasy_battle
sorceress,art_gallery,art_gallery,universal,,0,1,0,0,fantasy_battle
sorceress,bamboo_forest,bamboo_forest,tag:nature,nature,1,0,0,0,fantasy_battle
sorceress,bedroom_boudoir,bedroom_boudoir,universal,,0,1,0,0,fantasy_battle
sorceress,botanical_garden,botanical_garden,universal,,0,1,0,0,fantasy_battle
sorceress,burning_battlefield,burning_battlefield,tag:fantasy,fantasy,1,0,0,0,fantasy_battle
sorceress,canal_walkway,canal_walkway,tag:nature,nature,1,0,0,0,fantasy_battle
sorceress,castle_hall,castle_hall,tag:fantasy,fantasy,1,0,0,0,fantasy_battle
sorceress,clean_modern_kitchen,clean_modern_kitchen,universal,,0,1,0,0,fantasy_battle
sorceress,community_garden,community_garden,tag:nature,nature,1,0,0,0,fantasy_battle
sorceress,cozy_living_room,cozy_living_room,universal,,0,1,0,0,fantasy_battle
sorceress,dragon_lair,dragon_lair,tag:fantasy,fantasy,1,0,0,0,fantasy_battle
sorceress,dungeon_crypt,dungeon_crypt,tag:fantasy,fantasy,1,0,0,0,fantasy_battle
sorceress,enchanted_lake,enchanted_lake,tag:nature,nature,1,0,0,0,fantasy_battle
sorceress,fantasy_forest,fantasy_forest,existing,,0,0,1,0,fantasy_battle
sorceress,flower_market,flower_market,tag:nature,nature,1,0,0,0,fantasy_battle
sorceress,forest_cabin,forest_cabin,tag:nature,nature,1,0,0,0,fantasy_battle
sorceress,greenhouse_nursery,greenhouse_nursery,tag:nature,nature,1,0,0,0,fantasy_battle
sorceress,illuminated_park,illuminated_park,universal,,0,1,0,0,fantasy_battle
sorceress,japanese_garden,japanese_garden,tag:nature,nature,1,0,0,0,fantasy_battle
sorceress,magic_academy_library,magic_academy_library,tag:fantasy,fantasy,1,0,0,0,fantasy_battle
sorceress,museum_hall,museum_hall,universal,,0,1,0,0,fantasy_battle
sorceress,picnic_park,picnic_park,universal,,0,1,0,0,fantasy_battle
sorceress,rainy_bus_stop,rainy_alley,universal,,0,1,0,1,fantasy_battle
sorceress,rural_town_street,rural_town_street,universal,,0,1,0,0,fantasy_battle
sorceress,school_library,school_library,universal,,0,1,0,0,fantasy_battle
sorceress,shinto_shrine,shinto_shrine,tag:nature,nature,1,0,0,0,fantasy_battle
sorceress,suburban_neighborhood,suburban_neighborhood,universal,,0,1,0,0,fantasy_battle
sorceress,tropical_beach,tropical_beach,tag:nature,nature,1,0,0,0,fantasy_battle
sorceress,wave_barrel,wave_barrel,tag:nature,nature,1,0,0,0,fantasy_battle
sorceress,winter_street,winter_street,universal,,0,1,0,0,fantasy_battle
space engineer,airship_deck,airship_deck,tag:scifi,scifi,1,0,0,0,scifi_space
space engineer,alien_planet,alien_planet,tag:scifi,scifi,1,0,0,0,scifi_space
space engineer,aquarium,aquarium,universal,,0,1,0,0,scifi_space
space engineer,art_gallery,art_gallery,universal,,0,1,0,0,scifi_space
space engineer,bedroom_boudoir,bedroom_boudoir,universal,,0,1,0,0,scifi_space
space engineer,botanical_garden,botanical_garden,universal,,0,1,0,0,scifi_space
space engineer,clean_modern_kitchen,clean_modern_kitchen,universal,,0,1,0,0,scifi_space
space engineer,commuter_transport,commuter_transport,universal,,0,1,0,0,scifi_space
space engineer,cozy_bookstore,cozy_bookstore,universal,,0,1,0,0,scifi_space
space engineer,cozy_living_room,cozy_living_room,universal,,0,1,0,0,scifi_space
space engineer,cyber_lab,cyber_lab,existing,,0,0,1,0,scifi_space
space engineer,neon_city_street,cyberpunk_street,tag:scifi,scifi,1,0,0,1,scifi_space
space engineer,high_tech_medbay,high_tech_medbay,tag:scifi,scifi,1,0,0,0,scifi_space
space engineer,illuminated_park,illuminated_park,universal,,0,1,0,0,scifi_space
space engineer,maker_space,maker_space,tag:scifi,scifi,1,0,0,0,scifi_space
space engineer,museum_hall,museum_hall,universal,,0,1,0,0,scifi_space
space engineer,observatory_dome,observatory_dome,tag:scifi,scifi,1,0,0,0,scifi_space
space engineer,picnic_park,picnic_park,universal,,0,1,0,0,scifi_space
space engineer,rainy_bus_stop,rainy_alley,universal,,0,1,0,1,scifi_space
space engineer,rural_town_street,rural_town_street,universal,,0,1,0,0,scifi_space
space engineer,school_library,school_library,universal,,0,1,0,0,scifi_space
space engineer,shopping_mall_atrium,shopping_mall_atrium,universal,,0,1,0,0,scifi_space
space engineer,spaceship_bridge,spaceship_bridge,tag:scifi,scifi,1,0,0,0,scifi_space
space engineer,starship_quarters,starship_quarters,tag:scifi,scifi,1,0,0,0,scifi_space
space engineer,street_cafe,street_cafe,universal,,0,1,0,0,scifi_space
space engineer,suburban_neighborhood,suburban_neighborhood,universal,,0,1,0,0,scifi_space
space engineer,winter_street,winter_street,universal,,0,1,0,0,scifi_space
space pilot,airship_deck,airship_deck,tag:scifi,scifi,1,0,0,0,scifi_space
space pilot,alien_planet,alien_planet,tag:scifi,scifi,1,0,0,0,scifi_space
space pilot,aquarium,aquarium,universal,,0,1,0,0,scifi_space
space pilot,art_gallery,art_gallery,universal,,0,1,0,0,scifi_space
space pilot,bedroom_boudoir,bedroom_boudoir,universal,,0,1,0,0,scifi_space
space pilot,clean_modern_kitchen,clean_modern_kitchen,universal,,0,1,0,0,scifi_space
space pilot,commuter_transport,commuter_transport,universal,,0,1,0,0,scifi_space
space pilot,cozy_bookstore,cozy_bookstore,universal,,0,1,0,0,scifi_space
space pilot,cozy_living_room,cozy_living_room,universal,,0,1,0,0,scifi_space
space pilot,cyber_lab,cyber_lab,tag:scifi,scifi,1,0,0,0,scifi_space
space pilot,neon_city_street,cyberpunk_street,tag:scifi,scifi,1,0,0,1,scifi_space
space pilot,high_tech_medbay,high_tech_medbay,tag:scifi,scifi,1,0,0,0,scifi_space
space pilot,illuminated_park,illuminated_park,universal,,0,1,0,0,scifi_space
space pilot,maker_space,maker_space,tag:scifi,scifi,1,0,0,0,scifi_space
space pilot,museum_hall,museum_hall,universal,,0,1,0,0,scifi_space
space pilot,observatory_dome,observatory_dome,tag:scifi,scifi,1,0,0,0,scifi_space
space pilot,rainy_bus_stop,rainy_alley,universal,,0,1,0,1,scifi_space
space pilot,rural_town_street,rural_town_street,universal,,0,1,0,0,scifi_space
space pilot,school_library,school_library,universal,,0,1,0,0,scifi_space
space pilot,shopping_mall_atrium,shopping_mall_atrium,universal,,0,1,0,0,scifi_space
space pilot,spaceship,spaceship_bridge,existing,,0,0,1,1,scifi_space
space pilot,starship_quarters,starship_quarters,tag:scifi,scifi,1,0,0,0,scifi_space
space pilot,street_cafe,street_cafe,universal,,0,1,0,0,scifi_space
space pilot,suburban_neighborhood,suburban_neighborhood,universal,,0,1,0,0,scifi_space
space pilot,winter_street,winter_street,universal,,0,1,0,0,scifi_space
spy agent,antique_shop,antique_shop,tag:retail_service,retail_service,1,0,0,0,secret_agent
spy agent,aquarium,aquarium,tag:leisure,leisure,1,0,0,0,secret_agent
spy agent,art_gallery,art_gallery,tag:leisure,leisure,1,0,0,0,secret_agent
spy agent,bakery_shop,bakery_shop,tag:retail_service,retail_service,1,0,0,0,secret_agent
spy agent,bedroom_boudoir,bedroom_boudoir,universal,,0,1,0,0,secret_agent
spy agent,bike_station,bike_station,tag:transit,transit,1,0,0,0,secret_agent
spy agent,boardroom,boardroom,tag:workplace,workplace,1,0,0,0,secret_agent
spy agent,botanical_garden,botanical_garden,tag:leisure,leisure,1,0,0,0,secret_agent
spy agent,bus_terminal,bus_terminal,tag:transit,transit,1,0,0,0,secret_agent
spy agent,canal_walkway,canal_walkway,tag:daily_public,daily_public,1,0,0,0,secret_agent
spy agent,cinema_lobby,cinema_lobby,tag:leisure,leisure,1,0,0,0,secret_agent
spy agent,clean_modern_kitchen,clean_modern_kitchen,universal,,0,1,0,0,secret_agent
spy agent,clinic_waiting_room,clinic_waiting_room,tag:workplace,workplace,1,0,0,0,secret_agent
spy agent,community_center,community_center,tag:daily_public,daily_public,1,0,0,0,secret_agent
spy agent,community_theater_backstage,community_theater_backstage,tag:leisure,leisure,1,0,0,0,secret_agent
spy agent,commuter_transport,commuter_transport,tag:transit,transit,1,0,0,0,secret_agent
spy agent,concert_stage,concert_stage,tag:leisure,leisure,1,0,0,0,secret_agent
spy agent,convenience_store,convenience_store,tag:retail_service,retail_service,1,0,0,0,secret_agent
spy agent,coworking_space,coworking_space,tag:workplace,workplace,1,0,0,0,secret_agent
spy agent,cozy_bookstore,cozy_bookstore,tag:retail_service,retail_service,1,0,0,0,secret_agent
spy agent,cozy_living_room,cozy_living_room,universal,,0,1,0,0,secret_agent
spy agent,neon_city_street,cyberpunk_street,tag:urban,urban,1,0,0,1,secret_agent
spy agent,design_studio,design_studio,tag:workplace,workplace,1,0,0,0,secret_agent
spy agent,drugstore_aisle,drugstore_aisle,tag:retail_service,retail_service,1,0,0,0,secret_agent
spy agent,family_restaurant,family_restaurant,tag:retail_service,retail_service,1,0,0,0,secret_agent
spy agent,fashion_boutique,fashion_boutique,tag:retail_service,retail_service,1,0,0,0,secret_agent
spy agent,ferry_terminal,ferry_terminal,tag:transit,transit,1,0,0,0,secret_agent
spy agent,fire_station,fire_station,tag:workplace,workplace,1,0,0,0,secret_agent
spy agent,fitness_gym,fitness_gym,tag:leisure,leisure,1,0,0,0,secret_agent
spy agent,flower_market,flower_market,tag:retail_service,retail_service,1,0,0,0,secret_agent
spy agent,food_court,food_court,tag:leisure,leisure,1,0,0,0,secret_agent
spy agent,game_arcade,game_arcade,tag:leisure,leisure,1,0,0,0,secret_agent
spy agent,greenhouse_nursery,greenhouse_nursery,tag:retail_service,retail_service,1,0,0,0,secret_agent
spy agent,illuminated_park,illuminated_park,tag:daily_public,daily_public,1,0,0,0,secret_agent
spy agent,karaoke_bar,karaoke_bar,tag:leisure,leisure,1,0,0,0,secret_agent
spy agent,local_market_street,local_market_street,tag:retail_service,retail_service,1,0,0,0,secret_agent
spy agent,luxury_hotel_lobby,luxury_hotel_lobby,existing,,0,0,1,0,secret_agent
spy agent,luxury_hotel_room,luxury_hotel_room,tag:leisure,leisure,1,0,0,0,secret_agent
spy agent,maker_space,maker_space,tag:workplace,workplace,1,0,0,0,secret_agent
spy agent,messy_copy_room,messy_copy_room,tag:workplace,workplace,1,0,0,0,secret_agent
spy agent,modern_office,modern_office,tag:workplace,workplace,1,0,0,0,secret_agent
spy agent,mountain_resort,mountain_resort,tag:leisure,leisure,1,0,0,0,secret_agent
spy agent,museum_hall,museum_hall,tag:leisure,leisure,1,0,0,0,secret_agent
spy agent,neighborhood_crosswalk,neighborhood_crosswalk,tag:transit,transit,1,0,0,0,secret_agent
spy agent,neighborhood_playground,neighborhood_playground,tag:daily_public,daily_public,1,0,0,0,secret_agent
spy agent,observatory_dome,observatory_dome,tag:leisure,leisure,1,0,0,0,secret_agent
spy agent,office_elevator,office_elevator,tag:workplace,workplace,1,0,0,0,secret_agent
spy agent,opera_house,opera_house,tag:leisure,leisure,1,0,0,0,secret_agent
spy agent,picnic_park,picnic_park,tag:daily_public,daily_public,1,0,0,0,secret_agent
spy agent,poolside_resort,poolside_resort,tag:leisure,leisure,1,0,0,0,secret_agent
spy agent,postal_service_counter,postal_service_counter,tag:retail_service,retail_service,1,0,0,0,secret_agent
spy agent,print_shop,print_shop,tag:retail_service,retail_service,1,0,0,0,secret_agent
spy agent,public_library_lobby,public_library_lobby,tag:daily_public,daily_public,1,0,0,0,secret_agent
spy agent,public_plaza,public_plaza,tag:leisure,leisure,1,0,0,0,secret_agent
spy agent,rainy_bus_stop,rainy_alley,tag:transit,transit,1,0,0,1,secret_agent
spy agent,recording_studio,recording_studio,tag:leisure,leisure,1,0,0,0,secret_agent
spy agent,riverside_walk,riverside_walk,tag:daily_public,daily_public,1,0,0,0,secret_agent
spy agent,rooftop_cafe,rooftop_cafe,tag:leisure,leisure,1,0,0,0,secret_agent
spy agent,rural_town_street,rural_town_street,tag:daily_public,daily_public,1,0,0,0,secret_agent
spy agent,school_library,school_library,tag:daily_public,daily_public,1,0,0,0,secret_agent
spy agent,shopping_arcade,shopping_arcade,tag:retail_service,retail_service,1,0,0,0,secret_agent
spy agent,shopping_mall_atrium,shopping_mall_atrium,tag:retail_service,retail_service,1,0,0,0,secret_agent
spy agent,stadium_court,stadium_court,tag:leisure,leisure,1,0,0,0,secret_agent
spy agent,street_cafe,street_cafe,tag:retail_service,retail_service,1,0,0,0,secret_agent
spy agent,suburban_neighborhood,suburban_neighborhood,tag:daily_public,daily_public,1,0,0,0,secret_agent
spy agent,subway_ticket_gate,subway_ticket_gate,tag:transit,transit,1,0,0,0,secret_agent
spy agent,supermarket_aisle,supermarket_aisle,tag:retail_service,retail_service,1,0,0,0,secret_agent
spy agent,surveillance_room,surveillance_room,tag:workplace,workplace,1,0,0,0,secret_agent
spy agent,train_station_platform,train_station_platform,tag:transit,transit,1,0,0,0,secret_agent
spy agent,tram_platform,tram_platform,tag:transit,transit,1,0,0,0,secret_agent
spy agent,tropical_beach,tropical_beach,tag:leisure,leisure,1,0,0,0,secret_agent
spy agent,underground_bar,underground_bar,tag:leisure,leisure,1,0,0,0,secret_agent
spy agent,vehicle_repair_garage,vehicle_repair_garage,tag:workplace,workplace,1,0,0,0,secret_agent
spy agent,wave_barrel,wave_barrel,tag:leisure,leisure,1,0,0,0,secret_agent
spy agent,winter_street,winter_street,tag:daily_public,daily_public,1,0,0,0,secret_agent
spy agent,yoga_studio,yoga_studio,tag:leisure,leisure,1,0,0,0,secret_agent
stargazer,abandoned_shrine,abandoned_shrine,tag:nature,nature,1,0,0,0,scifi_space
stargazer,airship_deck,airship_deck,existing,,0,0,1,0,scifi_space
stargazer,alien_planet,alien_planet,tag:scifi,scifi,1,0,0,0,scifi_space
stargazer,aquarium,aquarium,universal,,0,1,0,0,scifi_space
stargazer,art_gallery,art_gallery,universal,,0,1,0,0,scifi_space
stargazer,bamboo_forest,bamboo_forest,tag:nature,nature,1,0,0,0,scifi_space
stargazer,bedroom_boudoir,bedroom_boudoir,universal,,0,1,0,0,scifi_space
stargazer,botanical_garden,botanical_garden,universal,,0,1,0,0,scifi_space
stargazer,canal_walkway,canal_walkway,tag:nature,nature,1,0,0,0,scifi_space
stargazer,clean_modern_kitchen,clean_modern_kitchen,universal,,0,1,0,0,scifi_space
stargazer,community_garden,community_garden,tag:nature,nature,1,0,0,0,scifi_space
stargazer,commuter_transport,commuter_transport,universal,,0,1,0,0,scifi_space
stargazer,cozy_bookstore,cozy_bookstore,universal,,0,1,0,0,scifi_space
stargazer,cozy_living_room,cozy_living_room,universal,,0,1,0,0,scifi_space
stargazer,cyber_lab,cyber_lab,tag:scifi,scifi,1,0,0,0,scifi_space
stargazer,neon_city_street,cyberpunk_street,tag:scifi,scifi,1,0,0,1,scifi_space
stargazer,enchanted_lake,enchanted_lake,tag:nature,nature,1,0,0,0,scifi_space
stargazer,fantasy_forest,fantasy_forest,tag:nature,nature,1,0,0,0,scifi_space
stargazer,flower_market,flower_market,tag:nature,nature,1,0,0,0,scifi_space
stargazer,forest_cabin,forest_cabin,tag:nature,nature,1,0,0,0,scifi_space
stargazer,greenhouse_nursery,greenhouse_nursery,tag:nature,nature,1,0,0,0,scifi_space
stargazer,high_tech_medbay,high_tech_medbay,tag:scifi,scifi,1,0,0,0,scifi_space
stargazer,illuminated_park,illuminated_park,universal,,0,1,0,0,scifi_space
stargazer,japanese_garden,japanese_garden,tag:nature,nature,1,0,0,0,scifi_space
stargazer,maker_space,maker_space,tag:scifi,scifi,1,0,0,0,scifi_space
stargazer,museum_hall,museum_hall,universal,,0,1,0,0,scifi_space
stargazer,observatory_dome,observatory_dome,tag:scifi,scifi,1,0,0,0,scifi_space
stargazer,picnic_park,picnic_park,universal,,0,1,0,0,scifi_space
stargazer,rainy_bus_stop,rainy_alley,universal,,0,1,0,1,scifi_space
stargazer,rural_town_street,rural_town_street,universal,,0,1,0,0,scifi_space
stargazer,school_library,school_library,universal,,0,1,0,0,scifi_space
stargazer,shinto_shrine,shinto_shrine,tag:nature,nature,1,0,0,0,scifi_space
stargazer,shopping_mall_atrium,shopping_mall_atrium,universal,,0,1,0,0,scifi_space
stargazer,spaceship_bridge,spaceship_bridge,tag:scifi,scifi,1,0,0,0,scifi_space
stargazer,starship_quarters,starship_quarters,tag:scifi,scifi,1,0,0,0,scifi_space
stargazer,street_cafe,street_cafe,universal,,0,1,0,0,scifi_space
stargazer,suburban_neighborhood,suburban_neighborhood,universal,,0,1,0,0,scifi_space
stargazer,tropical_beach,tropical_beach,tag:nature,nature,1,0,0,0,scifi_space
stargazer,wave_barrel,wave_barrel,tag:nature,nature,1,0,0,0,scifi_space
stargazer,winter_street,winter_street,universal,,0,1,0,0,scifi_space
station traveler,antique_shop,antique_shop,tag:retail_service,retail_service,1,0,0,0,urban_shopping
station traveler,aquarium,aquarium,tag:leisure,leisure,1,0,0,0,urban_shopping
station traveler,art_gallery,art_gallery,tag:leisure,leisure,1,0,0,0,urban_shopping
station traveler,bakery_shop,bakery_shop,tag:retail_service,retail_service,1,0,0,0,urban_shopping
station traveler,bedroom_boudoir,bedroom_boudoir,universal,,0,1,0,0,urban_shopping
station traveler,bike_station,bike_station,tag:daily_public,daily_public,1,0,0,0,urban_shopping
station traveler,botanical_garden,botanical_garden,tag:leisure,leisure,1,0,0,0,urban_shopping
station traveler,bus_terminal,bus_terminal,tag:suburban,suburban,1,0,0,0,urban_shopping
station traveler,canal_walkway,canal_walkway,tag:daily_public,daily_public,1,0,0,0,urban_shopping
station traveler,cinema_lobby,cinema_lobby,tag:leisure,leisure,1,0,0,0,urban_shopping
station traveler,clean_modern_kitchen,clean_modern_kitchen,universal,,0,1,0,0,urban_shopping
station traveler,clinic_waiting_room,clinic_waiting_room,tag:daily_public,daily_public,1,0,0,0,urban_shopping
station traveler,community_center,community_center,tag:suburban,suburban,1,0,0,0,urban_shopping
station traveler,community_garden,community_garden,tag:suburban,suburban,1,0,0,0,urban_shopping
station traveler,community_theater_backstage,community_theater_backstage,tag:leisure,leisure,1,0,0,0,urban_shopping
station traveler,commuter_transport,commuter_transport,tag:daily_public,daily_public,1,0,0,0,urban_shopping
station traveler,concert_stage,concert_stage,tag:leisure,leisure,1,0,0,0,urban_shopping
station traveler,convenience_store,convenience_store,tag:retail_service,retail_service,1,0,0,0,urban_shopping
station traveler,cozy_bookstore,cozy_bookstore,tag:retail_service,retail_service,1,0,0,0,urban_shopping
station traveler,cozy_living_room,cozy_living_room,universal,,0,1,0,0,urban_shopping
station traveler,drugstore_aisle,drugstore_aisle,tag:retail_service,retail_service,1,0,0,0,urban_shopping
station traveler,family_restaurant,family_restaurant,tag:retail_service,retail_service,1,0,0,0,urban_shopping
station traveler,fashion_boutique,fashion_boutique,tag:retail_service,retail_service,1,0,0,0,urban_shopping
station traveler,ferry_terminal,ferry_terminal,tag:daily_public,daily_public,1,0,0,0,urban_shopping
station traveler,fire_station,fire_station,tag:daily_public,daily_public,1,0,0,0,urban_shopping
station traveler,fitness_gym,fitness_gym,tag:leisure,leisure,1,0,0,0,urban_shopping
station traveler,flower_market,flower_market,tag:retail_service,retail_service,1,0,0,0,urban_shopping
station traveler,food_court,food_court,tag:leisure,leisure,1,0,0,0,urban_shopping
station traveler,game_arcade,game_arcade,tag:leisure,leisure,1,0,0,0,urban_shopping
station traveler,greenhouse_nursery,greenhouse_nursery,tag:retail_service,retail_service,1,0,0,0,urban_shopping
station traveler,illuminated_park,illuminated_park,tag:daily_public,daily_public,1,0,0,0,urban_shopping
station traveler,karaoke_bar,karaoke_bar,tag:leisure,leisure,1,0,0,0,urban_shopping
station traveler,local_market_street,local_market_street,tag:retail_service,retail_service,1,0,0,0,urban_shopping
station traveler,luxury_hotel_lobby,luxury_hotel_lobby,tag:leisure,leisure,1,0,0,0,urban_shopping
station traveler,luxury_hotel_room,luxury_hotel_room,tag:leisure,leisure,1,0,0,0,urban_shopping
station traveler,mountain_resort,mountain_resort,tag:leisure,leisure,1,0,0,0,urban_shopping
station traveler,museum_hall,museum_hall,tag:leisure,leisure,1,0,0,0,urban_shopping
station traveler,neighborhood_crosswalk,neighborhood_crosswalk,tag:suburban,suburban,1,0,0,0,urban_shopping
station traveler,neighborhood_playground,neighborhood_playground,tag:suburban,suburban,1,0,0,0,urban_shopping
station traveler,observatory_dome,observatory_dome,tag:leisure,leisure,1,0,0,0,urban_shopping
station traveler,opera_house,opera_house,tag:leisure,leisure,1,0,0,0,urban_shopping
station traveler,picnic_park,picnic_park,tag:daily_public,daily_public,1,0,0,0,urban_shopping
station traveler,poolside_resort,poolside_resort,tag:leisure,leisure,1,0,0,0,urban_shopping
station traveler,postal_service_counter,postal_service_counter,tag:retail_service,retail_service,1,0,0,0,urban_shopping
station traveler,print_shop,print_shop,tag:retail_service,retail_service,1,0,0,0,urban_shopping
station traveler,public_library_lobby,public_library_lobby,tag:suburban,suburban,1,0,0,0,urban_shopping
station traveler,public_plaza,public_plaza,tag:leisure,leisure,1,0,0,0,urban_shopping
station traveler,rainy_bus_stop,rainy_alley,tag:suburban,suburban,1,0,0,1,urban_shopping
station traveler,recording_studio,recording_studio,tag:leisure,leisure,1,0,0,0,urban_shopping
station traveler,riverside_walk,riverside_walk,tag:suburban,suburban,1,0,0,0,urban_shopping
station traveler,rooftop_cafe,rooftop_cafe,tag:leisure,leisure,1,0,0,0,urban_shopping
station traveler,rural_town_street,rural_town_street,tag:suburban,suburban,1,0,0,0,urban_shopping
station traveler,school_library,school_library,tag:daily_public,daily_public,1,0,0,0,urban_shopping
station traveler,shopping_arcade,shopping_arcade,tag:retail_service,retail_service,1,0,0,0,urban_shopping
station traveler,shopping_mall_atrium,shopping_mall_atrium,tag:retail_service,retail_service,1,0,0,0,urban_shopping
station traveler,stadium_court,stadium_court,tag:leisure,leisure,1,0,0,0,urban_shopping
station traveler,street_cafe,street_cafe,tag:retail_service,retail_service,1,0,0,0,urban_shopping
station traveler,suburban_neighborhood,suburban_neighborhood,tag:suburban,suburban,1,0,0,0,urban_shopping
station traveler,subway_ticket_gate,subway_ticket_gate,tag:transit,transit,1,0,0,0,urban_shopping
station traveler,supermarket_aisle,supermarket_aisle,tag:retail_service,retail_service,1,0,0,0,urban_shopping
station traveler,train_station_platform,train_station_platform,tag:transit,transit,1,0,0,0,urban_shopping
station traveler,tram_platform,tram_platform,tag:daily_public,daily_public,1,0,0,0,urban_shopping
station traveler,tropical_beach,tropical_beach,tag:leisure,leisure,1,0,0,0,urban_shopping
station traveler,underground_bar,underground_bar,tag:leisure,leisure,1,0,0,0,urban_shopping
station traveler,wave_barrel,wave_barrel,tag:leisure,leisure,1,0,0,0,urban_shopping
station traveler,winter_street,winter_street,tag:daily_public,daily_public,1,0,0,0,urban_shopping
station traveler,yoga_studio,yoga_studio,tag:leisure,leisure,1,0,0,0,urban_shopping
steampunk inventor,steampunk_airship,airship_deck,tag:steampunk,steampunk,1,0,0,1,steampunk_inventor
steampunk inventor,alien_planet,alien_planet,tag:scifi,scifi,1,0,0,0,steampunk_inventor
steampunk inventor,antique_shop,antique_shop,tag:craft,craft,1,0,0,0,steampunk_inventor
steampunk inventor,aquarium,aquarium,universal,,0,1,0,0,steampunk_inventor
steampunk inventor,art_gallery,art_gallery,universal,,0,1,0,0,steampunk_inventor
steampunk inventor,bedroom_boudoir,bedroom_boudoir,universal,,0,1,0,0,steampunk_inventor
steampunk inventor,botanical_garden,botanical_garden,universal,,0,1,0,0,steampunk_inventor
steampunk inventor,clean_modern_kitchen,clean_modern_kitchen,universal,,0,1,0,0,steampunk_inventor
steampunk inventor,clockwork_workshop,clockwork_workshop,tag:craft,craft,1,0,0,0,steampunk_inventor
steampunk inventor,commuter_transport,commuter_transport,universal,,0,1,0,0,steampunk_inventor
steampunk inventor,cozy_bookstore,cozy_bookstore,universal,,0,1,0,0,steampunk_inventor
steampunk inventor,cozy_living_room,cozy_living_room,universal,,0,1,0,0,steampunk_inventor
steampunk inventor,cyber_lab,cyber_lab,tag:scifi,scifi,1,0,0,0,steampunk_inventor
steampunk inventor,neon_city_street,cyberpunk_street,tag:scifi,scifi,1,0,0,1,steampunk_inventor
steampunk inventor,design_studio,design_studio,tag:craft,craft,1,0,0,0,steampunk_inventor
steampunk inventor,high_tech_medbay,high_tech_medbay,tag:scifi,scifi,1,0,0,0,steampunk_inventor
steampunk inventor,illuminated_park,illuminated_park,universal,,0,1,0,0,steampunk_inventor
steampunk inventor,maker_space,maker_space,tag:scifi,scifi,1,0,0,0,steampunk_inventor
steampunk inventor,messy_copy_room,messy_copy_room,tag:craft,craft,1,0,0,0,steampunk_inventor
steampunk inventor,museum_hall,museum_hall,universal,,0,1,0,0,steampunk_inventor
steampunk inventor,observatory_dome,observatory_dome,tag:scifi,scifi,1,0,0,0,steampunk_inventor
steampunk inventor,picnic_park,picnic_park,universal,,0,1,0,0,steampunk_inventor
steampunk inventor,rainy_bus_stop,rainy_alley,universal,,0,1,0,1,steampunk_inventor
steampunk inventor,rural_town_street,rural_town_street,universal,,0,1,0,0,steampunk_inventor
steampunk inventor,school_library,school_library,universal,,0,1,0,0,steampunk_inventor
steampunk inventor,shopping_mall_atrium,shopping_mall_atrium,universal,,0,1,0,0,steampunk_inventor
steampunk inventor,spaceship_bridge,spaceship_bridge,tag:scifi,scifi,1,0,0,0,steampunk_inventor
steampunk inventor,starship_quarters,starship_quarters,tag:scifi,scifi,1,0,0,0,steampunk_inventor
steampunk inventor,street_cafe,street_cafe,universal,,0,1,0,0,steampunk_inventor
steampunk inventor,suburban_neighborhood,suburban_neighborhood,universal,,0,1,0,0,steampunk_inventor
steampunk inventor,vehicle_repair_garage,vehicle_repair_garage,tag:craft,craft,1,0,0,0,steampunk_inventor
steampunk inventor,winter_street,winter_street,universal,,0,1,0,0,steampunk_inventor
street dancer,antique_shop,antique_shop,tag:retail_service,retail_service,1,0,0,0,cyberpunk_night
street dancer,aquarium,aquarium,tag:leisure,leisure,1,0,0,0,cyberpunk_night
street dancer,art_gallery,art_gallery,tag:leisure,leisure,1,0,0,0,cyberpunk_night
street dancer,bakery_shop,bakery_shop,tag:retail_service,retail_service,1,0,0,0,cyberpunk_night
street dancer,bedroom_boudoir,bedroom_boudoir,universal,,0,1,0,0,cyberpunk_night
street dancer,bike_station,bike_station,tag:daily_public,daily_public,1,0,0,0,cyberpunk_night
street dancer,botanical_garden,botanical_garden,tag:leisure,leisure,1,0,0,0,cyberpunk_night
street dancer,bus_terminal,bus_terminal,tag:daily_public,daily_public,1,0,0,0,cyberpunk_night
street dancer,canal_walkway,canal_walkway,tag:daily_public,daily_public,1,0,0,0,cyberpunk_night
street dancer,cinema_lobby,cinema_lobby,tag:leisure,leisure,1,0,0,0,cyberpunk_night
street dancer,clean_modern_kitchen,clean_modern_kitchen,universal,,0,1,0,0,cyberpunk_night
street dancer,clinic_waiting_room,clinic_waiting_room,tag:daily_public,daily_public,1,0,0,0,cyberpunk_night
street dancer,community_center,community_center,tag:daily_public,daily_public,1,0,0,0,cyberpunk_night
street dancer,community_theater_backstage,community_theater_backstage,tag:leisure,leisure,1,0,0,0,cyberpunk_night
street dancer,commuter_transport,commuter_transport,tag:daily_public,daily_public,1,0,0,0,cyberpunk_night
street dancer,concert_stage,concert_stage,tag:leisure,leisure,1,0,0,0,cyberpunk_night
street dancer,convenience_store,convenience_store,tag:retail_service,retail_service,1,0,0,0,cyberpunk_night
street dancer,cozy_bookstore,cozy_bookstore,tag:retail_service,retail_service,1,0,0,0,cyberpunk_night
street dancer,cozy_living_room,cozy_living_room,universal,,0,1,0,0,cyberpunk_night
street dancer,neon_city_street,cyberpunk_street,existing,,0,0,1,1,cyberpunk_night
street dancer,drugstore_aisle,drugstore_aisle,tag:retail_service,retail_service,1,0,0,0,cyberpunk_night
street dancer,family_restaurant,family_restaurant,tag:retail_service,retail_service,1,0,0,0,cyberpunk_night
street dancer,fashion_boutique,fashion_boutique,tag:retail_service,retail_service,1,0,0,0,cyberpunk_night
street dancer,ferry_terminal,ferry_terminal,tag:daily_public,daily_public,1,0,0,0,cyberpunk_night
street dancer,fire_station,fire_station,tag:daily_public,daily_public,1,0,0,0,cyberpunk_night
street dancer,fitness_gym,fitness_gym,tag:leisure,leisure,1,0,0,0,cyberpunk_night
street dancer,flower_market,flower_market,tag:retail_service,retail_service,1,0,0,0,cyberpunk_night
street dancer,food_court,food_court,tag:leisure,leisure,1,0,0,0,cyberpunk_night
street dancer,game_arcade,game_arcade,existing,,0,0,1,0,cyberpunk_night
street dancer,greenhouse_nursery,greenhouse_nursery,tag:retail_service,retail_service,1,0,0,0,cyberpunk_night
street dancer,illuminated_park,illuminated_park,tag:daily_public,daily_public,1,0,0,0,cyberpunk_night
street dancer,karaoke_bar,karaoke_bar,tag:leisure,leisure,1,0,0,0,cyberpunk_night
street dancer,local_market_street,local_market_street,tag:retail_service,retail_service,1,0,0,0,cyberpunk_night
street dancer,luxury_hotel_lobby,luxury_hotel_lobby,tag:leisure,leisure,1,0,0,0,cyberpunk_night
street dancer,luxury_hotel_room,luxury_hotel_room,tag:leisure,leisure,1,0,0,0,cyberpunk_night
street dancer,mountain_resort,mountain_resort,tag:leisure,leisure,1,0,0,0,cyberpunk_night
street dancer,museum_hall,museum_hall,tag:leisure,leisure,1,0,0,0,cyberpunk_night
street dancer,neighborhood_crosswalk,neighborhood_crosswalk,tag:daily_public,daily_public,1,0,0,0,cyberpunk_night
street dancer,neighborhood_playground,neighborhood_playground,tag:daily_public,daily_public,1,0,0,0,cyberpunk_night
street dancer,observatory_dome,observatory_dome,tag:leisure,leisure,1,0,0,0,cyberpunk_night
street dancer,opera_house,opera_house,tag:leisure,leisure,1,0,0,0,cyberpunk_night
street dancer,picnic_park,picnic_park,tag:daily_public,daily_public,1,0,0,0,cyberpunk_night
street dancer,poolside_resort,poolside_resort,tag:leisure,leisure,1,0,0,0,cyberpunk_night
street dancer,postal_service_counter,postal_service_counter,tag:retail_service,retail_service,1,0,0,0,cyberpunk_night
street dancer,print_shop,print_shop,tag:retail_service,retail_service,1,0,0,0,cyberpunk_night
street dancer,public_library_lobby,public_library_lobby,tag:daily_public,daily_public,1,0,0,0,cyberpunk_night
street dancer,public_plaza,public_plaza,tag:leisure,leisure,1,0,0,0,cyberpunk_night
street dancer,rainy_bus_stop,rainy_alley,tag:daily_public,daily_public,1,0,0,1,cyberpunk_night
street dancer,recording_studio,recording_studio,tag:leisure,leisure,1,0,0,0,cyberpunk_night
street dancer,riverside_walk,riverside_walk,tag:daily_public,daily_public,1,0,0,0,cyberpunk_night
street dancer,rooftop_cafe,rooftop_cafe,tag:leisure,leisure,1,0,0,0,cyberpunk_night
street dancer,rural_town_street,rural_town_street,tag:daily_public,daily_public,1,0,0,0,cyberpunk_night
street dancer,school_library,school_library,tag:daily_public,daily_public,1,0,0,0,cyberpunk_night
street dancer,shopping_arcade,shopping_arcade,tag:retail_service,retail_service,1,0,0,0,cyberpunk_night
street dancer,shopping_mall_atrium,shopping_mall_atrium,tag:retail_service,retail_service,1,0,0,0,cyberpunk_night
street dancer,stadium_court,stadium_court,tag:leisure,leisure,1,0,0,0,cyberpunk_night
street dancer,street_cafe,street_cafe,tag:retail_service,retail_service,1,0,0,0,cyberpunk_night
street dancer,suburban_neighborhood,suburban_neighborhood,tag:daily_public,daily_public,1,0,0,0,cyberpunk_night
street dancer,subway_ticket_gate,subway_ticket_gate,tag:urban,urban,1,0,0,0,cyberpunk_night
street dancer,supermarket_aisle,supermarket_aisle,tag:retail_service,retail_service,1,0,0,0,cyberpunk_night
street dancer,train_station_platform,train_station_platform,tag:urban,urban,1,0,0,0,cyberpunk_night
street dancer,tram_platform,tram_platform,tag:daily_public,daily_public,1,0,0,0,cyberpunk_night
street dancer,tropical_beach,tropical_beach,tag:leisure,leisure,1,0,0,0,cyberpunk_night
street dancer,underground_bar,underground_bar,tag:leisure,leisure,1,0,0,0,cyberpunk_night
street dancer,vehicle_repair_garage,vehicle_repair_garage,tag:urban,urban,1,0,0,0,cyberpunk_night
street dancer,wave_barrel,wave_barrel,tag:leisure,leisure,1,0,0,0,cyberpunk_night
street dancer,winter_street,winter_street,tag:daily_public,daily_public,1,0,0,0,cyberpunk_night
street dancer,yoga_studio,yoga_studio,tag:leisure,leisure,1,0,0,0,cyberpunk_night
street girl,antique_shop,antique_shop,tag:retail_service,retail_service,1,0,0,0,street_casual
street girl,aquarium,aquarium,tag:leisure,leisure,1,0,0,0,street_casual
street girl,art_gallery,art_gallery,tag:leisure,leisure,1,0,0,0,street_casual
street girl,bakery_shop,bakery_shop,tag:retail_service,retail_service,1,0,0,0,street_casual
street girl,bedroom_boudoir,bedroom_boudoir,universal,,0,1,0,0,street_casual
street girl,bike_station,bike_station,tag:daily_public,daily_public,1,0,0,0,street_casual
street girl,botanical_garden,botanical_garden,tag:leisure,leisure,1,0,0,0,street_casual
street girl,bus_terminal,bus_terminal,tag:daily_public,daily_public,1,0,0,0,street_casual
street girl,canal_walkway,canal_walkway,tag:daily_public,daily_public,1,0,0,0,street_casual
street girl,cinema_lobby,cinema_lobby,tag:leisure,leisure,1,0,0,0,street_casual
street girl,clean_modern_kitchen,clean_modern_kitchen,universal,,0,1,0,0,street_casual
street girl,clinic_waiting_room,clinic_waiting_room,tag:daily_public,daily_public,1,0,0,0,street_casual
street girl,community_center,community_center,tag:daily_public,daily_public,1,0,0,0,street_casual
street girl,community_garden,community_garden,tag:suburban,suburban,1,0,0,0,street_casual
street girl,community_theater_backstage,community_theater_backstage,tag:leisure,leisure,1,0,0,0,street_casual
street girl,commuter_transport,commuter_transport,tag:daily_public,daily_public,1,0,0,0,street_casual
street girl,concert_stage,concert_stage,tag:leisure,leisure,1,0,0,0,street_casual
street girl,convenience_store,convenience_store,tag:retail_service,retail_service,1,0,0,0,street_casual
street girl,cozy_bookstore,cozy_bookstore,tag:retail_service,retail_service,1,0,0,0,street_casual
street girl,cozy_living_room,cozy_living_room,universal,,0,1,0,0,street_casual
street girl,neon_city_street,cyberpunk_street,tag:urban,urban,1,0,0,1,street_casual
street girl,drugstore_aisle,drugstore_aisle,tag:retail_service,retail_service,1,0,0,0,street_casual
street girl,family_restaurant,family_restaurant,tag:retail_service,retail_service,1,0,0,0,street_casual
street girl,fashion_boutique,fashion_boutique,tag:retail_service,retail_service,1,0,0,0,street_casual
street girl,ferry_terminal,ferry_terminal,tag:daily_public,daily_public,1,0,0,0,street_casual
street girl,fire_station,fire_station,tag:daily_public,daily_public,1,0,0,0,street_casual
street girl,fitness_gym,fitness_gym,tag:leisure,leisure,1,0,0,0,street_casual
street girl,flower_market,flower_market,tag:retail_service,retail_service,1,0,0,0,street_casual
street girl,food_court,food_court,tag:leisure,leisure,1,0,0,0,street_casual
street girl,game_arcade,game_arcade,tag:leisure,leisure,1,0,0,0,street_casual
street girl,greenhouse_nursery,greenhouse_nursery,tag:retail_service,retail_service,1,0,0,0,street_casual
street girl,illuminated_park,illuminated_park,tag:daily_public,daily_public,1,0,0,0,street_casual
street girl,karaoke_bar,karaoke_bar,tag:leisure,leisure,1,0,0,0,street_casual
street girl,local_market_street,local_market_street,tag:retail_service,retail_service,1,0,0,0,street_casual
street girl,luxury_hotel_lobby,luxury_hotel_lobby,tag:leisure,leisure,1,0,0,0,street_casual
street girl,luxury_hotel_room,luxury_hotel_room,tag:leisure,leisure,1,0,0,0,street_casual
street girl,mountain_resort,mountain_resort,tag:leisure,leisure,1,0,0,0,street_casual
street girl,museum_hall,museum_hall,tag:leisure,leisure,1,0,0,0,street_casual
street girl,neighborhood_crosswalk,neighborhood_crosswalk,tag:daily_public,daily_public,1,0,0,0,street_casual
street girl,neighborhood_playground,neighborhood_playground,tag:daily_public,daily_public,1,0,0,0,street_casual
street girl,observatory_dome,observatory_dome,tag:leisure,leisure,1,0,0,0,street_casual
street girl,opera_house,opera_house,tag:leisure,leisure,1,0,0,0,street_casual
street girl,picnic_park,picnic_park,tag:daily_public,daily_public,1,0,0,0,street_casual
street girl,poolside_resort,poolside_resort,tag:leisure,leisure,1,0,0,0,street_casual
street girl,postal_service_counter,postal_service_counter,tag:retail_service,retail_service,1,0,0,0,street_casual
street girl,print_shop,print_shop,tag:retail_service,retail_service,1,0,0,0,street_casual
street girl,public_library_lobby,public_library_lobby,tag:daily_public,daily_public,1,0,0,0,street_casual
street girl,public_plaza,public_plaza,tag:leisure,leisure,1,0,0,0,street_casual
street girl,rainy_bus_stop,rainy_alley,tag:daily_public,daily_public,1,0,0,1,street_casual
street girl,recording_studio,recording_studio,tag:leisure,leisure,1,0,0,0,street_casual
street girl,riverside_walk,riverside_walk,tag:daily_public,daily_public,1,0,0,0,street_casual
street girl,rooftop_cafe,rooftop_cafe,tag:leisure,leisure,1,0,0,0,street_casual
street girl,rural_town_street,rural_town_street,tag:daily_public,daily_public,1,0,0,0,street_casual
street girl,school_library,school_library,tag:daily_public,daily_public,1,0,0,0,street_casual
street girl,shopping_arcade,shopping_arcade,tag:retail_service,retail_service,1,0,0,0,street_casual
street girl,shopping_mall_atrium,shopping_mall_atrium,tag:retail_service,retail_service,1,0,0,0,street_casual
street girl,stadium_court,stadium_court,tag:leisure,leisure,1,0,0,0,street_casual
street girl,street_cafe,street_cafe,tag:retail_service,retail_service,1,0,0,0,street_casual
street girl,suburban_neighborhood,suburban_neighborhood,tag:daily_public,daily_public,1,0,0,0,street_casual
street girl,subway_ticket_gate,subway_ticket_gate,tag:urban,urban,1,0,0,0,street_casual
street girl,supermarket_aisle,supermarket_aisle,tag:retail_service,retail_service,1,0,0,0,street_casual
street girl,train_station_platform,train_station_platform,tag:urban,urban,1,0,0,0,street_casual
street girl,tram_platform,tram_platform,tag:daily_public,daily_public,1,0,0,0,street_casual
street girl,tropical_beach,tropical_beach,tag:leisure,leisure,1,0,0,0,street_casual
street girl,underground_bar,underground_bar,tag:leisure,leisure,1,0,0,0,street_casual
street girl,vehicle_repair_garage,vehicle_repair_garage,tag:urban,urban,1,0,0,0,street_casual
street girl,wave_barrel,wave_barrel,tag:leisure,leisure,1,0,0,0,street_casual
street girl,winter_street,winter_street,tag:daily_public,daily_public,1,0,0,0,street_casual
street girl,yoga_studio,yoga_studio,tag:leisure,leisure,1,0,0,0,street_casual
student,antique_shop,antique_shop,tag:retail_service,retail_service,1,0,0,0,school_uniform
student,aquarium,aquarium,tag:leisure,leisure,1,0,0,0,school_uniform
student,art_gallery,art_gallery,tag:leisure,leisure,1,0,0,0,school_uniform
student,bakery_shop,bakery_shop,tag:retail_service,retail_service,1,0,0,0,school_uniform
student,bedroom_boudoir,bedroom_boudoir,universal,,0,1,0,0,school_uniform
student,bike_station,bike_station,tag:transit,transit,1,0,0,0,school_uniform
student,botanical_garden,botanical_garden,tag:leisure,leisure,1,0,0,0,school_uniform
student,bus_terminal,bus_terminal,tag:transit,transit,1,0,0,0,school_uniform
student,campus_cafeteria,campus_cafeteria,existing,,0,0,1,0,school_uniform
student,campus_hallway,campus_hallway,existing,,0,0,1,0,school_uniform
student,canal_walkway,canal_walkway,tag:daily_public,daily_public,1,0,0,0,school_uniform
student,cinema_lobby,cinema_lobby,tag:leisure,leisure,1,0,0,0,school_uniform
student,clean_modern_kitchen,clean_modern_kitchen,universal,,0,1,0,0,school_uniform
student,clinic_waiting_room,clinic_waiting_room,tag:quiet_indoor,quiet_indoor,1,0,0,0,school_uniform
student,community_center,community_center,tag:daily_public,daily_public,1,0,0,0,school_uniform
student,community_garden,community_garden,tag:suburban,suburban,1,0,0,0,school_uniform
student,community_theater_backstage,community_theater_backstage,tag:leisure,leisure,1,0,0,0,school_uniform
student,commuter_transport,commuter_transport,existing,,0,0,1,0,school_uniform
student,concert_stage,concert_stage,tag:leisure,leisure,1,0,0,0,school_uniform
student,convenience_store,convenience_store,tag:retail_service,retail_service,1,0,0,0,school_uniform
student,cozy_bookstore,cozy_bookstore,tag:retail_service,retail_service,1,0,0,0,school_uniform
student,cozy_living_room,cozy_living_room,universal,,0,1,0,0,school_uniform
student,neon_city_street,cyberpunk_street,tag:urban,urban,1,0,0,1,school_uniform
student,design_studio,design_studio,tag:quiet_indoor,quiet_indoor,1,0,0,0,school_uniform
student,drugstore_aisle,drugstore_aisle,tag:retail_service,retail_service,1,0,0,0,school_uniform
student,family_restaurant,family_restaurant,tag:retail_service,retail_service,1,0,0,0,school_uniform
student,ferry_terminal,ferry_terminal,tag:transit,transit,1,0,0,0,school_uniform
student,fire_station,fire_station,tag:daily_public,daily_public,1,0,0,0,school_uniform
student,fitness_gym,fitness_gym,tag:leisure,leisure,1,0,0,0,school_uniform
student,flower_market,flower_market,tag:retail_service,retail_service,1,0,0,0,school_uniform
student,food_court,food_court,tag:leisure,leisure,1,0,0,0,school_uniform
student,game_arcade,game_arcade,tag:leisure,leisure,1,0,0,0,school_uniform
student,greenhouse_nursery,greenhouse_nursery,tag:retail_service,retail_service,1,0,0,0,school_uniform
student,illuminated_park,illuminated_park,tag:daily_public,daily_public,1,0,0,0,school_uniform
student,local_market_street,local_market_street,tag:retail_service,retail_service,1,0,0,0,school_uniform
student,luxury_hotel_lobby,luxury_hotel_lobby,tag:leisure,leisure,1,0,0,0,school_uniform
student,luxury_hotel_room,luxury_hotel_room,tag:leisure,leisure,1,0,0,0,school_uniform
student,mountain_resort,mountain_resort,tag:leisure,leisure,1,0,0,0,school_uniform
student,museum_hall,museum_hall,tag:leisure,leisure,1,0,0,0,school_uniform
student,neighborhood_crosswalk,neighborhood_crosswalk,tag:transit,transit,1,0,0,0,school_uniform
student,neighborhood_playground,neighborhood_playground,tag:daily_public,daily_public,1,0,0,0,school_uniform
student,observatory_dome,observatory_dome,tag:leisure,leisure,1,0,0,0,school_uniform
student,opera_house,opera_house,tag:leisure,leisure,1,0,0,0,school_uniform
student,picnic_park,picnic_park,existing,,0,0,1,0,school_uniform
student,poolside_resort,poolside_resort,tag:leisure,leisure,1,0,0,0,school_uniform
student,postal_service_counter,postal_service_counter,tag:retail_service,retail_service,1,0,0,0,school_uniform
student,print_shop,print_shop,tag:retail_service,retail_service,1,0,0,0,school_uniform
student,public_library_lobby,public_library_lobby,tag:quiet_indoor,quiet_indoor,1,0,0,0,school_uniform
student,public_plaza,public_plaza,tag:leisure,leisure,1,0,0,0,school_uniform
student,rainy_bus_stop,rainy_alley,tag:transit,transit,1,0,0,1,school_uniform
student,recording_studio,recording_studio,tag:leisure,leisure,1,0,0,0,school_uniform
student,riverside_walk,riverside_walk,tag:daily_public,daily_public,1,0,0,0,school_uniform
student,rooftop_cafe,rooftop_cafe,tag:leisure,leisure,1,0,0,0,school_uniform
student,rural_town_street,rural_town_street,tag:daily_public,daily_public,1,0,0,0,school_uniform
student,school_classroom,school_classroom,existing,,0,0,1,0,school_uniform
student,school_clubroom,school_clubroom,tag:quiet_indoor,quiet_indoor,1,0,0,0,school_uniform
student,school_gym_hall,school_gym_hall,existing,,0,0,1,0,school_uniform
student,school_library,school_library,tag:quiet_indoor,quiet_indoor,1,0,0,0,school_uniform
student,school_rooftop,school_rooftop,existing,,0,0,1,0,school_uniform
student,shopping_arcade,shopping_arcade,tag:retail_service,retail_service,1,0,0,0,school_uniform
student,shopping_mall_atrium,shopping_mall_atrium,tag:retail_service,retail_service,1,0,0,0,school_uniform
student,stadium_court,stadium_court,tag:leisure,leisure,1,0,0,0,school_uniform
student,street_cafe,street_cafe,tag:retail_service,retail_service,1,0,0,0,school_uniform
student,suburban_neighborhood,suburban_neighborhood,tag:daily_public,daily_public,1,0,0,0,school_uniform
student,subway_ticket_gate,subway_ticket_gate,tag:transit,transit,1,0,0,0,school_uniform
student,supermarket_aisle,supermarket_aisle,tag:retail_service,retail_service,1,0,0,0,school_uniform
student,tea_room,tea_room,tag:quiet_indoor,quiet_indoor,1,0,0,0,school_uniform
student,train_station_platform,train_station_platform,tag:transit,transit,1,0,0,0,school_uniform
student,tram_platform,tram_platform,tag:transit,transit,1,0,0,0,school_uniform
student,tropical_beach,tropical_beach,tag:leisure,leisure,1,0,0,0,school_uniform
student,university_campus_courtyard,university_campus_courtyard,tag:school,school,1,0,0,0,school_uniform
student,vehicle_repair_garage,vehicle_repair_garage,tag:urban,urban,1,0,0,0,school_uniform
student,wave_barrel,wave_barrel,tag:leisure,leisure,1,0,0,0,school_uniform
student,winter_street,winter_street,tag:daily_public,daily_public,1,0,0,0,school_uniform
student,yoga_studio,yoga_studio,tag:leisure,leisure,1,0,0,0,school_uniform
subway passenger,antique_shop,antique_shop,tag:retail_service,retail_service,1,0,0,0,street_casual
subway passenger,aquarium,aquarium,tag:leisure,leisure,1,0,0,0,street_casual
subway passenger,art_gallery,art_gallery,tag:leisure,leisure,1,0,0,0,street_casual
subway passenger,bakery_shop,bakery_shop,tag:retail_service,retail_service,1,0,0,0,street_casual
subway passenger,bedroom_boudoir,bedroom_boudoir,universal,,0,1,0,0,street_casual
subway passenger,bike_station,bike_station,tag:urban,urban,1,0,0,0,street_casual
subway passenger,botanical_garden,botanical_garden,tag:leisure,leisure,1,0,0,0,street_casual
subway passenger,bus_terminal,bus_terminal,tag:daily_public,daily_public,1,0,0,0,street_casual
subway passenger,canal_walkway,canal_walkway,tag:urban,urban,1,0,0,0,street_casual
subway passenger,cinema_lobby,cinema_lobby,tag:leisure,leisure,1,0,0,0,street_casual
subway passenger,clean_modern_kitchen,clean_modern_kitchen,universal,,0,1,0,0,street_casual
subway passenger,clinic_waiting_room,clinic_waiting_room,tag:daily_public,daily_public,1,0,0,0,street_casual
subway passenger,community_center,community_center,tag:daily_public,daily_public,1,0,0,0,street_casual
subway passenger,community_theater_backstage,community_theater_backstage,tag:leisure,leisure,1,0,0,0,street_casual
subway passenger,commuter_transport,commuter_transport,tag:daily_public,daily_public,1,0,0,0,street_casual
subway passenger,concert_stage,concert_stage,tag:leisure,leisure,1,0,0,0,street_casual
subway passenger,convenience_store,convenience_store,tag:retail_service,retail_service,1,0,0,0,street_casual
subway passenger,cozy_bookstore,cozy_bookstore,tag:retail_service,retail_service,1,0,0,0,street_casual
subway passenger,cozy_living_room,cozy_living_room,universal,,0,1,0,0,street_casual
subway passenger,neon_city_street,cyberpunk_street,tag:urban,urban,1,0,0,1,street_casual
subway passenger,drugstore_aisle,drugstore_aisle,tag:retail_service,retail_service,1,0,0,0,street_casual
subway passenger,family_restaurant,family_restaurant,tag:retail_service,retail_service,1,0,0,0,street_casual
subway passenger,fashion_boutique,fashion_boutique,tag:retail_service,retail_service,1,0,0,0,street_casual
subway passenger,ferry_terminal,ferry_terminal,tag:daily_public,daily_public,1,0,0,0,street_casual
subway passenger,fire_station,fire_station,tag:daily_public,daily_public,1,0,0,0,street_casual
subway passenger,fitness_gym,fitness_gym,tag:leisure,leisure,1,0,0,0,street_casual
subway passenger,flower_market,flower_market,tag:retail_service,retail_service,1,0,0,0,street_casual
subway passenger,food_court,food_court,tag:leisure,leisure,1,0,0,0,street_casual
subway passenger,game_arcade,game_arcade,tag:leisure,leisure,1,0,0,0,street_casual
subway passenger,greenhouse_nursery,greenhouse_nursery,tag:retail_service,retail_service,1,0,0,0,street_casual
subway passenger,illuminated_park,illuminated_park,tag:urban,urban,1,0,0,0,street_casual
subway passenger,karaoke_bar,karaoke_bar,tag:leisure,leisure,1,0,0,0,street_casual
subway passenger,local_market_street,local_market_street,tag:retail_service,retail_service,1,0,0,0,street_casual
subway passenger,luxury_hotel_lobby,luxury_hotel_lobby,tag:leisure,leisure,1,0,0,0,street_casual
subway passenger,luxury_hotel_room,luxury_hotel_room,tag:leisure,leisure,1,0,0,0,street_casual
subway passenger,mountain_resort,mountain_resort,tag:leisure,leisure,1,0,0,0,street_casual
subway passenger,museum_hall,museum_hall,tag:leisure,leisure,1,0,0,0,street_casual
subway passenger,neighborhood_crosswalk,neighborhood_crosswalk,tag:daily_public,daily_public,1,0,0,0,street_casual
subway passenger,neighborhood_playground,neighborhood_playground,tag:daily_public,daily_public,1,0,0,0,street_casual
subway passenger,observatory_dome,observatory_dome,tag:leisure,leisure,1,0,0,0,street_casual
subway passenger,opera_house,opera_house,tag:leisure,leisure,1,0,0,0,street_casual
subway passenger,picnic_park,picnic_park,tag:daily_public,daily_public,1,0,0,0,street_casual
subway passenger,poolside_resort,poolside_resort,tag:leisure,leisure,1,0,0,0,street_casual
subway passenger,postal_service_counter,postal_service_counter,tag:retail_service,retail_service,1,0,0,0,street_casual
subway passenger,print_shop,print_shop,tag:retail_service,retail_service,1,0,0,0,street_casual
subway passenger,public_library_lobby,public_library_lobby,tag:daily_public,daily_public,1,0,0,0,street_casual
subway passenger,public_plaza,public_plaza,tag:leisure,leisure,1,0,0,0,street_casual
subway passenger,rainy_alley,rainy_alley,tag:urban,urban,1,0,0,0,street_casual
subway passenger,recording_studio,recording_studio,tag:leisure,leisure,1,0,0,0,street_casual
subway passenger,riverside_walk,riverside_walk,tag:daily_public,daily_public,1,0,0,0,street_casual
subway passenger,rooftop_cafe,rooftop_cafe,tag:leisure,leisure,1,0,0,0,street_casual
subway passenger,rural_town_street,rural_town_street,tag:daily_public,daily_public,1,0,0,0,street_casual
subway passenger,school_library,school_library,tag:daily_public,daily_public,1,0,0,0,street_casual
subway passenger,shopping_arcade,shopping_arcade,tag:retail_service,retail_service,1,0,0,0,street_casual
subway passenger,shopping_mall_atrium,shopping_mall_atrium,tag:retail_service,retail_service,1,0,0,0,street_casual
subway passenger,stadium_court,stadium_court,tag:leisure,leisure,1,0,0,0,street_casual
subway passenger,street_cafe,street_cafe,tag:retail_service,retail_service,1,0,0,0,street_casual
subway passenger,suburban_neighborhood,suburban_neighborhood,tag:daily_public,daily_public,1,0,0,0,street_casual
subway passenger,subway_ticket_gate,subway_ticket_gate,tag:urban,urban,1,0,0,0,street_casual
subway passenger,supermarket_aisle,supermarket_aisle,tag:retail_service,retail_service,1,0,0,0,street_casual
subway passenger,train_station_platform,train_station_platform,tag:urban,urban,1,0,0,0,street_casual
subway passenger,tram_platform,tram_platform,tag:urban,urban,1,0,0,0,street_casual
subway passenger,tropical_beach,tropical_beach,tag:leisure,leisure,1,0,0,0,street_casual
subway passenger,underground_bar,underground_bar,tag:leisure,leisure,1,0,0,0,street_casual
subway passenger,vehicle_repair_garage,vehicle_repair_garage,tag:urban,urban,1,0,0,0,street_casual
subway passenger,wave_barrel,wave_barrel,tag:leisure,leisure,1,0,0,0,street_casual
subway passenger,winter_street,winter_street,tag:daily_public,daily_public,1,0,0,0,street_casual
subway passenger,yoga_studio,yoga_studio,tag:leisure,leisure,1,0,0,0,street_casual
supermarket shopper,antique_shop,antique_shop,tag:retail_service,retail_service,1,0,0,0,urban_shopping
supermarket shopper,aquarium,aquarium,tag:leisure,leisure,1,0,0,0,urban_shopping
supermarket shopper,art_gallery,art_gallery,tag:leisure,leisure,1,0,0,0,urban_shopping
supermarket shopper,bakery_shop,bakery_shop,tag:retail_service,retail_service,1,0,0,0,urban_shopping
supermarket shopper,bedroom_boudoir,bedroom_boudoir,universal,,0,1,0,0,urban_shopping
supermarket shopper,bike_station,bike_station,tag:daily_public,daily_public,1,0,0,0,urban_shopping
supermarket shopper,botanical_garden,botanical_garden,tag:leisure,leisure,1,0,0,0,urban_shopping
supermarket shopper,bus_terminal,bus_terminal,tag:suburban,suburban,1,0,0,0,urban_shopping
supermarket shopper,canal_walkway,canal_walkway,tag:daily_public,daily_public,1,0,0,0,urban_shopping
supermarket shopper,cinema_lobby,cinema_lobby,tag:leisure,leisure,1,0,0,0,urban_shopping
supermarket shopper,clean_modern_kitchen,clean_modern_kitchen,universal,,0,1,0,0,urban_shopping
supermarket shopper,clinic_waiting_room,clinic_waiting_room,tag:daily_public,daily_public,1,0,0,0,urban_shopping
supermarket shopper,community_center,community_center,tag:suburban,suburban,1,0,0,0,urban_shopping
supermarket shopper,community_garden,community_garden,tag:suburban,suburban,1,0,0,0,urban_shopping
supermarket shopper,community_theater_backstage,community_theater_backstage,tag:leisure,leisure,1,0,0,0,urban_shopping
supermarket shopper,commuter_transport,commuter_transport,tag:daily_public,daily_public,1,0,0,0,urban_shopping
supermarket shopper,concert_stage,concert_stage,tag:leisure,leisure,1,0,0,0,urban_shopping
supermarket shopper,convenience_store,convenience_store,tag:retail_service,retail_service,1,0,0,0,urban_shopping
supermarket shopper,cozy_bookstore,cozy_bookstore,tag:daily_public,daily_public,1,0,0,0,urban_shopping
supermarket shopper,cozy_living_room,cozy_living_room,universal,,0,1,0,0,urban_shopping
supermarket shopper,drugstore_aisle,drugstore_aisle,tag:retail_service,retail_service,1,0,0,0,urban_shopping
supermarket shopper,family_restaurant,family_restaurant,tag:retail_service,retail_service,1,0,0,0,urban_shopping
supermarket shopper,fashion_boutique,fashion_boutique,tag:retail_service,retail_service,1,0,0,0,urban_shopping
supermarket shopper,ferry_terminal,ferry_terminal,tag:daily_public,daily_public,1,0,0,0,urban_shopping
supermarket shopper,fire_station,fire_station,tag:daily_public,daily_public,1,0,0,0,urban_shopping
supermarket shopper,fitness_gym,fitness_gym,tag:leisure,leisure,1,0,0,0,urban_shopping
supermarket shopper,flower_market,flower_market,tag:retail_service,retail_service,1,0,0,0,urban_shopping
supermarket shopper,food_court,food_court,tag:leisure,leisure,1,0,0,0,urban_shopping
supermarket shopper,game_arcade,game_arcade,tag:leisure,leisure,1,0,0,0,urban_shopping
supermarket shopper,greenhouse_nursery,greenhouse_nursery,tag:retail_service,retail_service,1,0,0,0,urban_shopping
supermarket shopper,illuminated_park,illuminated_park,tag:daily_public,daily_public,1,0,0,0,urban_shopping
supermarket shopper,karaoke_bar,karaoke_bar,tag:leisure,leisure,1,0,0,0,urban_shopping
supermarket shopper,local_market_street,local_market_street,tag:daily_public,daily_public,1,0,0,0,urban_shopping
supermarket shopper,luxury_hotel_lobby,luxury_hotel_lobby,tag:leisure,leisure,1,0,0,0,urban_shopping
supermarket shopper,luxury_hotel_room,luxury_hotel_room,tag:leisure,leisure,1,0,0,0,urban_shopping
supermarket shopper,mountain_resort,mountain_resort,tag:leisure,leisure,1,0,0,0,urban_shopping
supermarket shopper,museum_hall,museum_hall,tag:leisure,leisure,1,0,0,0,urban_shopping
supermarket shopper,neighborhood_crosswalk,neighborhood_crosswalk,tag:suburban,suburban,1,0,0,0,urban_shopping
supermarket shopper,neighborhood_playground,neighborhood_playground,tag:suburban,suburban,1,0,0,0,urban_shopping
supermarket shopper,observatory_dome,observatory_dome,tag:leisure,leisure,1,0,0,0,urban_shopping
supermarket shopper,opera_house,opera_house,tag:leisure,leisure,1,0,0,0,urban_shopping
supermarket shopper,picnic_park,picnic_park,tag:daily_public,daily_public,1,0,0,0,urban_shopping
supermarket shopper,poolside_resort,poolside_resort,tag:leisure,leisure,1,0,0,0,urban_shopping
supermarket shopper,postal_service_counter,postal_service_counter,tag:daily_public,daily_public,1,0,0,0,urban_shopping
supermarket shopper,print_shop,print_shop,tag:retail_service,retail_service,1,0,0,0,urban_shopping
supermarket shopper,public_library_lobby,public_library_lobby,tag:suburban,suburban,1,0,0,0,urban_shopping
supermarket shopper,public_plaza,public_plaza,tag:leisure,leisure,1,0,0,0,urban_shopping
supermarket shopper,rainy_bus_stop,rainy_alley,tag:suburban,suburban,1,0,0,1,urban_shopping
supermarket shopper,recording_studio,recording_studio,tag:leisure,leisure,1,0,0,0,urban_shopping
supermarket shopper,riverside_walk,riverside_walk,tag:suburban,suburban,1,0,0,0,urban_shopping
supermarket shopper,rooftop_cafe,rooftop_cafe,tag:leisure,leisure,1,0,0,0,urban_shopping
supermarket shopper,rural_town_street,rural_town_street,tag:suburban,suburban,1,0,0,0,urban_shopping
supermarket shopper,school_library,school_library,tag:daily_public,daily_public,1,0,0,0,urban_shopping
supermarket shopper,shopping_arcade,shopping_arcade,tag:retail_service,retail_service,1,0,0,0,urban_shopping
supermarket shopper,shopping_mall_atrium,shopping_mall_atrium,tag:daily_public,daily_public,1,0,0,0,urban_shopping
supermarket shopper,stadium_court,stadium_court,tag:leisure,leisure,1,0,0,0,urban_shopping
supermarket shopper,street_cafe,street_cafe,tag:daily_public,daily_public,1,0,0,0,urban_shopping
supermarket shopper,suburban_neighborhood,suburban_neighborhood,tag:suburban,suburban,1,0,0,0,urban_shopping
supermarket shopper,supermarket_aisle,supermarket_aisle,tag:retail_service,retail_service,1,0,0,0,urban_shopping
supermarket shopper,tram_platform,tram_platform,tag:daily_public,daily_public,1,0,0,0,urban_shopping
supermarket shopper,tropical_beach,tropical_beach,tag:leisure,leisure,1,0,0,0,urban_shopping
supermarket shopper,underground_bar,underground_bar,tag:leisure,leisure,1,0,0,0,urban_shopping
supermarket shopper,wave_barrel,wave_barrel,tag:leisure,leisure,1,0,0,0,urban_shopping
supermarket shopper,winter_street,winter_street,tag:daily_public,daily_public,1,0,0,0,urban_shopping
supermarket shopper,yoga_studio,yoga_studio,tag:leisure,leisure,1,0,0,0,urban_shopping
surfer girl,aquarium,aquarium,tag:leisure,leisure,1,0,0,0,beach_resort
surfer girl,art_gallery,art_gallery,tag:leisure,leisure,1,0,0,0,beach_resort
surfer girl,bedroom_boudoir,bedroom_boudoir,universal,,0,1,0,0,beach_resort
surfer girl,bike_station,bike_station,tag:daily_public,daily_public,1,0,0,0,beach_resort
surfer girl,botanical_garden,botanical_garden,tag:leisure,leisure,1,0,0,0,beach_resort
surfer girl,bus_terminal,bus_terminal,tag:daily_public,daily_public,1,0,0,0,beach_resort
surfer girl,canal_walkway,canal_walkway,tag:daily_public,daily_public,1,0,0,0,beach_resort
surfer girl,cinema_lobby,cinema_lobby,tag:leisure,leisure,1,0,0,0,beach_resort
surfer girl,clean_modern_kitchen,clean_modern_kitchen,universal,,0,1,0,0,beach_resort
surfer girl,clinic_waiting_room,clinic_waiting_room,tag:daily_public,daily_public,1,0,0,0,beach_resort
surfer girl,community_center,community_center,tag:daily_public,daily_public,1,0,0,0,beach_resort
surfer girl,community_theater_backstage,community_theater_backstage,tag:leisure,leisure,1,0,0,0,beach_resort
surfer girl,commuter_transport,commuter_transport,tag:daily_public,daily_public,1,0,0,0,beach_resort
surfer girl,concert_stage,concert_stage,tag:leisure,leisure,1,0,0,0,beach_resort
surfer girl,cozy_bookstore,cozy_bookstore,tag:daily_public,daily_public,1,0,0,0,beach_resort
surfer girl,cozy_living_room,cozy_living_room,universal,,0,1,0,0,beach_resort
surfer girl,ferry_terminal,ferry_terminal,tag:daily_public,daily_public,1,0,0,0,beach_resort
surfer girl,fire_station,fire_station,tag:daily_public,daily_public,1,0,0,0,beach_resort
surfer girl,fitness_gym,fitness_gym,tag:leisure,leisure,1,0,0,0,beach_resort
surfer girl,food_court,food_court,tag:leisure,leisure,1,0,0,0,beach_resort
surfer girl,forest_cabin,forest_cabin,tag:resort,resort,1,0,0,0,beach_resort
surfer girl,game_arcade,game_arcade,tag:leisure,leisure,1,0,0,0,beach_resort
surfer girl,illuminated_park,illuminated_park,tag:daily_public,daily_public,1,0,0,0,beach_resort
surfer girl,karaoke_bar,karaoke_bar,tag:leisure,leisure,1,0,0,0,beach_resort
surfer girl,local_market_street,local_market_street,tag:daily_public,daily_public,1,0,0,0,beach_resort
surfer girl,luxury_hotel_lobby,luxury_hotel_lobby,tag:leisure,leisure,1,0,0,0,beach_resort
surfer girl,luxury_hotel_room,luxury_hotel_room,tag:leisure,leisure,1,0,0,0,beach_resort
surfer girl,mountain_resort,mountain_resort,tag:leisure,leisure,1,0,0,0,beach_resort
surfer girl,museum_hall,museum_hall,tag:leisure,leisure,1,0,0,0,beach_resort
surfer girl,neighborhood_crosswalk,neighborhood_crosswalk,tag:daily_public,daily_public,1,0,0,0,beach_resort
surfer girl,neighborhood_playground,neighborhood_playground,tag:daily_public,daily_public,1,0,0,0,beach_resort
surfer girl,observatory_dome,observatory_dome,tag:leisure,leisure,1,0,0,0,beach_resort
surfer girl,opera_house,opera_house,tag:leisure,leisure,1,0,0,0,beach_resort
surfer girl,picnic_park,picnic_park,tag:daily_public,daily_public,1,0,0,0,beach_resort
surfer girl,poolside_resort,poolside_resort,tag:leisure,leisure,1,0,0,0,beach_resort
surfer girl,postal_service_counter,postal_service_counter,tag:daily_public,daily_public,1,0,0,0,beach_resort
surfer girl,public_library_lobby,public_library_lobby,tag:daily_public,daily_public,1,0,0,0,beach_resort
surfer girl,public_plaza,public_plaza,tag:leisure,leisure,1,0,0,0,beach_resort
surfer girl,rainy_bus_stop,rainy_alley,tag:daily_public,daily_public,1,0,0,1,beach_resort
surfer girl,recording_studio,recording_studio,tag:leisure,leisure,1,0,0,0,beach_resort
surfer girl,riverside_walk,riverside_walk,tag:daily_public,daily_public,1,0,0,0,beach_resort
surfer girl,rooftop_cafe,rooftop_cafe,tag:leisure,leisure,1,0,0,0,beach_resort
surfer girl,rural_town_street,rural_town_street,tag:daily_public,daily_public,1,0,0,0,beach_resort
surfer girl,school_library,school_library,tag:daily_public,daily_public,1,0,0,0,beach_resort
surfer girl,shopping_mall_atrium,shopping_mall_atrium,tag:daily_public,daily_public,1,0,0,0,beach_resort
surfer girl,stadium_court,stadium_court,tag:leisure,leisure,1,0,0,0,beach_resort
surfer girl,street_cafe,street_cafe,tag:daily_public,daily_public,1,0,0,0,beach_resort
surfer girl,suburban_neighborhood,suburban_neighborhood,tag:daily_public,daily_public,1,0,0,0,beach_resort
surfer girl,tram_platform,tram_platform,tag:daily_public,daily_public,1,0,0,0,beach_resort
surfer girl,tropical_beach,tropical_beach,tag:leisure,leisure,1,0,0,0,beach_resort
surfer girl,underground_bar,underground_bar,tag:leisure,leisure,1,0,0,0,beach_resort
surfer girl,wave_barrel,wave_barrel,existing,,0,0,1,0,beach_resort
surfer girl,winter_street,winter_street,tag:daily_public,daily_public,1,0,0,0,beach_resort
surfer girl,yoga_studio,yoga_studio,tag:leisure,leisure,1,0,0,0,beach_resort
teacher,antique_shop,antique_shop,tag:quiet_indoor,quiet_indoor,1,0,0,0,office_lady
teacher,aquarium,aquarium,tag:quiet_indoor,quiet_indoor,1,0,0,0,office_lady
teacher,art_gallery,art_gallery,tag:quiet_indoor,quiet_indoor,1,0,0,0,office_lady
teacher,bedroom_boudoir,bedroom_boudoir,universal,,0,1,0,0,office_lady
teacher,boardroom,boardroom,tag:workplace,workplace,1,0,0,0,office_lady
teacher,botanical_garden,botanical_garden,universal,,0,1,0,0,office_lady
teacher,campus_cafeteria,campus_cafeteria,tag:school,school,1,0,0,0,office_lady
teacher,campus_hallway,campus_hallway,tag:school,school,1,0,0,0,office_lady
teacher,clean_modern_kitchen,clean_modern_kitchen,universal,,0,1,0,0,office_lady
teacher,clinic_waiting_room,clinic_waiting_room,tag:quiet_indoor,quiet_indoor,1,0,0,0,office_lady
teacher,community_theater_backstage,community_theater_backstage,tag:workplace,workplace,1,0,0,0,office_lady
teacher,commuter_transport,commuter_transport,universal,,0,1,0,0,office_lady
teacher,coworking_space,coworking_space,tag:workplace,workplace,1,0,0,0,office_lady
teacher,cozy_bookstore,cozy_bookstore,tag:quiet_indoor,quiet_indoor,1,0,0,0,office_lady
teacher,cozy_living_room,cozy_living_room,universal,,0,1,0,0,office_lady
teacher,design_studio,design_studio,tag:quiet_indoor,quiet_indoor,1,0,0,0,office_lady
teacher,fire_station,fire_station,tag:workplace,workplace,1,0,0,0,office_lady
teacher,greenhouse_nursery,greenhouse_nursery,existing,,0,0,1,0,office_lady
teacher,illuminated_park,illuminated_park,universal,,0,1,0,0,office_lady
teacher,maker_space,maker_space,tag:workplace,workplace,1,0,0,0,office_lady
teacher,messy_copy_room,messy_copy_room,tag:workplace,workplace,1,0,0,0,office_lady
teacher,modern_office,modern_office,tag:workplace,workplace,1,0,0,0,office_lady
teacher,museum_hall,museum_hall,tag:quiet_indoor,quiet_indoor,1,0,0,0,office_lady
teacher,observatory_dome,observatory_dome,tag:quiet_indoor,quiet_indoor,1,0,0,0,office_lady
teacher,office_elevator,office_elevator,tag:workplace,workplace,1,0,0,0,office_lady
teacher,picnic_park,picnic_park,universal,,0,1,0,0,office_lady
teacher,postal_service_counter,postal_service_counter,tag:workplace,workplace,1,0,0,0,office_lady
teacher,print_shop,print_shop,tag:workplace,workplace,1,0,0,0,office_lady
teacher,public_library_lobby,public_library_lobby,tag:quiet_indoor,quiet_indoor,1,0,0,0,office_lady
teacher,rainy_bus_stop,rainy_alley,universal,,0,1,0,1,office_lady
teacher,rural_town_street,rural_town_street,universal,,0,1,0,0,office_lady
teacher,school_classroom,school_classroom,tag:school,school,1,0,0,0,office_lady
teacher,school_clubroom,school_clubroom,tag:quiet_indoor,quiet_indoor,1,0,0,0,office_lady
teacher,school_gym_hall,school_gym_hall,tag:school,school,1,0,0,0,office_lady
teacher,school_library,school_library,tag:quiet_indoor,quiet_indoor,1,0,0,0,office_lady
teacher,school_rooftop,school_rooftop,tag:school,school,1,0,0,0,office_lady
teacher,shopping_mall_atrium,shopping_mall_atrium,universal,,0,1,0,0,office_lady
teacher,street_cafe,street_cafe,universal,,0,1,0,0,office_lady
teacher,suburban_neighborhood,suburban_neighborhood,universal,,0,1,0,0,office_lady
teacher,surveillance_room,surveillance_room,tag:workplace,workplace,1,0,0,0,office_lady
teacher,tea_room,tea_room,tag:quiet_indoor,quiet_indoor,1,0,0,0,office_lady
teacher,train_station_platform,train_station_platform,tag:workplace,workplace,1,0,0,0,office_lady
teacher,university_campus_courtyard,university_campus_courtyard,tag:school,school,1,0,0,0,office_lady
teacher,vehicle_repair_garage,vehicle_repair_garage,tag:workplace,workplace,1,0,0,0,office_lady
teacher,winter_street,winter_street,universal,,0,1,0,0,office_lady
train commuter,aquarium,aquarium,tag:daily_public,daily_public,1,0,0,0,office_lady
train commuter,art_gallery,art_gallery,tag:daily_public,daily_public,1,0,0,0,office_lady
train commuter,bedroom_boudoir,bedroom_boudoir,universal,,0,1,0,0,office_lady
train commuter,bike_station,bike_station,tag:daily_public,daily_public,1,0,0,0,office_lady
train commuter,boardroom,boardroom,tag:workplace,workplace,1,0,0,0,office_lady
train commuter,botanical_garden,botanical_garden,tag:daily_public,daily_public,1,0,0,0,office_lady
train commuter,bus_terminal,bus_terminal,tag:daily_public,daily_public,1,0,0,0,office_lady
train commuter,canal_walkway,canal_walkway,tag:daily_public,daily_public,1,0,0,0,office_lady
train commuter,clean_modern_kitchen,clean_modern_kitchen,universal,,0,1,0,0,office_lady
train commuter,clinic_waiting_room,clinic_waiting_room,tag:workplace,workplace,1,0,0,0,office_lady
train commuter,community_center,community_center,tag:daily_public,daily_public,1,0,0,0,office_lady
train commuter,community_theater_backstage,community_theater_backstage,tag:workplace,workplace,1,0,0,0,office_lady
train commuter,commuter_transport,commuter_transport,tag:daily_public,daily_public,1,0,0,0,office_lady
train commuter,coworking_space,coworking_space,tag:workplace,workplace,1,0,0,0,office_lady
train commuter,cozy_bookstore,cozy_bookstore,tag:daily_public,daily_public,1,0,0,0,office_lady
train commuter,cozy_living_room,cozy_living_room,universal,,0,1,0,0,office_lady
train commuter,design_studio,design_studio,tag:workplace,workplace,1,0,0,0,office_lady
train commuter,ferry_terminal,ferry_terminal,tag:daily_public,daily_public,1,0,0,0,office_lady
train commuter,fire_station,fire_station,tag:workplace,workplace,1,0,0,0,office_lady
train commuter,greenhouse_nursery,greenhouse_nursery,tag:workplace,workplace,1,0,0,0,office_lady
train commuter,illuminated_park,illuminated_park,tag:daily_public,daily_public,1,0,0,0,office_lady
train commuter,local_market_street,local_market_street,tag:daily_public,daily_public,1,0,0,0,office_lady
train commuter,maker_space,maker_space,tag:workplace,workplace,1,0,0,0,office_lady
train commuter,messy_copy_room,messy_copy_room,tag:workplace,workplace,1,0,0,0,office_lady
train commuter,modern_office,modern_office,tag:workplace,workplace,1,0,0,0,office_lady
train commuter,museum_hall,museum_hall,tag:daily_public,daily_public,1,0,0,0,office_lady
train commuter,neighborhood_crosswalk,neighborhood_crosswalk,tag:daily_public,daily_public,1,0,0,0,office_lady
train commuter,neighborhood_playground,neighborhood_playground,tag:daily_public,daily_public,1,0,0,0,office_lady
train commuter,office_elevator,office_elevator,tag:workplace,workplace,1,0,0,0,office_lady
train commuter,picnic_park,picnic_park,tag:daily_public,daily_public,1,0,0,0,office_lady
train commuter,postal_service_counter,postal_service_counter,tag:workplace,workplace,1,0,0,0,office_lady
train commuter,print_shop,print_shop,tag:workplace,workplace,1,0,0,0,office_lady
train commuter,public_library_lobby,public_library_lobby,tag:daily_public,daily_public,1,0,0,0,office_lady
train commuter,public_plaza,public_plaza,tag:daily_public,daily_public,1,0,0,0,office_lady
train commuter,rainy_bus_stop,rainy_alley,tag:daily_public,daily_public,1,0,0,1,office_lady
train commuter,riverside_walk,riverside_walk,tag:daily_public,daily_public,1,0,0,0,office_lady
train commuter,rural_town_street,rural_town_street,tag:daily_public,daily_public,1,0,0,0,office_lady
train commuter,school_library,school_library,tag:daily_public,daily_public,1,0,0,0,office_lady
train commuter,shopping_mall_atrium,shopping_mall_atrium,tag:daily_public,daily_public,1,0,0,0,office_lady
train commuter,street_cafe,street_cafe,tag:daily_public,daily_public,1,0,0,0,office_lady
train commuter,suburban_neighborhood,suburban_neighborhood,tag:daily_public,daily_public,1,0,0,0,office_lady
train commuter,subway_ticket_gate,subway_ticket_gate,tag:transit,transit,1,0,0,0,office_lady
train commuter,surveillance_room,surveillance_room,tag:workplace,workplace,1,0,0,0,office_lady
train commuter,train_station_platform,train_station_platform,tag:workplace,workplace,1,0,0,0,office_lady
train commuter,tram_platform,tram_platform,tag:daily_public,daily_public,1,0,0,0,office_lady
train commuter,vehicle_repair_garage,vehicle_repair_garage,tag:workplace,workplace,1,0,0,0,office_lady
train commuter,winter_street,winter_street,tag:daily_public,daily_public,1,0,0,0,office_lady
university student,antique_shop,antique_shop,tag:quiet_indoor,quiet_indoor,1,0,0,0,school_uniform
university student,aquarium,aquarium,tag:quiet_indoor,quiet_indoor,1,0,0,0,school_uniform
university student,art_gallery,art_gallery,tag:quiet_indoor,quiet_indoor,1,0,0,0,school_uniform
university student,bedroom_boudoir,bedroom_boudoir,universal,,0,1,0,0,school_uniform
university student,bike_station,bike_station,tag:daily_public,daily_public,1,0,0,0,school_uniform
university student,botanical_garden,botanical_garden,tag:daily_public,daily_public,1,0,0,0,school_uniform
university student,bus_terminal,bus_terminal,tag:daily_public,daily_public,1,0,0,0,school_uniform
university student,campus_cafeteria,campus_cafeteria,tag:school,school,1,0,0,0,school_uniform
university student,campus_hallway,campus_hallway,tag:school,school,1,0,0,0,school_uniform
university student,canal_walkway,canal_walkway,tag:daily_public,daily_public,1,0,0,0,school_uniform
university student,clean_modern_kitchen,clean_modern_kitchen,universal,,0,1,0,0,school_uniform
university student,clinic_waiting_room,clinic_waiting_room,tag:quiet_indoor,quiet_indoor,1,0,0,0,school_uniform
university student,community_center,community_center,tag:daily_public,daily_public,1,0,0,0,school_uniform
university student,commuter_transport,commuter_transport,tag:daily_public,daily_public,1,0,0,0,school_uniform
university student,cozy_bookstore,cozy_bookstore,tag:quiet_indoor,quiet_indoor,1,0,0,0,school_uniform
university student,cozy_living_room,cozy_living_room,universal,,0,1,0,0,school_uniform
university student,design_studio,design_studio,tag:quiet_indoor,quiet_indoor,1,0,0,0,school_uniform
university student,ferry_terminal,ferry_terminal,tag:daily_public,daily_public,1,0,0,0,school_uniform
university student,fire_station,fire_station,tag:daily_public,daily_public,1,0,0,0,school_uniform
university student,illuminated_park,illuminated_park,tag:daily_public,daily_public,1,0,0,0,school_uniform
university student,local_market_street,local_market_street,tag:daily_public,daily_public,1,0,0,0,school_uniform
university student,museum_hall,museum_hall,tag:quiet_indoor,quiet_indoor,1,0,0,0,school_uniform
university student,neighborhood_crosswalk,neighborhood_crosswalk,tag:daily_public,daily_public,1,0,0,0,school_uniform
university student,neighborhood_playground,neighborhood_playground,tag:daily_public,daily_public,1,0,0,0,school_uniform
university student,observatory_dome,observatory_dome,tag:quiet_indoor,quiet_indoor,1,0,0,0,school_uniform
university student,picnic_park,picnic_park,tag:daily_public,daily_public,1,0,0,0,school_uniform
university student,postal_service_counter,postal_service_counter,tag:daily_public,daily_public,1,0,0,0,school_uniform
university student,public_library_lobby,public_library_lobby,tag:quiet_indoor,quiet_indoor,1,0,0,0,school_uniform
university student,public_plaza,public_plaza,tag:daily_public,daily_public,1,0,0,0,school_uniform
university student,rainy_bus_stop,rainy_alley,tag:daily_public,daily_public,1,0,0,1,school_uniform
university student,riverside_walk,riverside_walk,tag:daily_public,daily_public,1,0,0,0,school_uniform
university student,rural_town_street,rural_town_street,tag:daily_public,daily_public,1,0,0,0,school_uniform
university student,school_classroom,school_classroom,tag:school,school,1,0,0,0,school_uniform
university student,school_clubroom,school_clubroom,tag:quiet_indoor,quiet_indoor,1,0,0,0,school_uniform
university student,school_gym_hall,school_gym_hall,tag:school,school,1,0,0,0,school_uniform
university student,school_library,school_library,tag:quiet_indoor,quiet_indoor,1,0,0,0,school_uniform
university student,school_rooftop,school_rooftop,tag:school,school,1,0,0,0,school_uniform
university student,shopping_mall_atrium,shopping_mall_atrium,tag:daily_public,daily_public,1,0,0,0,school_uniform
university student,street_cafe,street_cafe,tag:daily_public,daily_public,1,0,0,0,school_uniform
university student,suburban_neighborhood,suburban_neighborhood,tag:daily_public,daily_public,1,0,0,0,school_uniform
university student,subway_ticket_gate,subway_ticket_gate,tag:transit,transit,1,0,0,0,school_uniform
university student,tea_room,tea_room,tag:quiet_indoor,quiet_indoor,1,0,0,0,school_uniform
university student,train_station_platform,train_station_platform,tag:transit,transit,1,0,0,0,school_uniform
university student,tram_platform,tram_platform,tag:daily_public,daily_public,1,0,0,0,school_uniform
university student,university_campus_courtyard,university_campus_courtyard,tag:school,school,1,0,0,0,school_uniform
university student,winter_street,winter_street,tag:daily_public,daily_public,1,0,0,0,school_uniform
urban shopper,antique_shop,antique_shop,tag:retail_service,retail_service,1,0,0,0,urban_shopping
urban shopper,aquarium,aquarium,tag:leisure,leisure,1,0,0,0,urban_shopping
urban shopper,art_gallery,art_gallery,tag:leisure,leisure,1,0,0,0,urban_shopping
urban shopper,bakery_shop,bakery_shop,tag:retail_service,retail_service,1,0,0,0,urban_shopping
urban shopper,bedroom_boudoir,bedroom_boudoir,universal,,0,1,0,0,urban_shopping
urban shopper,bike_station,bike_station,tag:daily_public,daily_public,1,0,0,0,urban_shopping
urban shopper,botanical_garden,botanical_garden,tag:leisure,leisure,1,0,0,0,urban_shopping
urban shopper,bus_terminal,bus_terminal,tag:daily_public,daily_public,1,0,0,0,urban_shopping
urban shopper,canal_walkway,canal_walkway,tag:daily_public,daily_public,1,0,0,0,urban_shopping
urban shopper,cinema_lobby,cinema_lobby,existing,,0,0,1,0,urban_shopping
urban shopper,clean_modern_kitchen,clean_modern_kitchen,universal,,0,1,0,0,urban_shopping
urban shopper,clinic_waiting_room,clinic_waiting_room,tag:daily_public,daily_public,1,0,0,0,urban_shopping
urban shopper,community_center,community_center,tag:daily_public,daily_public,1,0,0,0,urban_shopping
urban shopper,community_theater_backstage,community_theater_backstage,tag:leisure,leisure,1,0,0,0,urban_shopping
urban shopper,commuter_transport,commuter_transport,tag:daily_public,daily_public,1,0,0,0,urban_shopping
urban shopper,concert_stage,concert_stage,tag:leisure,leisure,1,0,0,0,urban_shopping
urban shopper,convenience_store,convenience_store,existing,,0,0,1,0,urban_shopping
urban shopper,cozy_bookstore,cozy_bookstore,tag:retail_service,retail_service,1,0,0,0,urban_shopping
urban shopper,cozy_living_room,cozy_living_room,universal,,0,1,0,0,urban_shopping
urban shopper,neon_city_street,cyberpunk_street,tag:urban,urban,1,0,0,1,urban_shopping
urban shopper,drugstore_aisle,drugstore_aisle,existing,,0,0,1,0,urban_shopping
urban shopper,family_restaurant,family_restaurant,tag:retail_service,retail_service,1,0,0,0,urban_shopping
urban shopper,fashion_boutique,fashion_boutique,tag:retail_service,retail_service,1,0,0,0,urban_shopping
urban shopper,ferry_terminal,ferry_terminal,tag:daily_public,daily_public,1,0,0,0,urban_shopping
urban shopper,fire_station,fire_station,tag:daily_public,daily_public,1,0,0,0,urban_shopping
urban shopper,fitness_gym,fitness_gym,tag:leisure,leisure,1,0,0,0,urban_shopping
urban shopper,flower_market,flower_market,tag:retail_service,retail_service,1,0,0,0,urban_shopping
urban shopper,food_court,food_court,tag:leisure,leisure,1,0,0,0,urban_shopping
urban shopper,game_arcade,game_arcade,tag:leisure,leisure,1,0,0,0,urban_shopping
urban shopper,greenhouse_nursery,greenhouse_nursery,tag:retail_service,retail_service,1,0,0,0,urban_shopping
urban shopper,illuminated_park,illuminated_park,tag:daily_public,daily_public,1,0,0,0,urban_shopping
urban shopper,karaoke_bar,karaoke_bar,tag:leisure,leisure,1,0,0,0,urban_shopping
urban shopper,local_market_street,local_market_street,tag:retail_service,retail_service,1,0,0,0,urban_shopping
urban shopper,luxury_hotel_lobby,luxury_hotel_lobby,tag:leisure,leisure,1,0,0,0,urban_shopping
urban shopper,luxury_hotel_room,luxury_hotel_room,tag:leisure,leisure,1,0,0,0,urban_shopping
urban shopper,mountain_resort,mountain_resort,tag:leisure,leisure,1,0,0,0,urban_shopping
urban shopper,museum_hall,museum_hall,tag:leisure,leisure,1,0,0,0,urban_shopping
urban shopper,neighborhood_crosswalk,neighborhood_crosswalk,tag:daily_public,daily_public,1,0,0,0,urban_shopping
urban shopper,neighborhood_playground,neighborhood_playground,tag:daily_public,daily_public,1,0,0,0,urban_shopping
urban shopper,observatory_dome,observatory_dome,tag:leisure,leisure,1,0,0,0,urban_shopping
urban shopper,opera_house,opera_house,tag:leisure,leisure,1,0,0,0,urban_shopping
urban shopper,picnic_park,picnic_park,tag:daily_public,daily_public,1,0,0,0,urban_shopping
urban shopper,poolside_resort,poolside_resort,tag:leisure,leisure,1,0,0,0,urban_shopping
urban shopper,postal_service_counter,postal_service_counter,tag:retail_service,retail_service,1,0,0,0,urban_shopping
urban shopper,print_shop,print_shop,tag:retail_service,retail_service,1,0,0,0,urban_shopping
urban shopper,public_library_lobby,public_library_lobby,tag:daily_public,daily_public,1,0,0,0,urban_shopping
urban shopper,public_plaza,public_plaza,tag:leisure,leisure,1,0,0,0,urban_shopping
urban shopper,rainy_bus_stop,rainy_alley,tag:daily_public,daily_public,1,0,0,1,urban_shopping
urban shopper,recording_studio,recording_studio,tag:leisure,leisure,1,0,0,0,urban_shopping
urban shopper,riverside_walk,riverside_walk,tag:daily_public,daily_public,1,0,0,0,urban_shopping
urban shopper,rooftop_cafe,rooftop_cafe,tag:leisure,leisure,1,0,0,0,urban_shopping
urban shopper,rural_town_street,rural_town_street,tag:daily_public,daily_public,1,0,0,0,urban_shopping
urban shopper,school_library,school_library,tag:daily_public,daily_public,1,0,0,0,urban_shopping
urban shopper,shopping_arcade,shopping_arcade,tag:retail_service,retail_service,1,0,0,0,urban_shopping
urban shopper,shopping_mall_atrium,shopping_mall_atrium,existing,,0,0,1,0,urban_shopping
urban shopper,stadium_court,stadium_court,tag:leisure,leisure,1,0,0,0,urban_shopping
urban shopper,street_cafe,street_cafe,tag:retail_service,retail_service,1,0,0,0,urban_shopping
urban shopper,suburban_neighborhood,suburban_neighborhood,tag:daily_public,daily_public,1,0,0,0,urban_shopping
urban shopper,subway_ticket_gate,subway_ticket_gate,tag:urban,urban,1,0,0,0,urban_shopping
urban shopper,supermarket_aisle,supermarket_aisle,existing,,0,0,1,0,urban_shopping
urban shopper,train_station_platform,train_station_platform,tag:urban,urban,1,0,0,0,urban_shopping
urban shopper,tram_platform,tram_platform,tag:daily_public,daily_public,1,0,0,0,urban_shopping
urban shopper,tropical_beach,tropical_beach,tag:leisure,leisure,1,0,0,0,urban_shopping
urban shopper,underground_bar,underground_bar,tag:leisure,leisure,1,0,0,0,urban_shopping
urban shopper,vehicle_repair_garage,vehicle_repair_garage,tag:urban,urban,1,0,0,0,urban_shopping
urban shopper,wave_barrel,wave_barrel,tag:leisure,leisure,1,0,0,0,urban_shopping
urban shopper,winter_street,winter_street,tag:daily_public,daily_public,1,0,0,0,urban_shopping
urban shopper,yoga_studio,yoga_studio,tag:leisure,leisure,1,0,0,0,urban_shopping
vacation girl,antique_shop,antique_shop,tag:retail_service,retail_service,1,0,0,0,beach_resort
vacation girl,aquarium,aquarium,tag:leisure,leisure,1,0,0,0,beach_resort
vacation girl,art_gallery,art_gallery,tag:leisure,leisure,1,0,0,0,beach_resort
vacation girl,bakery_shop,bakery_shop,tag:retail_service,retail_service,1,0,0,0,beach_resort
vacation girl,bedroom_boudoir,bedroom_boudoir,universal,,0,1,0,0,beach_resort
vacation girl,bike_station,bike_station,tag:daily_public,daily_public,1,0,0,0,beach_resort
vacation girl,botanical_garden,botanical_garden,tag:leisure,leisure,1,0,0,0,beach_resort
vacation girl,bus_terminal,bus_terminal,tag:daily_public,daily_public,1,0,0,0,beach_resort
vacation girl,canal_walkway,canal_walkway,tag:daily_public,daily_public,1,0,0,0,beach_resort
vacation girl,cinema_lobby,cinema_lobby,tag:leisure,leisure,1,0,0,0,beach_resort
vacation girl,clean_modern_kitchen,clean_modern_kitchen,universal,,0,1,0,0,beach_resort
vacation girl,clinic_waiting_room,clinic_waiting_room,tag:daily_public,daily_public,1,0,0,0,beach_resort
vacation girl,community_center,community_center,tag:daily_public,daily_public,1,0,0,0,beach_resort
vacation girl,community_theater_backstage,community_theater_backstage,tag:leisure,leisure,1,0,0,0,beach_resort
vacation girl,commuter_transport,commuter_transport,tag:daily_public,daily_public,1,0,0,0,beach_resort
vacation girl,concert_stage,concert_stage,tag:leisure,leisure,1,0,0,0,beach_resort
vacation girl,convenience_store,convenience_store,tag:retail_service,retail_service,1,0,0,0,beach_resort
vacation girl,cozy_bookstore,cozy_bookstore,tag:retail_service,retail_service,1,0,0,0,beach_resort
vacation girl,cozy_living_room,cozy_living_room,universal,,0,1,0,0,beach_resort
vacation girl,neon_city_street,cyberpunk_street,tag:urban,urban,1,0,0,1,beach_resort
vacation girl,drugstore_aisle,drugstore_aisle,tag:retail_service,retail_service,1,0,0,0,beach_resort
vacation girl,family_restaurant,family_restaurant,tag:retail_service,retail_service,1,0,0,0,beach_resort
vacation girl,ferry_terminal,ferry_terminal,tag:daily_public,daily_public,1,0,0,0,beach_resort
vacation girl,fire_station,fire_station,tag:daily_public,daily_public,1,0,0,0,beach_resort
vacation girl,fitness_gym,fitness_gym,tag:leisure,leisure,1,0,0,0,beach_resort
vacation girl,flower_market,flower_market,tag:retail_service,retail_service,1,0,0,0,beach_resort
vacation girl,food_court,food_court,tag:leisure,leisure,1,0,0,0,beach_resort
vacation girl,forest_cabin,forest_cabin,tag:resort,resort,1,0,0,0,beach_resort
vacation girl,game_arcade,game_arcade,tag:leisure,leisure,1,0,0,0,beach_resort
vacation girl,greenhouse_nursery,greenhouse_nursery,tag:retail_service,retail_service,1,0,0,0,beach_resort
vacation girl,illuminated_park,illuminated_park,tag:daily_public,daily_public,1,0,0,0,beach_resort
vacation girl,local_market_street,local_market_street,tag:retail_service,retail_service,1,0,0,0,beach_resort
vacation girl,luxury_hotel_lobby,luxury_hotel_lobby,existing,,0,0,1,0,beach_resort
vacation girl,luxury_hotel_room,luxury_hotel_room,tag:leisure,leisure,1,0,0,0,beach_resort
vacation girl,mountain_resort,mountain_resort,tag:leisure,leisure,1,0,0,0,beach_resort
vacation girl,museum_hall,museum_hall,tag:leisure,leisure,1,0,0,0,beach_resort
vacation girl,neighborhood_crosswalk,neighborhood_crosswalk,tag:daily_public,daily_public,1,0,0,0,beach_resort
vacation girl,neighborhood_playground,neighborhood_playground,tag:daily_public,daily_public,1,0,0,0,beach_resort
vacation girl,observatory_dome,observatory_dome,tag:leisure,leisure,1,0,0,0,beach_resort
vacation girl,opera_house,opera_house,tag:leisure,leisure,1,0,0,0,beach_resort
vacation girl,picnic_park,picnic_park,tag:daily_public,daily_public,1,0,0,0,beach_resort
vacation girl,poolside_resort,poolside_resort,existing,,0,0,1,0,beach_resort
vacation girl,postal_service_counter,postal_service_counter,tag:retail_service,retail_service,1,0,0,0,beach_resort
vacation girl,print_shop,print_shop,tag:retail_service,retail_service,1,0,0,0,beach_resort
vacation girl,public_library_lobby,public_library_lobby,tag:daily_public,daily_public,1,0,0,0,beach_resort
vacation girl,public_plaza,public_plaza,tag:leisure,leisure,1,0,0,0,beach_resort
vacation girl,rainy_bus_stop,rainy_alley,tag:daily_public,daily_public,1,0,0,1,beach_resort
vacation girl,recording_studio,recording_studio,tag:leisure,leisure,1,0,0,0,beach_resort
vacation girl,riverside_walk,riverside_walk,tag:daily_public,daily_public,1,0,0,0,beach_resort
vacation girl,rooftop_cafe,rooftop_cafe,tag:leisure,leisure,1,0,0,0,beach_resort
vacation girl,rural_town_street,rural_town_street,tag:daily_public,daily_public,1,0,0,0,beach_resort
vacation girl,school_library,school_library,tag:daily_public,daily_public,1,0,0,0,beach_resort
vacation girl,shopping_arcade,shopping_arcade,tag:retail_service,retail_service,1,0,0,0,beach_resort
vacation girl,shopping_mall_atrium,shopping_mall_atrium,tag:retail_service,retail_service,1,0,0,0,beach_resort
vacation girl,stadium_court,stadium_court,tag:leisure,leisure,1,0,0,0,beach_resort
vacation girl,street_cafe,street_cafe,tag:retail_service,retail_service,1,0,0,0,beach_resort
vacation girl,suburban_neighborhood,suburban_neighborhood,tag:daily_public,daily_public,1,0,0,0,beach_resort
vacation girl,subway_ticket_gate,subway_ticket_gate,tag:urban,urban,1,0,0,0,beach_resort
vacation girl,supermarket_aisle,supermarket_aisle,tag:retail_service,retail_service,1,0,0,0,beach_resort
vacation girl,train_station_platform,train_station_platform,tag:urban,urban,1,0,0,0,beach_resort
vacation girl,tram_platform,tram_platform,tag:daily_public,daily_public,1,0,0,0,beach_resort
vacation girl,tropical_beach,tropical_beach,tag:leisure,leisure,1,0,0,0,beach_resort
vacation girl,vehicle_repair_garage,vehicle_repair_garage,tag:urban,urban,1,0,0,0,beach_resort
vacation girl,wave_barrel,wave_barrel,tag:leisure,leisure,1,0,0,0,beach_resort
vacation girl,winter_street,winter_street,tag:daily_public,daily_public,1,0,0,0,beach_resort
vacation girl,yoga_studio,yoga_studio,tag:leisure,leisure,1,0,0,0,beach_resort
vacationer,antique_shop,antique_shop,tag:retail_service,retail_service,1,0,0,0,beach_resort
vacationer,aquarium,aquarium,tag:leisure,leisure,1,0,0,0,beach_resort
vacationer,art_gallery,art_gallery,tag:leisure,leisure,1,0,0,0,beach_resort
vacationer,bakery_shop,bakery_shop,tag:retail_service,retail_service,1,0,0,0,beach_resort
vacationer,bedroom_boudoir,bedroom_boudoir,universal,,0,1,0,0,beach_resort
vacationer,bike_station,bike_station,tag:daily_public,daily_public,1,0,0,0,beach_resort
vacationer,botanical_garden,botanical_garden,tag:leisure,leisure,1,0,0,0,beach_resort
vacationer,bus_terminal,bus_terminal,tag:daily_public,daily_public,1,0,0,0,beach_resort
vacationer,canal_walkway,canal_walkway,tag:daily_public,daily_public,1,0,0,0,beach_resort
vacationer,cinema_lobby,cinema_lobby,tag:leisure,leisure,1,0,0,0,beach_resort
vacationer,clean_modern_kitchen,clean_modern_kitchen,universal,,0,1,0,0,beach_resort
vacationer,clinic_waiting_room,clinic_waiting_room,tag:daily_public,daily_public,1,0,0,0,beach_resort
vacationer,community_center,community_center,tag:daily_public,daily_public,1,0,0,0,beach_resort
vacationer,community_theater_backstage,community_theater_backstage,tag:leisure,leisure,1,0,0,0,beach_resort
vacationer,commuter_transport,commuter_transport,tag:daily_public,daily_public,1,0,0,0,beach_resort
vacationer,concert_stage,concert_stage,tag:leisure,leisure,1,0,0,0,beach_resort
vacationer,convenience_store,convenience_store,tag:retail_service,retail_service,1,0,0,0,beach_resort
vacationer,cozy_bookstore,cozy_bookstore,tag:retail_service,retail_service,1,0,0,0,beach_resort
vacationer,cozy_living_room,cozy_living_room,universal,,0,1,0,0,beach_resort
vacationer,neon_city_street,cyberpunk_street,tag:urban,urban,1,0,0,1,beach_resort
vacationer,drugstore_aisle,drugstore_aisle,tag:retail_service,retail_service,1,0,0,0,beach_resort
vacationer,family_restaurant,family_restaurant,tag:retail_service,retail_service,1,0,0,0,beach_resort
vacationer,ferry_terminal,ferry_terminal,tag:daily_public,daily_public,1,0,0,0,beach_resort
vacationer,fire_station,fire_station,tag:daily_public,daily_public,1,0,0,0,beach_resort
vacationer,fitness_gym,fitness_gym,tag:leisure,leisure,1,0,0,0,beach_resort
vacationer,flower_market,flower_market,tag:retail_service,retail_service,1,0,0,0,beach_resort
vacationer,food_court,food_court,tag:leisure,leisure,1,0,0,0,beach_resort
vacationer,forest_cabin,forest_cabin,tag:resort,resort,1,0,0,0,beach_resort
vacationer,game_arcade,game_arcade,tag:leisure,leisure,1,0,0,0,beach_resort
vacationer,greenhouse_nursery,greenhouse_nursery,tag:retail_service,retail_service,1,0,0,0,beach_resort
vacationer,illuminated_park,illuminated_park,tag:daily_public,daily_public,1,0,0,0,beach_resort
vacationer,local_market_street,local_market_street,tag:retail_service,retail_service,1,0,0,0,beach_resort
vacationer,luxury_hotel_lobby,luxury_hotel_lobby,existing,,0,0,1,0,beach_resort
vacationer,luxury_hotel_room,luxury_hotel_room,tag:leisure,leisure,1,0,0,0,beach_resort
vacationer,mountain_resort,mountain_resort,tag:leisure,leisure,1,0,0,0,beach_resort
vacationer,museum_hall,museum_hall,tag:leisure,leisure,1,0,0,0,beach_resort
vacationer,neighborhood_crosswalk,neighborhood_crosswalk,tag:daily_public,daily_public,1,0,0,0,beach_resort
vacationer,neighborhood_playground,neighborhood_playground,tag:daily_public,daily_public,1,0,0,0,beach_resort
vacationer,observatory_dome,observatory_dome,tag:leisure,leisure,1,0,0,0,beach_resort
vacationer,opera_house,opera_house,tag:leisure,leisure,1,0,0,0,beach_resort
vacationer,picnic_park,picnic_park,tag:daily_public,daily_public,1,0,0,0,beach_resort
vacationer,poolside_resort,poolside_resort,tag:leisure,leisure,1,0,0,0,beach_resort
vacationer,postal_service_counter,postal_service_counter,tag:retail_service,retail_service,1,0,0,0,beach_resort
vacationer,print_shop,print_shop,tag:retail_service,retail_service,1,0,0,0,beach_resort
vacationer,public_library_lobby,public_library_lobby,tag:daily_public,daily_public,1,0,0,0,beach_resort
vacationer,public_plaza,public_plaza,tag:leisure,leisure,1,0,0,0,beach_resort
vacationer,rainy_bus_stop,rainy_alley,tag:daily_public,daily_public,1,0,0,1,beach_resort
vacationer,recording_studio,recording_studio,tag:leisure,leisure,1,0,0,0,beach_resort
vacationer,riverside_walk,riverside_walk,tag:daily_public,daily_public,1,0,0,0,beach_resort
vacationer,rooftop_cafe,rooftop_cafe,tag:leisure,leisure,1,0,0,0,beach_resort
vacationer,rural_town_street,rural_town_street,tag:daily_public,daily_public,1,0,0,0,beach_resort
vacationer,school_library,school_library,tag:daily_public,daily_public,1,0,0,0,beach_resort
vacationer,shopping_arcade,shopping_arcade,tag:retail_service,retail_service,1,0,0,0,beach_resort
vacationer,shopping_mall_atrium,shopping_mall_atrium,tag:retail_service,retail_service,1,0,0,0,beach_resort
vacationer,stadium_court,stadium_court,tag:leisure,leisure,1,0,0,0,beach_resort
vacationer,street_cafe,street_cafe,tag:retail_service,retail_service,1,0,0,0,beach_resort
vacationer,suburban_neighborhood,suburban_neighborhood,tag:daily_public,daily_public,1,0,0,0,beach_resort
vacationer,subway_ticket_gate,subway_ticket_gate,tag:urban,urban,1,0,0,0,beach_resort
vacationer,supermarket_aisle,supermarket_aisle,tag:retail_service,retail_service,1,0,0,0,beach_resort
vacationer,train_station_platform,train_station_platform,tag:urban,urban,1,0,0,0,beach_resort
vacationer,tram_platform,tram_platform,tag:daily_public,daily_public,1,0,0,0,beach_resort
vacationer,tropical_beach,tropical_beach,existing,,0,0,1,0,beach_resort
vacationer,vehicle_repair_garage,vehicle_repair_garage,tag:urban,urban,1,0,0,0,beach_resort
vacationer,wave_barrel,wave_barrel,tag:leisure,leisure,1,0,0,0,beach_resort
vacationer,winter_street,winter_street,tag:daily_public,daily_public,1,0,0,0,beach_resort
vacationer,yoga_studio,yoga_studio,tag:leisure,leisure,1,0,0,0,beach_resort
weekend traveler,antique_shop,antique_shop,tag:retail_service,retail_service,1,0,0,0,urban_shopping
weekend traveler,aquarium,aquarium,tag:leisure,leisure,1,0,0,0,urban_shopping
weekend traveler,art_gallery,art_gallery,tag:leisure,leisure,1,0,0,0,urban_shopping
weekend traveler,bakery_shop,bakery_shop,tag:retail_service,retail_service,1,0,0,0,urban_shopping
weekend traveler,bedroom_boudoir,bedroom_boudoir,universal,,0,1,0,0,urban_shopping
weekend traveler,bike_station,bike_station,tag:daily_public,daily_public,1,0,0,0,urban_shopping
weekend traveler,botanical_garden,botanical_garden,tag:leisure,leisure,1,0,0,0,urban_shopping
weekend traveler,bus_terminal,bus_terminal,tag:daily_public,daily_public,1,0,0,0,urban_shopping
weekend traveler,canal_walkway,canal_walkway,tag:daily_public,daily_public,1,0,0,0,urban_shopping
weekend traveler,cinema_lobby,cinema_lobby,tag:leisure,leisure,1,0,0,0,urban_shopping
weekend traveler,clean_modern_kitchen,clean_modern_kitchen,universal,,0,1,0,0,urban_shopping
weekend traveler,clinic_waiting_room,clinic_waiting_room,tag:daily_public,daily_public,1,0,0,0,urban_shopping
weekend traveler,community_center,community_center,tag:daily_public,daily_public,1,0,0,0,urban_shopping
weekend traveler,community_garden,community_garden,tag:suburban,suburban,1,0,0,0,urban_shopping
weekend traveler,community_theater_backstage,community_theater_backstage,tag:leisure,leisure,1,0,0,0,urban_shopping
weekend traveler,commuter_transport,commuter_transport,tag:daily_public,daily_public,1,0,0,0,urban_shopping
weekend traveler,concert_stage,concert_stage,tag:leisure,leisure,1,0,0,0,urban_shopping
weekend traveler,convenience_store,convenience_store,tag:retail_service,retail_service,1,0,0,0,urban_shopping
weekend traveler,cozy_bookstore,cozy_bookstore,tag:retail_service,retail_service,1,0,0,0,urban_shopping
weekend traveler,cozy_living_room,cozy_living_room,universal,,0,1,0,0,urban_shopping
weekend traveler,neon_city_street,cyberpunk_street,tag:urban,urban,1,0,0,1,urban_shopping
weekend traveler,drugstore_aisle,drugstore_aisle,tag:retail_service,retail_service,1,0,0,0,urban_shopping
weekend traveler,family_restaurant,family_restaurant,tag:retail_service,retail_service,1,0,0,0,urban_shopping
weekend traveler,fashion_boutique,fashion_boutique,tag:retail_service,retail_service,1,0,0,0,urban_shopping
weekend traveler,ferry_terminal,ferry_terminal,tag:daily_public,daily_public,1,0,0,0,urban_shopping
weekend traveler,fire_station,fire_station,tag:daily_public,daily_public,1,0,0,0,urban_shopping
weekend traveler,fitness_gym,fitness_gym,tag:leisure,leisure,1,0,0,0,urban_shopping
weekend traveler,flower_market,flower_market,tag:retail_service,retail_service,1,0,0,0,urban_shopping
weekend traveler,food_court,food_court,tag:leisure,leisure,1,0,0,0,urban_shopping
weekend traveler,forest_cabin,forest_cabin,tag:resort,resort,1,0,0,0,urban_shopping
weekend traveler,game_arcade,game_arcade,tag:leisure,leisure,1,0,0,0,urban_shopping
weekend traveler,greenhouse_nursery,greenhouse_nursery,tag:retail_service,retail_service,1,0,0,0,urban_shopping
weekend traveler,illuminated_park,illuminated_park,tag:daily_public,daily_public,1,0,0,0,urban_shopping
weekend traveler,karaoke_bar,karaoke_bar,tag:leisure,leisure,1,0,0,0,urban_shopping
weekend traveler,local_market_street,local_market_street,tag:retail_service,retail_service,1,0,0,0,urban_shopping
weekend traveler,luxury_hotel_lobby,luxury_hotel_lobby,tag:leisure,leisure,1,0,0,0,urban_shopping
weekend traveler,luxury_hotel_room,luxury_hotel_room,tag:leisure,leisure,1,0,0,0,urban_shopping
weekend traveler,mountain_resort,mountain_resort,tag:leisure,leisure,1,0,0,0,urban_shopping
weekend traveler,museum_hall,museum_hall,tag:leisure,leisure,1,0,0,0,urban_shopping
weekend traveler,neighborhood_crosswalk,neighborhood_crosswalk,tag:daily_public,daily_public,1,0,0,0,urban_shopping
weekend traveler,neighborhood_playground,neighborhood_playground,tag:daily_public,daily_public,1,0,0,0,urban_shopping
weekend traveler,observatory_dome,observatory_dome,tag:leisure,leisure,1,0,0,0,urban_shopping
weekend traveler,opera_house,opera_house,tag:leisure,leisure,1,0,0,0,urban_shopping
weekend traveler,picnic_park,picnic_park,tag:daily_public,daily_public,1,0,0,0,urban_shopping
weekend traveler,poolside_resort,poolside_resort,tag:leisure,leisure,1,0,0,0,urban_shopping
weekend traveler,postal_service_counter,postal_service_counter,tag:retail_service,retail_service,1,0,0,0,urban_shopping
weekend traveler,print_shop,print_shop,tag:retail_service,retail_service,1,0,0,0,urban_shopping
weekend traveler,public_library_lobby,public_library_lobby,tag:daily_public,daily_public,1,0,0,0,urban_shopping
weekend traveler,public_plaza,public_plaza,tag:leisure,leisure,1,0,0,0,urban_shopping
weekend traveler,rainy_bus_stop,rainy_alley,tag:daily_public,daily_public,1,0,0,1,urban_shopping
weekend traveler,recording_studio,recording_studio,tag:leisure,leisure,1,0,0,0,urban_shopping
weekend traveler,riverside_walk,riverside_walk,tag:daily_public,daily_public,1,0,0,0,urban_shopping
weekend traveler,rooftop_cafe,rooftop_cafe,tag:leisure,leisure,1,0,0,0,urban_shopping
weekend traveler,rural_town_street,rural_town_street,tag:daily_public,daily_public,1,0,0,0,urban_shopping
weekend traveler,school_library,school_library,tag:daily_public,daily_public,1,0,0,0,urban_shopping
weekend traveler,shopping_arcade,shopping_arcade,tag:retail_service,retail_service,1,0,0,0,urban_shopping
weekend traveler,shopping_mall_atrium,shopping_mall_atrium,tag:retail_service,retail_service,1,0,0,0,urban_shopping
weekend traveler,stadium_court,stadium_court,tag:leisure,leisure,1,0,0,0,urban_shopping
weekend traveler,street_cafe,street_cafe,tag:retail_service,retail_service,1,0,0,0,urban_shopping
weekend traveler,suburban_neighborhood,suburban_neighborhood,tag:daily_public,daily_public,1,0,0,0,urban_shopping
weekend traveler,subway_ticket_gate,subway_ticket_gate,tag:urban,urban,1,0,0,0,urban_shopping
weekend traveler,supermarket_aisle,supermarket_aisle,tag:retail_service,retail_service,1,0,0,0,urban_shopping
weekend traveler,train_station_platform,train_station_platform,tag:urban,urban,1,0,0,0,urban_shopping
weekend traveler,tram_platform,tram_platform,tag:daily_public,daily_public,1,0,0,0,urban_shopping
weekend traveler,tropical_beach,tropical_beach,tag:leisure,leisure,1,0,0,0,urban_shopping
weekend traveler,underground_bar,underground_bar,tag:leisure,leisure,1,0,0,0,urban_shopping
weekend traveler,vehicle_repair_garage,vehicle_repair_garage,tag:urban,urban,1,0,0,0,urban_shopping
weekend traveler,wave_barrel,wave_barrel,tag:leisure,leisure,1,0,0,0,urban_shopping
weekend traveler,winter_street,winter_street,tag:daily_public,daily_public,1,0,0,0,urban_shopping
weekend traveler,yoga_studio,yoga_studio,tag:leisure,leisure,1,0,0,0,urban_shopping
window shopper,antique_shop,antique_shop,tag:retail_service,retail_service,1,0,0,0,urban_shopping
window shopper,aquarium,aquarium,existing,,0,0,1,0,urban_shopping
window shopper,art_gallery,art_gallery,tag:leisure,leisure,1,0,0,0,urban_shopping
window shopper,bakery_shop,bakery_shop,tag:retail_service,retail_service,1,0,0,0,urban_shopping
window shopper,bedroom_boudoir,bedroom_boudoir,universal,,0,1,0,0,urban_shopping
window shopper,bike_station,bike_station,tag:daily_public,daily_public,1,0,0,0,urban_shopping
window shopper,botanical_garden,botanical_garden,tag:leisure,leisure,1,0,0,0,urban_shopping
window shopper,bus_terminal,bus_terminal,tag:daily_public,daily_public,1,0,0,0,urban_shopping
window shopper,canal_walkway,canal_walkway,tag:daily_public,daily_public,1,0,0,0,urban_shopping
window shopper,cinema_lobby,cinema_lobby,tag:leisure,leisure,1,0,0,0,urban_shopping
window shopper,clean_modern_kitchen,clean_modern_kitchen,universal,,0,1,0,0,urban_shopping
window shopper,clinic_waiting_room,clinic_waiting_room,tag:daily_public,daily_public,1,0,0,0,urban_shopping
window shopper,community_center,community_center,tag:daily_public,daily_public,1,0,0,0,urban_shopping
window shopper,community_garden,community_garden,tag:suburban,suburban,1,0,0,0,urban_shopping
window shopper,community_theater_backstage,community_theater_backstage,tag:leisure,leisure,1,0,0,0,urban_shopping
window shopper,commuter_transport,commuter_transport,tag:daily_public,daily_public,1,0,0,0,urban_shopping
window shopper,concert_stage,concert_stage,tag:leisure,leisure,1,0,0,0,urban_shopping
window shopper,convenience_store,convenience_store,tag:retail_service,retail_service,1,0,0,0,urban_shopping
window shopper,cozy_bookstore,cozy_bookstore,tag:retail_service,retail_service,1,0,0,0,urban_shopping
window shopper,cozy_living_room,cozy_living_room,universal,,0,1,0,0,urban_shopping
window shopper,neon_city_street,cyberpunk_street,tag:urban,urban,1,0,0,1,urban_shopping
window shopper,drugstore_aisle,drugstore_aisle,tag:retail_service,retail_service,1,0,0,0,urban_shopping
window shopper,family_restaurant,family_restaurant,tag:retail_service,retail_service,1,0,0,0,urban_shopping
window shopper,fashion_boutique,fashion_boutique,tag:retail_service,retail_service,1,0,0,0,urban_shopping
window shopper,ferry_terminal,ferry_terminal,tag:daily_public,daily_public,1,0,0,0,urban_shopping
window shopper,fire_station,fire_station,tag:daily_public,daily_public,1,0,0,0,urban_shopping
window shopper,fitness_gym,fitness_gym,tag:leisure,leisure,1,0,0,0,urban_shopping
window shopper,flower_market,flower_market,tag:retail_service,retail_service,1,0,0,0,urban_shopping
window shopper,food_court,food_court,tag:leisure,leisure,1,0,0,0,urban_shopping
window shopper,game_arcade,game_arcade,tag:leisure,leisure,1,0,0,0,urban_shopping
window shopper,greenhouse_nursery,greenhouse_nursery,tag:retail_service,retail_service,1,0,0,0,urban_shopping
window shopper,illuminated_park,illuminated_park,tag:daily_public,daily_public,1,0,0,0,urban_shopping
window shopper,karaoke_bar,karaoke_bar,tag:leisure,leisure,1,0,0,0,urban_shopping
window shopper,local_market_street,local_market_street,tag:retail_service,retail_service,1,0,0,0,urban_shopping
window shopper,luxury_hotel_lobby,luxury_hotel_lobby,tag:leisure,leisure,1,0,0,0,urban_shopping
window shopper,luxury_hotel_room,luxury_hotel_room,tag:leisure,leisure,1,0,0,0,urban_shopping
window shopper,mountain_resort,mountain_resort,tag:leisure,leisure,1,0,0,0,urban_shopping
window shopper,museum_hall,museum_hall,tag:leisure,leisure,1,0,0,0,urban_shopping
window shopper,neighborhood_crosswalk,neighborhood_crosswalk,tag:daily_public,daily_public,1,0,0,0,urban_shopping
window shopper,neighborhood_playground,neighborhood_playground,tag:daily_public,daily_public,1,0,0,0,urban_shopping
window shopper,observatory_dome,observatory_dome,tag:leisure,leisure,1,0,0,0,urban_shopping
window shopper,opera_house,opera_house,tag:leisure,leisure,1,0,0,0,urban_shopping
window shopper,picnic_park,picnic_park,tag:daily_public,daily_public,1,0,0,0,urban_shopping
window shopper,poolside_resort,poolside_resort,tag:leisure,leisure,1,0,0,0,urban_shopping
window shopper,postal_service_counter,postal_service_counter,tag:retail_service,retail_service,1,0,0,0,urban_shopping
window shopper,print_shop,print_shop,tag:retail_service,retail_service,1,0,0,0,urban_shopping
window shopper,public_library_lobby,public_library_lobby,tag:daily_public,daily_public,1,0,0,0,urban_shopping
window shopper,public_plaza,public_plaza,tag:leisure,leisure,1,0,0,0,urban_shopping
window shopper,rainy_bus_stop,rainy_alley,tag:daily_public,daily_public,1,0,0,1,urban_shopping
window shopper,recording_studio,recording_studio,tag:leisure,leisure,1,0,0,0,urban_shopping
window shopper,riverside_walk,riverside_walk,tag:daily_public,daily_public,1,0,0,0,urban_shopping
window shopper,rooftop_cafe,rooftop_cafe,tag:leisure,leisure,1,0,0,0,urban_shopping
window shopper,rural_town_street,rural_town_street,tag:daily_public,daily_public,1,0,0,0,urban_shopping
window shopper,school_library,school_library,tag:daily_public,daily_public,1,0,0,0,urban_shopping
window shopper,shopping_arcade,shopping_arcade,tag:retail_service,retail_service,1,0,0,0,urban_shopping
window shopper,shopping_mall_atrium,shopping_mall_atrium,existing,,0,0,1,0,urban_shopping
window shopper,stadium_court,stadium_court,tag:leisure,leisure,1,0,0,0,urban_shopping
window shopper,street_cafe,street_cafe,tag:retail_service,retail_service,1,0,0,0,urban_shopping
window shopper,suburban_neighborhood,suburban_neighborhood,tag:daily_public,daily_public,1,0,0,0,urban_shopping
window shopper,subway_ticket_gate,subway_ticket_gate,tag:urban,urban,1,0,0,0,urban_shopping
window shopper,supermarket_aisle,supermarket_aisle,tag:retail_service,retail_service,1,0,0,0,urban_shopping
window shopper,train_station_platform,train_station_platform,tag:urban,urban,1,0,0,0,urban_shopping
window shopper,tram_platform,tram_platform,tag:daily_public,daily_public,1,0,0,0,urban_shopping
window shopper,tropical_beach,tropical_beach,tag:leisure,leisure,1,0,0,0,urban_shopping
window shopper,underground_bar,underground_bar,tag:leisure,leisure,1,0,0,0,urban_shopping
window shopper,vehicle_repair_garage,vehicle_repair_garage,tag:urban,urban,1,0,0,0,urban_shopping
window shopper,wave_barrel,wave_barrel,tag:leisure,leisure,1,0,0,0,urban_shopping
window shopper,winter_street,winter_street,tag:daily_public,daily_public,1,0,0,0,urban_shopping
window shopper,yoga_studio,yoga_studio,tag:leisure,leisure,1,0,0,0,urban_shopping
winter date girl,antique_shop,antique_shop,tag:retail_service,retail_service,1,0,0,0,winter_date
winter date girl,aquarium,aquarium,tag:leisure,leisure,1,0,0,0,winter_date
winter date girl,art_gallery,art_gallery,tag:leisure,leisure,1,0,0,0,winter_date
winter date girl,bakery_shop,bakery_shop,tag:retail_service,retail_service,1,0,0,0,winter_date
winter date girl,bedroom_boudoir,bedroom_boudoir,universal,,0,1,0,0,winter_date
winter date girl,bike_station,bike_station,tag:daily_public,daily_public,1,0,0,0,winter_date
winter date girl,botanical_garden,botanical_garden,tag:leisure,leisure,1,0,0,0,winter_date
winter date girl,bus_terminal,bus_terminal,tag:daily_public,daily_public,1,0,0,0,winter_date
winter date girl,canal_walkway,canal_walkway,tag:daily_public,daily_public,1,0,0,0,winter_date
winter date girl,cinema_lobby,cinema_lobby,tag:leisure,leisure,1,0,0,0,winter_date
winter date girl,clean_modern_kitchen,clean_modern_kitchen,universal,,0,1,0,0,winter_date
winter date girl,clinic_waiting_room,clinic_waiting_room,tag:daily_public,daily_public,1,0,0,0,winter_date
winter date girl,community_center,community_center,tag:daily_public,daily_public,1,0,0,0,winter_date
winter date girl,community_theater_backstage,community_theater_backstage,tag:leisure,leisure,1,0,0,0,winter_date
winter date girl,commuter_transport,commuter_transport,tag:daily_public,daily_public,1,0,0,0,winter_date
winter date girl,concert_stage,concert_stage,tag:leisure,leisure,1,0,0,0,winter_date
winter date girl,convenience_store,convenience_store,tag:retail_service,retail_service,1,0,0,0,winter_date
winter date girl,cozy_bookstore,cozy_bookstore,tag:retail_service,retail_service,1,0,0,0,winter_date
winter date girl,cozy_living_room,cozy_living_room,universal,,0,1,0,0,winter_date
winter date girl,neon_city_street,cyberpunk_street,tag:urban,urban,1,0,0,1,winter_date
winter date girl,drugstore_aisle,drugstore_aisle,tag:retail_service,retail_service,1,0,0,0,winter_date
winter date girl,family_restaurant,family_restaurant,tag:retail_service,retail_service,1,0,0,0,winter_date
winter date girl,fashion_boutique,fashion_boutique,tag:retail_service,retail_service,1,0,0,0,winter_date
winter date girl,ferry_terminal,ferry_terminal,tag:daily_public,daily_public,1,0,0,0,winter_date
winter date girl,fire_station,fire_station,tag:daily_public,daily_public,1,0,0,0,winter_date
winter date girl,fitness_gym,fitness_gym,tag:leisure,leisure,1,0,0,0,winter_date
winter date girl,flower_market,flower_market,tag:retail_service,retail_service,1,0,0,0,winter_date
winter date girl,food_court,food_court,tag:leisure,leisure,1,0,0,0,winter_date
winter date girl,game_arcade,game_arcade,tag:leisure,leisure,1,0,0,0,winter_date
winter date girl,greenhouse_nursery,greenhouse_nursery,tag:retail_service,retail_service,1,0,0,0,winter_date
winter date girl,illuminated_park,illuminated_park,existing,,0,0,1,0,winter_date
winter date girl,karaoke_bar,karaoke_bar,tag:leisure,leisure,1,0,0,0,winter_date
winter date girl,local_market_street,local_market_street,tag:retail_service,retail_service,1,0,0,0,winter_date
winter date girl,luxury_hotel_lobby,luxury_hotel_lobby,tag:leisure,leisure,1,0,0,0,winter_date
winter date girl,luxury_hotel_room,luxury_hotel_room,tag:leisure,leisure,1,0,0,0,winter_date
winter date girl,mountain_resort,mountain_resort,tag:leisure,leisure,1,0,0,0,winter_date
winter date girl,museum_hall,museum_hall,tag:leisure,leisure,1,0,0,0,winter_date
winter date girl,neighborhood_crosswalk,neighborhood_crosswalk,tag:daily_public,daily_public,1,0,0,0,winter_date
winter date girl,neighborhood_playground,neighborhood_playground,tag:daily_public,daily_public,1,0,0,0,winter_date
winter date girl,observatory_dome,observatory_dome,tag:leisure,leisure,1,0,0,0,winter_date
winter date girl,opera_house,opera_house,tag:leisure,leisure,1,0,0,0,winter_date
winter date girl,picnic_park,picnic_park,tag:daily_public,daily_public,1,0,0,0,winter_date
winter date girl,poolside_resort,poolside_resort,tag:leisure,leisure,1,0,0,0,winter_date
winter date girl,postal_service_counter,postal_service_counter,tag:retail_service,retail_service,1,0,0,0,winter_date
winter date girl,print_shop,print_shop,tag:retail_service,retail_service,1,0,0,0,winter_date
winter date girl,public_library_lobby,public_library_lobby,tag:daily_public,daily_public,1,0,0,0,winter_date
winter date girl,public_plaza,public_plaza,tag:leisure,leisure,1,0,0,0,winter_date
winter date girl,rainy_bus_stop,rainy_alley,tag:daily_public,daily_public,1,0,0,1,winter_date
winter date girl,recording_studio,recording_studio,tag:leisure,leisure,1,0,0,0,winter_date
winter date girl,riverside_walk,riverside_walk,tag:daily_public,daily_public,1,0,0,0,winter_date
winter date girl,rooftop_cafe,rooftop_cafe,tag:leisure,leisure,1,0,0,0,winter_date
winter date girl,rural_town_street,rural_town_street,tag:daily_public,daily_public,1,0,0,0,winter_date
winter date girl,school_library,school_library,tag:daily_public,daily_public,1,0,0,0,winter_date
winter date girl,shopping_arcade,shopping_arcade,tag:retail_service,retail_service,1,0,0,0,winter_date
winter date girl,shopping_mall_atrium,shopping_mall_atrium,tag:retail_service,retail_service,1,0,0,0,winter_date
winter date girl,stadium_court,stadium_court,tag:leisure,leisure,1,0,0,0,winter_date
winter date girl,street_cafe,street_cafe,tag:retail_service,retail_service,1,0,0,0,winter_date
winter date girl,suburban_neighborhood,suburban_neighborhood,tag:daily_public,daily_public,1,0,0,0,winter_date
winter date girl,subway_ticket_gate,subway_ticket_gate,tag:urban,urban,1,0,0,0,winter_date
winter date girl,supermarket_aisle,supermarket_aisle,tag:retail_service,retail_service,1,0,0,0,winter_date
winter date girl,train_station_platform,train_station_platform,tag:urban,urban,1,0,0,0,winter_date
winter date girl,tram_platform,tram_platform,tag:daily_public,daily_public,1,0,0,0,winter_date
winter date girl,tropical_beach,tropical_beach,tag:leisure,leisure,1,0,0,0,winter_date
winter date girl,underground_bar,underground_bar,tag:leisure,leisure,1,0,0,0,winter_date
winter date girl,vehicle_repair_garage,vehicle_repair_garage,tag:urban,urban,1,0,0,0,winter_date
winter date girl,wave_barrel,wave_barrel,tag:leisure,leisure,1,0,0,0,winter_date
winter date girl,winter_street,winter_street,tag:daily_public,daily_public,1,0,0,0,winter_date
winter date girl,yoga_studio,yoga_studio,tag:leisure,leisure,1,0,0,0,winter_date
winter traveler,antique_shop,antique_shop,tag:retail_service,retail_service,1,0,0,0,winter_date
winter traveler,aquarium,aquarium,tag:leisure,leisure,1,0,0,0,winter_date
winter traveler,art_gallery,art_gallery,tag:leisure,leisure,1,0,0,0,winter_date
winter traveler,bakery_shop,bakery_shop,tag:retail_service,retail_service,1,0,0,0,winter_date
winter traveler,bedroom_boudoir,bedroom_boudoir,universal,,0,1,0,0,winter_date
winter traveler,bike_station,bike_station,tag:daily_public,daily_public,1,0,0,0,winter_date
winter traveler,botanical_garden,botanical_garden,tag:leisure,leisure,1,0,0,0,winter_date
winter traveler,bus_terminal,bus_terminal,tag:daily_public,daily_public,1,0,0,0,winter_date
winter traveler,canal_walkway,canal_walkway,tag:daily_public,daily_public,1,0,0,0,winter_date
winter traveler,cinema_lobby,cinema_lobby,tag:leisure,leisure,1,0,0,0,winter_date
winter traveler,clean_modern_kitchen,clean_modern_kitchen,universal,,0,1,0,0,winter_date
winter traveler,clinic_waiting_room,clinic_waiting_room,tag:daily_public,daily_public,1,0,0,0,winter_date
winter traveler,community_center,community_center,tag:daily_public,daily_public,1,0,0,0,winter_date
winter traveler,community_theater_backstage,community_theater_backstage,tag:leisure,leisure,1,0,0,0,winter_date
winter traveler,commuter_transport,commuter_transport,tag:daily_public,daily_public,1,0,0,0,winter_date
winter traveler,concert_stage,concert_stage,tag:leisure,leisure,1,0,0,0,winter_date
winter traveler,convenience_store,convenience_store,tag:retail_service,retail_service,1,0,0,0,winter_date
winter traveler,cozy_bookstore,cozy_bookstore,tag:retail_service,retail_service,1,0,0,0,winter_date
winter traveler,cozy_living_room,cozy_living_room,universal,,0,1,0,0,winter_date
winter traveler,neon_city_street,cyberpunk_street,tag:urban,urban,1,0,0,1,winter_date
winter traveler,drugstore_aisle,drugstore_aisle,tag:retail_service,retail_service,1,0,0,0,winter_date
winter traveler,family_restaurant,family_restaurant,tag:retail_service,retail_service,1,0,0,0,winter_date
winter traveler,fashion_boutique,fashion_boutique,tag:retail_service,retail_service,1,0,0,0,winter_date
winter traveler,ferry_terminal,ferry_terminal,tag:daily_public,daily_public,1,0,0,0,winter_date
winter traveler,fire_station,fire_station,tag:daily_public,daily_public,1,0,0,0,winter_date
winter traveler,fitness_gym,fitness_gym,tag:leisure,leisure,1,0,0,0,winter_date
winter traveler,flower_market,flower_market,tag:retail_service,retail_service,1,0,0,0,winter_date
winter traveler,food_court,food_court,tag:leisure,leisure,1,0,0,0,winter_date
winter traveler,game_arcade,game_arcade,tag:leisure,leisure,1,0,0,0,winter_date
winter traveler,greenhouse_nursery,greenhouse_nursery,tag:retail_service,retail_service,1,0,0,0,winter_date
winter traveler,illuminated_park,illuminated_park,tag:daily_public,daily_public,1,0,0,0,winter_date
winter traveler,karaoke_bar,karaoke_bar,tag:leisure,leisure,1,0,0,0,winter_date
winter traveler,local_market_street,local_market_street,tag:retail_service,retail_service,1,0,0,0,winter_date
winter traveler,luxury_hotel_lobby,luxury_hotel_lobby,tag:leisure,leisure,1,0,0,0,winter_date
winter traveler,luxury_hotel_room,luxury_hotel_room,tag:leisure,leisure,1,0,0,0,winter_date
winter traveler,mountain_resort,mountain_resort,tag:leisure,leisure,1,0,0,0,winter_date
winter traveler,museum_hall,museum_hall,tag:leisure,leisure,1,0,0,0,winter_date
winter traveler,neighborhood_crosswalk,neighborhood_crosswalk,tag:daily_public,daily_public,1,0,0,0,winter_date
winter traveler,neighborhood_playground,neighborhood_playground,tag:daily_public,daily_public,1,0,0,0,winter_date
winter traveler,observatory_dome,observatory_dome,tag:leisure,leisure,1,0,0,0,winter_date
winter traveler,opera_house,opera_house,tag:leisure,leisure,1,0,0,0,winter_date
winter traveler,picnic_park,picnic_park,tag:daily_public,daily_public,1,0,0,0,winter_date
winter traveler,poolside_resort,poolside_resort,tag:leisure,leisure,1,0,0,0,winter_date
winter traveler,postal_service_counter,postal_service_counter,tag:retail_service,retail_service,1,0,0,0,winter_date
winter traveler,print_shop,print_shop,tag:retail_service,retail_service,1,0,0,0,winter_date
winter traveler,public_library_lobby,public_library_lobby,tag:daily_public,daily_public,1,0,0,0,winter_date
winter traveler,public_plaza,public_plaza,tag:leisure,leisure,1,0,0,0,winter_date
winter traveler,rainy_bus_stop,rainy_alley,tag:daily_public,daily_public,1,0,0,1,winter_date
winter traveler,recording_studio,recording_studio,tag:leisure,leisure,1,0,0,0,winter_date
winter traveler,riverside_walk,riverside_walk,tag:daily_public,daily_public,1,0,0,0,winter_date
winter traveler,rooftop_cafe,rooftop_cafe,tag:leisure,leisure,1,0,0,0,winter_date
winter traveler,rural_town_street,rural_town_street,tag:daily_public,daily_public,1,0,0,0,winter_date
winter traveler,school_library,school_library,tag:daily_public,daily_public,1,0,0,0,winter_date
winter traveler,shopping_arcade,shopping_arcade,tag:retail_service,retail_service,1,0,0,0,winter_date
winter traveler,shopping_mall_atrium,shopping_mall_atrium,tag:retail_service,retail_service,1,0,0,0,winter_date
winter traveler,stadium_court,stadium_court,tag:leisure,leisure,1,0,0,0,winter_date
winter traveler,street_cafe,street_cafe,tag:retail_service,retail_service,1,0,0,0,winter_date
winter traveler,suburban_neighborhood,suburban_neighborhood,tag:daily_public,daily_public,1,0,0,0,winter_date
winter traveler,subway_ticket_gate,subway_ticket_gate,tag:urban,urban,1,0,0,0,winter_date
winter traveler,supermarket_aisle,supermarket_aisle,tag:retail_service,retail_service,1,0,0,0,winter_date
winter traveler,train_station_platform,train_station_platform,tag:urban,urban,1,0,0,0,winter_date
winter traveler,tram_platform,tram_platform,tag:daily_public,daily_public,1,0,0,0,winter_date
winter traveler,tropical_beach,tropical_beach,tag:leisure,leisure,1,0,0,0,winter_date
winter traveler,underground_bar,underground_bar,tag:leisure,leisure,1,0,0,0,winter_date
winter traveler,vehicle_repair_garage,vehicle_repair_garage,tag:urban,urban,1,0,0,0,winter_date
winter traveler,wave_barrel,wave_barrel,tag:leisure,leisure,1,0,0,0,winter_date
winter traveler,winter_street,winter_street,existing,,0,0,1,0,winter_date
winter traveler,yoga_studio,yoga_studio,tag:leisure,leisure,1,0,0,0,winter_date
yoga instructor,abandoned_shrine,abandoned_shrine,tag:nature,nature,1,0,0,0,gym_workout
yoga instructor,aquarium,aquarium,tag:leisure,leisure,1,0,0,0,gym_workout
yoga instructor,art_gallery,art_gallery,tag:leisure,leisure,1,0,0,0,gym_workout
yoga instructor,bamboo_forest,bamboo_forest,tag:nature,nature,1,0,0,0,gym_workout
yoga instructor,bedroom_boudoir,bedroom_boudoir,universal,,0,1,0,0,gym_workout
yoga instructor,bike_station,bike_station,tag:daily_public,daily_public,1,0,0,0,gym_workout
yoga instructor,botanical_garden,botanical_garden,tag:leisure,leisure,1,0,0,0,gym_workout
yoga instructor,bus_terminal,bus_terminal,tag:daily_public,daily_public,1,0,0,0,gym_workout
yoga instructor,canal_walkway,canal_walkway,tag:daily_public,daily_public,1,0,0,0,gym_workout
yoga instructor,cinema_lobby,cinema_lobby,tag:leisure,leisure,1,0,0,0,gym_workout
yoga instructor,clean_modern_kitchen,clean_modern_kitchen,universal,,0,1,0,0,gym_workout
yoga instructor,clinic_waiting_room,clinic_waiting_room,tag:daily_public,daily_public,1,0,0,0,gym_workout
yoga instructor,community_center,community_center,tag:daily_public,daily_public,1,0,0,0,gym_workout
yoga instructor,community_garden,community_garden,tag:nature,nature,1,0,0,0,gym_workout
yoga instructor,community_theater_backstage,community_theater_backstage,tag:leisure,leisure,1,0,0,0,gym_workout
yoga instructor,commuter_transport,commuter_transport,tag:daily_public,daily_public,1,0,0,0,gym_workout
yoga instructor,concert_stage,concert_stage,tag:leisure,leisure,1,0,0,0,gym_workout
yoga instructor,cozy_bookstore,cozy_bookstore,tag:daily_public,daily_public,1,0,0,0,gym_workout
yoga instructor,cozy_living_room,cozy_living_room,universal,,0,1,0,0,gym_workout
yoga instructor,enchanted_lake,enchanted_lake,tag:nature,nature,1,0,0,0,gym_workout
yoga instructor,fantasy_forest,fantasy_forest,tag:nature,nature,1,0,0,0,gym_workout
yoga instructor,ferry_terminal,ferry_terminal,tag:daily_public,daily_public,1,0,0,0,gym_workout
yoga instructor,fire_station,fire_station,tag:daily_public,daily_public,1,0,0,0,gym_workout
yoga instructor,fitness_gym,fitness_gym,tag:leisure,leisure,1,0,0,0,gym_workout
yoga instructor,flower_market,flower_market,tag:nature,nature,1,0,0,0,gym_workout
yoga instructor,food_court,food_court,tag:leisure,leisure,1,0,0,0,gym_workout
yoga instructor,forest_cabin,forest_cabin,tag:nature,nature,1,0,0,0,gym_workout
yoga instructor,game_arcade,game_arcade,tag:leisure,leisure,1,0,0,0,gym_workout
yoga instructor,greenhouse_nursery,greenhouse_nursery,tag:nature,nature,1,0,0,0,gym_workout
yoga instructor,illuminated_park,illuminated_park,tag:daily_public,daily_public,1,0,0,0,gym_workout
yoga instructor,japanese_garden,japanese_garden,tag:nature,nature,1,0,0,0,gym_workout
yoga instructor,karaoke_bar,karaoke_bar,tag:leisure,leisure,1,0,0,0,gym_workout
yoga instructor,local_market_street,local_market_street,tag:daily_public,daily_public,1,0,0,0,gym_workout
yoga instructor,luxury_hotel_lobby,luxury_hotel_lobby,tag:leisure,leisure,1,0,0,0,gym_workout
yoga instructor,luxury_hotel_room,luxury_hotel_room,tag:leisure,leisure,1,0,0,0,gym_workout
yoga instructor,mountain_resort,mountain_resort,tag:leisure,leisure,1,0,0,0,gym_workout
yoga instructor,museum_hall,museum_hall,tag:leisure,leisure,1,0,0,0,gym_workout
yoga instructor,neighborhood_crosswalk,neighborhood_crosswalk,tag:daily_public,daily_public,1,0,0,0,gym_workout
yoga instructor,neighborhood_playground,neighborhood_playground,tag:daily_public,daily_public,1,0,0,0,gym_workout
yoga instructor,observatory_dome,observatory_dome,tag:leisure,leisure,1,0,0,0,gym_workout
yoga instructor,opera_house,opera_house,tag:leisure,leisure,1,0,0,0,gym_workout
yoga instructor,picnic_park,picnic_park,tag:daily_public,daily_public,1,0,0,0,gym_workout
yoga instructor,poolside_resort,poolside_resort,tag:leisure,leisure,1,0,0,0,gym_workout
yoga instructor,postal_service_counter,postal_service_counter,tag:daily_public,daily_public,1,0,0,0,gym_workout
yoga instructor,public_library_lobby,public_library_lobby,tag:daily_public,daily_public,1,0,0,0,gym_workout
yoga instructor,public_plaza,public_plaza,tag:leisure,leisure,1,0,0,0,gym_workout
yoga instructor,rainy_bus_stop,rainy_alley,tag:daily_public,daily_public,1,0,0,1,gym_workout
yoga instructor,recording_studio,recording_studio,tag:leisure,leisure,1,0,0,0,gym_workout
yoga instructor,riverside_walk,riverside_walk,tag:daily_public,daily_public,1,0,0,0,gym_workout
yoga instructor,rooftop_cafe,rooftop_cafe,tag:leisure,leisure,1,0,0,0,gym_workout
yoga instructor,rural_town_street,rural_town_street,tag:daily_public,daily_public,1,0,0,0,gym_workout
yoga instructor,school_library,school_library,tag:daily_public,daily_public,1,0,0,0,gym_workout
yoga instructor,shinto_shrine,shinto_shrine,tag:nature,nature,1,0,0,0,gym_workout
yoga instructor,shopping_mall_atrium,shopping_mall_atrium,tag:daily_public,daily_public,1,0,0,0,gym_workout
yoga instructor,stadium_court,stadium_court,tag:leisure,leisure,1,0,0,0,gym_workout
yoga instructor,street_cafe,street_cafe,tag:daily_public,daily_public,1,0,0,0,gym_workout
yoga instructor,suburban_neighborhood,suburban_neighborhood,tag:daily_public,daily_public,1,0,0,0,gym_workout
yoga instructor,tram_platform,tram_platform,tag:daily_public,daily_public,1,0,0,0,gym_workout
yoga instructor,tropical_beach,tropical_beach,tag:leisure,leisure,1,0,0,0,gym_workout
yoga instructor,underground_bar,underground_bar,tag:leisure,leisure,1,0,0,0,gym_workout
yoga instructor,wave_barrel,wave_barrel,tag:leisure,leisure,1,0,0,0,gym_workout
yoga instructor,winter_street,winter_street,tag:daily_public,daily_public,1,0,0,0,gym_workout
yoga instructor,yoga_studio,yoga_studio,existing,,0,0,1,0,gym_workout
